Gene_ID,miRNA_ID,utr_pos
ARCN1,hsa-miR-10526-3p,87
ARCN1,hsa-miR-1184,1676
ARCN1,hsa-miR-1228-5p,575
ARCN1,hsa-miR-1229-5p,1151
ARCN1,hsa-miR-1236-3p,1696
ARCN1,hsa-miR-1245b-3p,786
ARCN1,hsa-miR-1248,2152
ARCN1,hsa-miR-1271-3p,771
ARCN1,hsa-miR-1285-3p,537
ARCN1,hsa-miR-1291,975
ARCN1,hsa-miR-1321,1250
ARCN1,hsa-miR-1587,1471
ARCN1,hsa-miR-15b-5p,1143
ARCN1,hsa-miR-182-5p,1334
ARCN1,hsa-miR-1827,448
ARCN1,hsa-miR-211-3p,1775
ARCN1,hsa-miR-2682-3p,1699
ARCN1,hsa-miR-2909,1356
ARCN1,hsa-miR-3064-5p,1607
ARCN1,hsa-miR-3074-5p,239
ARCN1,hsa-miR-3126-5p,1068
ARCN1,hsa-miR-3136-5p,768
ARCN1,hsa-miR-3147,1468
ARCN1,hsa-miR-3153,1517
ARCN1,hsa-miR-3156-3p,1693
ARCN1,hsa-miR-3187-5p,539
ARCN1,hsa-miR-3199,1064
ARCN1,hsa-miR-324-3p,1691
ARCN1,hsa-miR-33b-3p,774
ARCN1,hsa-miR-345-3p,1328
ARCN1,hsa-miR-346,1694
ARCN1,hsa-miR-3620-5p,1469
ARCN1,hsa-miR-3664-3p,557
ARCN1,hsa-miR-3689a-3p,588
ARCN1,hsa-miR-3689b-3p,588
ARCN1,hsa-miR-3689c,588
ARCN1,hsa-miR-3689d,1243
ARCN1,hsa-miR-3691-5p,1122
ARCN1,hsa-miR-3692-5p,233
ARCN1,hsa-miR-370-3p,234
ARCN1,hsa-miR-3929,449
ARCN1,hsa-miR-3934-3p,552
ARCN1,hsa-miR-433-5p,526
ARCN1,hsa-miR-4433b-5p,1942
ARCN1,hsa-miR-4446-5p,186
ARCN1,hsa-miR-4469,0
ARCN1,hsa-miR-4476,1508
ARCN1,hsa-miR-4478,455
ARCN1,hsa-miR-4481,1757
ARCN1,hsa-miR-4487,1615
ARCN1,hsa-miR-4494,1210
ARCN1,hsa-miR-4502,1272
ARCN1,hsa-miR-4523,1563
ARCN1,hsa-miR-4533,1458
ARCN1,hsa-miR-4646-3p,1944
ARCN1,hsa-miR-4652-5p,1277
ARCN1,hsa-miR-4656,1465
ARCN1,hsa-miR-4663,1613
ARCN1,hsa-miR-4695-5p,420
ARCN1,hsa-miR-4709-3p,1070
ARCN1,hsa-miR-4716-3p,1523
ARCN1,hsa-miR-4722-5p,435
ARCN1,hsa-miR-4739,1240
ARCN1,hsa-miR-4793-5p,2244
ARCN1,hsa-miR-497-5p,1144
ARCN1,hsa-miR-498-5p,1793
ARCN1,hsa-miR-5001-3p,1701
ARCN1,hsa-miR-5088-3p,1934
ARCN1,hsa-miR-5093,1580
ARCN1,hsa-miR-515-3p,1680
ARCN1,hsa-miR-5189-5p,537
ARCN1,hsa-miR-518c-5p,254
ARCN1,hsa-miR-5195-5p,1653
ARCN1,hsa-miR-541-3p,576
ARCN1,hsa-miR-550a-3-5p,776
ARCN1,hsa-miR-550a-5p,770
ARCN1,hsa-miR-551b-5p,848
ARCN1,hsa-miR-5683,783
ARCN1,hsa-miR-6081,631
ARCN1,hsa-miR-6086,414
ARCN1,hsa-miR-6088,951
ARCN1,hsa-miR-612,534
ARCN1,hsa-miR-6124,927
ARCN1,hsa-miR-6127,1250
ARCN1,hsa-miR-6129,1251
ARCN1,hsa-miR-6133,1250
ARCN1,hsa-miR-6134,581
ARCN1,hsa-miR-622,1260
ARCN1,hsa-miR-637,263
ARCN1,hsa-miR-6504-5p,1609
ARCN1,hsa-miR-658,410
ARCN1,hsa-miR-660-3p,1405
ARCN1,hsa-miR-661,536
ARCN1,hsa-miR-665,424
ARCN1,hsa-miR-6720-5p,377
ARCN1,hsa-miR-6736-3p,0
ARCN1,hsa-miR-6751-5p,137
ARCN1,hsa-miR-6752-5p,139
ARCN1,hsa-miR-6779-5p,590
ARCN1,hsa-miR-6780a-5p,585
ARCN1,hsa-miR-6781-3p,1699
ARCN1,hsa-miR-6791-3p,1370
ARCN1,hsa-miR-6794-5p,1524
ARCN1,hsa-miR-6799-5p,1246
ARCN1,hsa-miR-6803-5p,138
ARCN1,hsa-miR-6808-5p,439
ARCN1,hsa-miR-6810-5p,1488
ARCN1,hsa-miR-6824-5p,1872
ARCN1,hsa-miR-6833-5p,1912
ARCN1,hsa-miR-6840-3p,428
ARCN1,hsa-miR-6842-5p,138
ARCN1,hsa-miR-6847-3p,611
ARCN1,hsa-miR-6849-3p,541
ARCN1,hsa-miR-6851-5p,1240
ARCN1,hsa-miR-6854-5p,555
ARCN1,hsa-miR-6860,537
ARCN1,hsa-miR-6864-3p,359
ARCN1,hsa-miR-6884-5p,449
ARCN1,hsa-miR-6886-3p,1935
ARCN1,hsa-miR-6890-3p,1691
ARCN1,hsa-miR-6890-5p,1451
ARCN1,hsa-miR-6891-5p,1286
ARCN1,hsa-miR-6893-3p,232
ARCN1,hsa-miR-7108-5p,1206
ARCN1,hsa-miR-7110-5p,138
ARCN1,hsa-miR-7113-3p,1327
ARCN1,hsa-miR-7156-3p,1676
ARCN1,hsa-miR-7160-5p,448
ARCN1,hsa-miR-8052,1275
ARCN1,hsa-miR-877-3p,1698
ARCN1,hsa-miR-885-5p,2255
ARCN1,hsa-miR-92b-5p,1771
ARRDC3,hsa-miR-1263,1586
ARRDC3,hsa-miR-1271-3p,1036
ARRDC3,hsa-miR-1285-3p,96
ARRDC3,hsa-miR-138-5p,1039
ARRDC3,hsa-miR-146a-3p,73
ARRDC3,hsa-miR-3065-3p,2540
ARRDC3,hsa-miR-325,537
ARRDC3,hsa-miR-4446-5p,1135
ARRDC3,hsa-miR-449c-5p,793
ARRDC3,hsa-miR-4667-3p,1135
ARRDC3,hsa-miR-4687-5p,1054
ARRDC3,hsa-miR-4709-3p,563
ARRDC3,hsa-miR-4753-5p,1835
ARRDC3,hsa-miR-498-3p,1772
ARRDC3,hsa-miR-498-5p,175
ARRDC3,hsa-miR-5007-5p,388
ARRDC3,hsa-miR-507,1212
ARRDC3,hsa-miR-513a-3p,925
ARRDC3,hsa-miR-513c-3p,925
ARRDC3,hsa-miR-5193,694
ARRDC3,hsa-miR-520f-5p,2325
ARRDC3,hsa-miR-548aj-5p,89
ARRDC3,hsa-miR-548g-5p,89
ARRDC3,hsa-miR-548j-5p,85
ARRDC3,hsa-miR-548x-5p,89
ARRDC3,hsa-miR-612,89
ARRDC3,hsa-miR-642a-5p,272
ARRDC3,hsa-miR-6734-5p,2026
ARRDC3,hsa-miR-6757-3p,1901
ARRDC3,hsa-miR-6796-5p,1729
ARRDC3,hsa-miR-6827-5p,1951
ARRDC3,hsa-miR-6881-3p,689
ARRDC3,hsa-miR-6894-3p,1036
ARRDC3,hsa-miR-7161-3p,172
ARRDC3,hsa-miR-942-5p,47
BLMH,hsa-miR-103a-3p,417
BLMH,hsa-miR-107,417
BLMH,hsa-miR-12127,121
BLMH,hsa-miR-144-5p,730
BLMH,hsa-miR-2355-5p,705
BLMH,hsa-miR-298,687
BLMH,hsa-miR-29a-3p,756
BLMH,hsa-miR-29b-3p,755
BLMH,hsa-miR-29c-3p,756
BLMH,hsa-miR-3065-3p,757
BLMH,hsa-miR-3135b,0
BLMH,hsa-miR-3192-3p,525
BLMH,hsa-miR-3670,400
BLMH,hsa-miR-3679-3p,182
BLMH,hsa-miR-3692-3p,695
BLMH,hsa-miR-424-5p,425
BLMH,hsa-miR-4308,47
BLMH,hsa-miR-4469,385
BLMH,hsa-miR-4476,544
BLMH,hsa-miR-4487,2
BLMH,hsa-miR-4533,4
BLMH,hsa-miR-4639-5p,236
BLMH,hsa-miR-4717-5p,394
BLMH,hsa-miR-4756-3p,573
BLMH,hsa-miR-5047,29
BLMH,hsa-miR-5190,458
BLMH,hsa-miR-5192,207
BLMH,hsa-miR-5704,393
BLMH,hsa-miR-584-3p,411
BLMH,hsa-miR-6088,216
BLMH,hsa-miR-623,70
BLMH,hsa-miR-6511a-5p,690
BLMH,hsa-miR-6753-3p,348
BLMH,hsa-miR-6774-5p,500
BLMH,hsa-miR-6817-5p,450
BLMH,hsa-miR-6818-3p,602
BLMH,hsa-miR-6819-3p,599
BLMH,hsa-miR-6833-3p,340
BLMH,hsa-miR-6858-5p,208
BLMH,hsa-miR-6862-3p,612
BLMH,hsa-miR-6865-3p,386
BLMH,hsa-miR-6876-5p,542
BLMH,hsa-miR-6880-5p,111
BLMH,hsa-miR-6891-5p,4
BLMH,hsa-miR-7107-3p,346
BLMH,hsa-miR-7156-5p,620
BLMH,hsa-miR-766-5p,5
BLMH,hsa-miR-767-5p,753
BLMH,hsa-miR-892a,94
BLMH,hsa-miR-943,95
CCDC43,hsa-miR-1178-3p,901
CCDC43,hsa-miR-1321,349
CCDC43,hsa-miR-145-5p,761
CCDC43,hsa-miR-149-3p,348
CCDC43,hsa-miR-1972,1194
CCDC43,hsa-miR-199a-3p,1059
CCDC43,hsa-miR-199b-3p,1059
CCDC43,hsa-miR-2682-3p,443
CCDC43,hsa-miR-3129-5p,1059
CCDC43,hsa-miR-3153,0
CCDC43,hsa-miR-362-5p,641
CCDC43,hsa-miR-3677-5p,256
CCDC43,hsa-miR-3926,255
CCDC43,hsa-miR-4270,351
CCDC43,hsa-miR-4433b-3p,1331
CCDC43,hsa-miR-4441,355
CCDC43,hsa-miR-4494,1090
CCDC43,hsa-miR-450a-1-3p,75
CCDC43,hsa-miR-4516,969
CCDC43,hsa-miR-4518,345
CCDC43,hsa-miR-4691-5p,1196
CCDC43,hsa-miR-4710,281
CCDC43,hsa-miR-4756-3p,1215
CCDC43,hsa-miR-4796-3p,253
CCDC43,hsa-miR-519e-5p,758
CCDC43,hsa-miR-532-3p,564
CCDC43,hsa-miR-552-5p,1277
CCDC43,hsa-miR-6071,984
CCDC43,hsa-miR-625-5p,7
CCDC43,hsa-miR-663b,216
CCDC43,hsa-miR-6754-5p,346
CCDC43,hsa-miR-6785-5p,348
CCDC43,hsa-miR-6792-3p,1199
CCDC43,hsa-miR-6795-5p,2
CCDC43,hsa-miR-6815-5p,215
CCDC43,hsa-miR-6824-5p,91
CCDC43,hsa-miR-6883-5p,346
CCDC43,hsa-miR-6887-5p,3
CCDC43,hsa-miR-7161-3p,195
CEP350,hsa-miR-1207-5p,1360
CEP350,hsa-miR-122-5p,1650
CEP350,hsa-miR-1249-5p,1606
CEP350,hsa-miR-1265,2007
CEP350,hsa-miR-1295b-3p,2978
CEP350,hsa-miR-1910-3p,34
CEP350,hsa-miR-198,80
CEP350,hsa-miR-205-3p,2187
CEP350,hsa-miR-219b-3p,3271
CEP350,hsa-miR-2276-3p,1252
CEP350,hsa-miR-2276-5p,257
CEP350,hsa-miR-3064-3p,2259
CEP350,hsa-miR-3125,2632
CEP350,hsa-miR-3153,863
CEP350,hsa-miR-3159,220
CEP350,hsa-miR-3162-5p,2589
CEP350,hsa-miR-3169,1386
CEP350,hsa-miR-3183,331
CEP350,hsa-miR-3192-5p,770
CEP350,hsa-miR-324-3p,1203
CEP350,hsa-miR-325,244
CEP350,hsa-miR-326,257
CEP350,hsa-miR-328-3p,260
CEP350,hsa-miR-330-5p,249
CEP350,hsa-miR-3614-5p,545
CEP350,hsa-miR-3646,496
CEP350,hsa-miR-3907,592
CEP350,hsa-miR-4293,564
CEP350,hsa-miR-4294,2291
CEP350,hsa-miR-4309,1309
CEP350,hsa-miR-4314,258
CEP350,hsa-miR-4433a-3p,732
CEP350,hsa-miR-4436b-5p,824
CEP350,hsa-miR-4490,1808
CEP350,hsa-miR-4516,2592
CEP350,hsa-miR-4695-5p,37
CEP350,hsa-miR-4700-3p,1385
CEP350,hsa-miR-4709-3p,1397
CEP350,hsa-miR-4717-5p,2977
CEP350,hsa-miR-4722-5p,734
CEP350,hsa-miR-4731-3p,3440
CEP350,hsa-miR-4740-5p,1386
CEP350,hsa-miR-4763-3p,1353
CEP350,hsa-miR-4776-3p,815
CEP350,hsa-miR-486-5p,2781
CEP350,hsa-miR-497-3p,3570
CEP350,hsa-miR-5000-3p,2277
CEP350,hsa-miR-5001-3p,2334
CEP350,hsa-miR-5003-5p,2972
CEP350,hsa-miR-548az-5p,357
CEP350,hsa-miR-5585-3p,1032
CEP350,hsa-miR-5589-5p,2497
CEP350,hsa-miR-5680,1813
CEP350,hsa-miR-574-5p,1646
CEP350,hsa-miR-5787,2499
CEP350,hsa-miR-588,1939
CEP350,hsa-miR-640,2347
CEP350,hsa-miR-650,38
CEP350,hsa-miR-6511a-5p,31
CEP350,hsa-miR-6515-5p,1604
CEP350,hsa-miR-659-5p,1461
CEP350,hsa-miR-6732-3p,204
CEP350,hsa-miR-6747-5p,237
CEP350,hsa-miR-6760-5p,2588
CEP350,hsa-miR-6772-5p,48
CEP350,hsa-miR-6782-5p,239
CEP350,hsa-miR-6789-5p,667
CEP350,hsa-miR-6797-5p,1603
CEP350,hsa-miR-6799-3p,702
CEP350,hsa-miR-6804-5p,2598
CEP350,hsa-miR-6808-5p,1358
CEP350,hsa-miR-6840-3p,25
CEP350,hsa-miR-6844,659
CEP350,hsa-miR-6856-5p,1247
CEP350,hsa-miR-6871-5p,860
CEP350,hsa-miR-6872-3p,814
CEP350,hsa-miR-6873-5p,2565
CEP350,hsa-miR-6875-5p,1397
CEP350,hsa-miR-6893-5p,1361
CEP350,hsa-miR-7110-3p,332
CEP350,hsa-miR-7845-5p,1394
CEP350,hsa-miR-8075,2649
CEP350,hsa-miR-887-3p,1378
CEP350,hsa-miR-940,1359
CYB561D1,hsa-let-7a-5p,4066
CYB561D1,hsa-let-7b-5p,4063
CYB561D1,hsa-let-7c-5p,4065
CYB561D1,hsa-let-7e-5p,4066
CYB561D1,hsa-miR-10394-5p,3996
CYB561D1,hsa-miR-10398-3p,1515
CYB561D1,hsa-miR-10523-5p,1698
CYB561D1,hsa-miR-11181-3p,1952
CYB561D1,hsa-miR-11400,1996
CYB561D1,hsa-miR-1184,881
CYB561D1,hsa-miR-1199-5p,968
CYB561D1,hsa-miR-1207-3p,1169
CYB561D1,hsa-miR-12118,3557
CYB561D1,hsa-miR-12127,3166
CYB561D1,hsa-miR-1226-3p,1968
CYB561D1,hsa-miR-1226-5p,2287
CYB561D1,hsa-miR-1249-5p,897
CYB561D1,hsa-miR-125a-3p,1777
CYB561D1,hsa-miR-1265,2295
CYB561D1,hsa-miR-127-3p,868
CYB561D1,hsa-miR-127-5p,3502
CYB561D1,hsa-miR-1271-3p,689
CYB561D1,hsa-miR-1273h-5p,1954
CYB561D1,hsa-miR-128-3p,698
CYB561D1,hsa-miR-1287-5p,3246
CYB561D1,hsa-miR-1291,879
CYB561D1,hsa-miR-1293,1204
CYB561D1,hsa-miR-1295b-5p,3870
CYB561D1,hsa-miR-1301-3p,2380
CYB561D1,hsa-miR-1343-3p,1436
CYB561D1,hsa-miR-138-5p,1884
CYB561D1,hsa-miR-146b-3p,682
CYB561D1,hsa-miR-149-3p,902
CYB561D1,hsa-miR-149-5p,1349
CYB561D1,hsa-miR-15a-5p,1362
CYB561D1,hsa-miR-15b-5p,1362
CYB561D1,hsa-miR-16-5p,1366
CYB561D1,hsa-miR-17-3p,107
CYB561D1,hsa-miR-1825,2156
CYB561D1,hsa-miR-1827,3204
CYB561D1,hsa-miR-184,4016
CYB561D1,hsa-miR-185-5p,2975
CYB561D1,hsa-miR-188-3p,3403
CYB561D1,hsa-miR-18a-3p,1577
CYB561D1,hsa-miR-1909-3p,1662
CYB561D1,hsa-miR-1910-3p,3174
CYB561D1,hsa-miR-1910-5p,1265
CYB561D1,hsa-miR-1913,1037
CYB561D1,hsa-miR-1914-3p,1084
CYB561D1,hsa-miR-1914-5p,680
CYB561D1,hsa-miR-1915-3p,2046
CYB561D1,hsa-miR-195-5p,1364
CYB561D1,hsa-miR-196b-3p,2093
CYB561D1,hsa-miR-1976,783
CYB561D1,hsa-miR-19a-3p,2635
CYB561D1,hsa-miR-19b-3p,2635
CYB561D1,hsa-miR-203b-5p,567
CYB561D1,hsa-miR-204-3p,1128
CYB561D1,hsa-miR-210-5p,1444
CYB561D1,hsa-miR-2110,1234
CYB561D1,hsa-miR-2114-3p,1840
CYB561D1,hsa-miR-2114-5p,710
CYB561D1,hsa-miR-2116-3p,2883
CYB561D1,hsa-miR-212-5p,1023
CYB561D1,hsa-miR-2276-3p,3520
CYB561D1,hsa-miR-2276-5p,1676
CYB561D1,hsa-miR-2355-5p,2903
CYB561D1,hsa-miR-2392,2418
CYB561D1,hsa-miR-24-3p,1347
CYB561D1,hsa-miR-2467-3p,3168
CYB561D1,hsa-miR-26a-5p,210
CYB561D1,hsa-miR-26b-5p,211
CYB561D1,hsa-miR-296-5p,2086
CYB561D1,hsa-miR-30b-3p,1950
CYB561D1,hsa-miR-30c-1-3p,545
CYB561D1,hsa-miR-3127-3p,2051
CYB561D1,hsa-miR-3135b,2350
CYB561D1,hsa-miR-3144-5p,3875
CYB561D1,hsa-miR-3150a-3p,2979
CYB561D1,hsa-miR-3150b-3p,1808
CYB561D1,hsa-miR-3154,953
CYB561D1,hsa-miR-3173-5p,885
CYB561D1,hsa-miR-3174,3013
CYB561D1,hsa-miR-3175,2978
CYB561D1,hsa-miR-3188,210
CYB561D1,hsa-miR-3190-3p,3049
CYB561D1,hsa-miR-3192-5p,1950
CYB561D1,hsa-miR-3202,3006
CYB561D1,hsa-miR-324-3p,3138
CYB561D1,hsa-miR-328-3p,1870
CYB561D1,hsa-miR-33b-3p,690
CYB561D1,hsa-miR-342-5p,3837
CYB561D1,hsa-miR-345-5p,3530
CYB561D1,hsa-miR-3605-5p,2414
CYB561D1,hsa-miR-361-3p,1618
CYB561D1,hsa-miR-3612,1943
CYB561D1,hsa-miR-3614-3p,810
CYB561D1,hsa-miR-3616-3p,2289
CYB561D1,hsa-miR-3620-5p,846
CYB561D1,hsa-miR-3622a-3p,716
CYB561D1,hsa-miR-3622a-5p,3368
CYB561D1,hsa-miR-3622b-3p,717
CYB561D1,hsa-miR-3664-5p,228
CYB561D1,hsa-miR-3667-3p,2052
CYB561D1,hsa-miR-3681-3p,696
CYB561D1,hsa-miR-3689a-3p,1949
CYB561D1,hsa-miR-3689b-3p,1950
CYB561D1,hsa-miR-3689c,1950
CYB561D1,hsa-miR-3689d,2432
CYB561D1,hsa-miR-3690,99
CYB561D1,hsa-miR-3692-3p,697
CYB561D1,hsa-miR-3692-5p,2108
CYB561D1,hsa-miR-370-3p,2112
CYB561D1,hsa-miR-371b-3p,3659
CYB561D1,hsa-miR-378a-5p,3610
CYB561D1,hsa-miR-378g,832
CYB561D1,hsa-miR-383-3p,1362
CYB561D1,hsa-miR-3913-3p,2026
CYB561D1,hsa-miR-3938,2188
CYB561D1,hsa-miR-3940-3p,869
CYB561D1,hsa-miR-3943,1148
CYB561D1,hsa-miR-423-5p,1613
CYB561D1,hsa-miR-4252,2367
CYB561D1,hsa-miR-4254,1632
CYB561D1,hsa-miR-4268,2211
CYB561D1,hsa-miR-4270,2534
CYB561D1,hsa-miR-4271,3552
CYB561D1,hsa-miR-4283,2858
CYB561D1,hsa-miR-4286,1039
CYB561D1,hsa-miR-4290,786
CYB561D1,hsa-miR-4297,3593
CYB561D1,hsa-miR-4313,1148
CYB561D1,hsa-miR-4316,2923
CYB561D1,hsa-miR-4323,1761
CYB561D1,hsa-miR-4327,3886
CYB561D1,hsa-miR-4418,2186
CYB561D1,hsa-miR-4433a-3p,3794
CYB561D1,hsa-miR-4433a-5p,10
CYB561D1,hsa-miR-4436b-3p,2289
CYB561D1,hsa-miR-4437,2854
CYB561D1,hsa-miR-4446-3p,2040
CYB561D1,hsa-miR-4448,932
CYB561D1,hsa-miR-4466,2431
CYB561D1,hsa-miR-4476,495
CYB561D1,hsa-miR-4478,3211
CYB561D1,hsa-miR-4480,2467
CYB561D1,hsa-miR-4483,1211
CYB561D1,hsa-miR-4487,1135
CYB561D1,hsa-miR-4505,2043
CYB561D1,hsa-miR-4510,901
CYB561D1,hsa-miR-4514,1936
CYB561D1,hsa-miR-451b,267
CYB561D1,hsa-miR-4524a-3p,1688
CYB561D1,hsa-miR-4524a-5p,3620
CYB561D1,hsa-miR-4524b-3p,1689
CYB561D1,hsa-miR-4524b-5p,3621
CYB561D1,hsa-miR-4533,3557
CYB561D1,hsa-miR-4534,2281
CYB561D1,hsa-miR-4632-5p,1246
CYB561D1,hsa-miR-4640-3p,582
CYB561D1,hsa-miR-4640-5p,3020
CYB561D1,hsa-miR-4646-5p,1123
CYB561D1,hsa-miR-4650-3p,1850
CYB561D1,hsa-miR-4651,1208
CYB561D1,hsa-miR-4656,851
CYB561D1,hsa-miR-4664-5p,3836
CYB561D1,hsa-miR-4667-3p,786
CYB561D1,hsa-miR-4682,1736
CYB561D1,hsa-miR-4685-5p,2040
CYB561D1,hsa-miR-4687-5p,876
CYB561D1,hsa-miR-4688,1611
CYB561D1,hsa-miR-4689,2473
CYB561D1,hsa-miR-4690-3p,822
CYB561D1,hsa-miR-4695-5p,1945
CYB561D1,hsa-miR-4706,2421
CYB561D1,hsa-miR-4707-3p,1974
CYB561D1,hsa-miR-4708-5p,944
CYB561D1,hsa-miR-4710,3547
CYB561D1,hsa-miR-4712-5p,168
CYB561D1,hsa-miR-4715-3p,3752
CYB561D1,hsa-miR-4716-3p,3551
CYB561D1,hsa-miR-4721,3542
CYB561D1,hsa-miR-4722-3p,3759
CYB561D1,hsa-miR-4722-5p,2159
CYB561D1,hsa-miR-4723-3p,2142
CYB561D1,hsa-miR-4723-5p,902
CYB561D1,hsa-miR-4725-3p,3551
CYB561D1,hsa-miR-4726-5p,3020
CYB561D1,hsa-miR-4727-5p,3145
CYB561D1,hsa-miR-4728-5p,902
CYB561D1,hsa-miR-4731-3p,267
CYB561D1,hsa-miR-4731-5p,2090
CYB561D1,hsa-miR-4738-5p,1416
CYB561D1,hsa-miR-4739,1702
CYB561D1,hsa-miR-4747-5p,3546
CYB561D1,hsa-miR-4749-5p,2425
CYB561D1,hsa-miR-4750-3p,685
CYB561D1,hsa-miR-4751,1503
CYB561D1,hsa-miR-4758-3p,1034
CYB561D1,hsa-miR-4763-5p,1986
CYB561D1,hsa-miR-4776-5p,1136
CYB561D1,hsa-miR-4779,1706
CYB561D1,hsa-miR-4784,1811
CYB561D1,hsa-miR-4787-5p,3057
CYB561D1,hsa-miR-4793-3p,3139
CYB561D1,hsa-miR-483-5p,2825
CYB561D1,hsa-miR-484,193
CYB561D1,hsa-miR-488-5p,2898
CYB561D1,hsa-miR-492,1498
CYB561D1,hsa-miR-497-5p,1363
CYB561D1,hsa-miR-5001-5p,2037
CYB561D1,hsa-miR-5003-5p,4080
CYB561D1,hsa-miR-5006-5p,2226
CYB561D1,hsa-miR-5008-5p,2968
CYB561D1,hsa-miR-505-5p,2371
CYB561D1,hsa-miR-508-5p,3134
CYB561D1,hsa-miR-5088-3p,705
CYB561D1,hsa-miR-5088-5p,2211
CYB561D1,hsa-miR-509-5p,2185
CYB561D1,hsa-miR-512-5p,1152
CYB561D1,hsa-miR-515-3p,692
CYB561D1,hsa-miR-515-5p,767
CYB561D1,hsa-miR-516a-3p,2486
CYB561D1,hsa-miR-516b-3p,2486
CYB561D1,hsa-miR-516b-5p,1197
CYB561D1,hsa-miR-5189-3p,3938
CYB561D1,hsa-miR-518c-5p,1198
CYB561D1,hsa-miR-5193,2147
CYB561D1,hsa-miR-5194,2840
CYB561D1,hsa-miR-5196-5p,3551
CYB561D1,hsa-miR-519e-3p,745
CYB561D1,hsa-miR-549a-3p,1117
CYB561D1,hsa-miR-550a-5p,691
CYB561D1,hsa-miR-5581-3p,1764
CYB561D1,hsa-miR-5586-3p,3119
CYB561D1,hsa-miR-564,3367
CYB561D1,hsa-miR-5685,822
CYB561D1,hsa-miR-5689,3733
CYB561D1,hsa-miR-5691,2136
CYB561D1,hsa-miR-5697,211
CYB561D1,hsa-miR-5698,905
CYB561D1,hsa-miR-5739,1512
CYB561D1,hsa-miR-5787,2041
CYB561D1,hsa-miR-583,1809
CYB561D1,hsa-miR-593-5p,1156
CYB561D1,hsa-miR-596,2999
CYB561D1,hsa-miR-6069,827
CYB561D1,hsa-miR-6077,1126
CYB561D1,hsa-miR-608,1204
CYB561D1,hsa-miR-6088,1121
CYB561D1,hsa-miR-6089,3329
CYB561D1,hsa-miR-6090,902
CYB561D1,hsa-miR-6124,2266
CYB561D1,hsa-miR-6125,3010
CYB561D1,hsa-miR-6127,903
CYB561D1,hsa-miR-6131,2112
CYB561D1,hsa-miR-6133,1709
CYB561D1,hsa-miR-650,1947
CYB561D1,hsa-miR-6510-5p,1663
CYB561D1,hsa-miR-6511a-3p,1256
CYB561D1,hsa-miR-6511b-3p,1255
CYB561D1,hsa-miR-6512-3p,1183
CYB561D1,hsa-miR-6515-5p,2273
CYB561D1,hsa-miR-6529-3p,2132
CYB561D1,hsa-miR-6529-5p,3509
CYB561D1,hsa-miR-657,3996
CYB561D1,hsa-miR-658,2406
CYB561D1,hsa-miR-661,932
CYB561D1,hsa-miR-664a-5p,3372
CYB561D1,hsa-miR-6715b-3p,4086
CYB561D1,hsa-miR-6720-5p,1181
CYB561D1,hsa-miR-6721-5p,2288
CYB561D1,hsa-miR-6722-3p,1662
CYB561D1,hsa-miR-6727-3p,3761
CYB561D1,hsa-miR-6728-3p,2137
CYB561D1,hsa-miR-6731-3p,2196
CYB561D1,hsa-miR-6731-5p,544
CYB561D1,hsa-miR-6734-3p,3597
CYB561D1,hsa-miR-6735-5p,627
CYB561D1,hsa-miR-6738-3p,1582
CYB561D1,hsa-miR-6738-5p,1081
CYB561D1,hsa-miR-6745,3057
CYB561D1,hsa-miR-6749-3p,2049
CYB561D1,hsa-miR-675-5p,2428
CYB561D1,hsa-miR-6750-5p,2398
CYB561D1,hsa-miR-6752-3p,1040
CYB561D1,hsa-miR-6752-5p,3057
CYB561D1,hsa-miR-6754-5p,2532
CYB561D1,hsa-miR-6756-3p,2055
CYB561D1,hsa-miR-6756-5p,2981
CYB561D1,hsa-miR-6757-5p,3028
CYB561D1,hsa-miR-6758-5p,2970
CYB561D1,hsa-miR-6760-5p,2272
CYB561D1,hsa-miR-6761-5p,3674
CYB561D1,hsa-miR-6763-5p,2982
CYB561D1,hsa-miR-6764-5p,2045
CYB561D1,hsa-miR-6765-3p,1955
CYB561D1,hsa-miR-6767-3p,3233
CYB561D1,hsa-miR-6769b-3p,2143
CYB561D1,hsa-miR-6770-3p,3128
CYB561D1,hsa-miR-6771-5p,3212
CYB561D1,hsa-miR-6772-3p,1436
CYB561D1,hsa-miR-6775-3p,883
CYB561D1,hsa-miR-6778-3p,3902
CYB561D1,hsa-miR-6779-3p,1042
CYB561D1,hsa-miR-6779-5p,1950
CYB561D1,hsa-miR-6780a-5p,1951
CYB561D1,hsa-miR-6780b-5p,3552
CYB561D1,hsa-miR-6782-5p,2834
CYB561D1,hsa-miR-6783-3p,1435
CYB561D1,hsa-miR-6785-5p,902
CYB561D1,hsa-miR-6788-5p,547
CYB561D1,hsa-miR-6792-3p,2497
CYB561D1,hsa-miR-6792-5p,2167
CYB561D1,hsa-miR-6794-5p,2258
CYB561D1,hsa-miR-6797-5p,898
CYB561D1,hsa-miR-6798-3p,586
CYB561D1,hsa-miR-6799-3p,887
CYB561D1,hsa-miR-6799-5p,2435
CYB561D1,hsa-miR-6801-3p,1443
CYB561D1,hsa-miR-6801-5p,2103
CYB561D1,hsa-miR-6805-3p,2135
CYB561D1,hsa-miR-6808-5p,1929
CYB561D1,hsa-miR-6810-3p,1443
CYB561D1,hsa-miR-6820-5p,1855
CYB561D1,hsa-miR-6822-5p,2400
CYB561D1,hsa-miR-6825-5p,902
CYB561D1,hsa-miR-6827-5p,2370
CYB561D1,hsa-miR-6828-3p,2141
CYB561D1,hsa-miR-6833-3p,4099
CYB561D1,hsa-miR-6837-5p,2048
CYB561D1,hsa-miR-6840-3p,1619
CYB561D1,hsa-miR-6842-5p,3056
CYB561D1,hsa-miR-6846-5p,2820
CYB561D1,hsa-miR-6847-5p,2417
CYB561D1,hsa-miR-6848-5p,2819
CYB561D1,hsa-miR-6850-5p,3009
CYB561D1,hsa-miR-6851-5p,2428
CYB561D1,hsa-miR-6852-5p,937
CYB561D1,hsa-miR-6856-5p,2973
CYB561D1,hsa-miR-6858-3p,815
CYB561D1,hsa-miR-6859-3p,688
CYB561D1,hsa-miR-6864-5p,637
CYB561D1,hsa-miR-6866-5p,206
CYB561D1,hsa-miR-6870-5p,909
CYB561D1,hsa-miR-6871-3p,2603
CYB561D1,hsa-miR-6876-5p,3559
CYB561D1,hsa-miR-6879-5p,1247
CYB561D1,hsa-miR-6883-5p,903
CYB561D1,hsa-miR-6884-3p,185
CYB561D1,hsa-miR-6884-5p,3205
CYB561D1,hsa-miR-6886-5p,1781
CYB561D1,hsa-miR-6889-3p,2134
CYB561D1,hsa-miR-6891-5p,3555
CYB561D1,hsa-miR-6892-5p,2434
CYB561D1,hsa-miR-6893-5p,1932
CYB561D1,hsa-miR-6894-5p,3416
CYB561D1,hsa-miR-7106-5p,1949
CYB561D1,hsa-miR-7107-5p,2230
CYB561D1,hsa-miR-7108-3p,1981
CYB561D1,hsa-miR-7109-3p,3903
CYB561D1,hsa-miR-711,3872
CYB561D1,hsa-miR-7110-3p,363
CYB561D1,hsa-miR-7110-5p,3056
CYB561D1,hsa-miR-7111-3p,2143
CYB561D1,hsa-miR-7111-5p,904
CYB561D1,hsa-miR-7113-3p,3902
CYB561D1,hsa-miR-7156-3p,880
CYB561D1,hsa-miR-7160-5p,2475
CYB561D1,hsa-miR-7161-3p,830
CYB561D1,hsa-miR-762,2040
CYB561D1,hsa-miR-766-3p,1421
CYB561D1,hsa-miR-766-5p,2348
CYB561D1,hsa-miR-7703,3138
CYB561D1,hsa-miR-7843-5p,632
CYB561D1,hsa-miR-7851-3p,1956
CYB561D1,hsa-miR-7974,1823
CYB561D1,hsa-miR-7977,3995
CYB561D1,hsa-miR-8059,1433
CYB561D1,hsa-miR-8073,675
CYB561D1,hsa-miR-8085,545
CYB561D1,hsa-miR-8089,1237
CYB561D1,hsa-miR-874-3p,678
CYB561D1,hsa-miR-874-5p,3488
CYB561D1,hsa-miR-889-5p,2319
CYB561D1,hsa-miR-891a-3p,3237
CYB561D1,hsa-miR-892a,3729
CYB561D1,hsa-miR-92a-2-5p,2981
CYB561D1,hsa-miR-92b-5p,4013
CYB561D1,hsa-miR-940,3200
CYB561D1,hsa-miR-9500,1091
CYB561D1,hsa-miR-9851-3p,1161
CYB561D1,hsa-miR-9851-5p,2961
CYB561D1,hsa-miR-9902,3867
ESYT1,hsa-miR-10226,390
ESYT1,hsa-miR-11399,207
ESYT1,hsa-miR-1224-5p,501
ESYT1,hsa-miR-1226-3p,630
ESYT1,hsa-miR-1291,664
ESYT1,hsa-miR-1304-5p,40
ESYT1,hsa-miR-1915-3p,197
ESYT1,hsa-miR-193b-3p,537
ESYT1,hsa-miR-1973,171
ESYT1,hsa-miR-214-5p,407
ESYT1,hsa-miR-2467-5p,432
ESYT1,hsa-miR-28-5p,620
ESYT1,hsa-miR-2861,116
ESYT1,hsa-miR-296-3p,505
ESYT1,hsa-miR-3139,622
ESYT1,hsa-miR-3155a,85
ESYT1,hsa-miR-3155b,88
ESYT1,hsa-miR-3173-5p,667
ESYT1,hsa-miR-3174,704
ESYT1,hsa-miR-3185,374
ESYT1,hsa-miR-3190-5p,291
ESYT1,hsa-miR-3194-3p,78
ESYT1,hsa-miR-3202,249
ESYT1,hsa-miR-324-3p,306
ESYT1,hsa-miR-328-3p,671
ESYT1,hsa-miR-330-3p,223
ESYT1,hsa-miR-3609,556
ESYT1,hsa-miR-3691-3p,656
ESYT1,hsa-miR-3934-3p,209
ESYT1,hsa-miR-4252,296
ESYT1,hsa-miR-4259,257
ESYT1,hsa-miR-4269,279
ESYT1,hsa-miR-4433b-5p,659
ESYT1,hsa-miR-4435,287
ESYT1,hsa-miR-4436a,507
ESYT1,hsa-miR-4443,598
ESYT1,hsa-miR-4446-3p,98
ESYT1,hsa-miR-4505,1
ESYT1,hsa-miR-4534,39
ESYT1,hsa-miR-4656,95
ESYT1,hsa-miR-4673,284
ESYT1,hsa-miR-4687-5p,643
ESYT1,hsa-miR-4689,264
ESYT1,hsa-miR-4691-5p,650
ESYT1,hsa-miR-4742-5p,132
ESYT1,hsa-miR-4747-3p,126
ESYT1,hsa-miR-4755-3p,285
ESYT1,hsa-miR-484,84
ESYT1,hsa-miR-5092,578
ESYT1,hsa-miR-512-3p,299
ESYT1,hsa-miR-519d-5p,652
ESYT1,hsa-miR-5787,0
ESYT1,hsa-miR-598-5p,39
ESYT1,hsa-miR-6506-3p,627
ESYT1,hsa-miR-6511b-5p,232
ESYT1,hsa-miR-6748-3p,407
ESYT1,hsa-miR-6750-5p,158
ESYT1,hsa-miR-6760-5p,244
ESYT1,hsa-miR-6764-5p,195
ESYT1,hsa-miR-6765-5p,42
ESYT1,hsa-miR-6768-3p,123
ESYT1,hsa-miR-6774-5p,679
ESYT1,hsa-miR-6775-3p,670
ESYT1,hsa-miR-6779-5p,255
ESYT1,hsa-miR-6780a-5p,252
ESYT1,hsa-miR-6792-3p,651
ESYT1,hsa-miR-6799-3p,671
ESYT1,hsa-miR-6800-5p,104
ESYT1,hsa-miR-6808-5p,20
ESYT1,hsa-miR-6810-5p,490
ESYT1,hsa-miR-6823-5p,507
ESYT1,hsa-miR-6854-5p,208
ESYT1,hsa-miR-6858-3p,212
ESYT1,hsa-miR-6858-5p,261
ESYT1,hsa-miR-6864-5p,89
ESYT1,hsa-miR-6869-5p,584
ESYT1,hsa-miR-6876-5p,245
ESYT1,hsa-miR-6892-3p,642
ESYT1,hsa-miR-6893-3p,664
ESYT1,hsa-miR-6893-5p,19
ESYT1,hsa-miR-7106-5p,255
ESYT1,hsa-miR-7108-3p,202
ESYT1,hsa-miR-8082,36
ESYT1,hsa-miR-873-3p,546
ESYT1,hsa-miR-874-5p,539
ESYT1,hsa-miR-9500,380
GTF3C3,hsa-miR-12115,768
GTF3C3,hsa-miR-125a-5p,43
GTF3C3,hsa-miR-125b-5p,42
GTF3C3,hsa-miR-1587,904
GTF3C3,hsa-miR-188-3p,912
GTF3C3,hsa-miR-2116-3p,540
GTF3C3,hsa-miR-223-5p,266
GTF3C3,hsa-miR-29a-3p,1393
GTF3C3,hsa-miR-29b-3p,1392
GTF3C3,hsa-miR-342-3p,21
GTF3C3,hsa-miR-34a-3p,727
GTF3C3,hsa-miR-3617-3p,726
GTF3C3,hsa-miR-3620-5p,901
GTF3C3,hsa-miR-3692-3p,1189
GTF3C3,hsa-miR-3913-3p,411
GTF3C3,hsa-miR-432-5p,570
GTF3C3,hsa-miR-4446-5p,916
GTF3C3,hsa-miR-4492,905
GTF3C3,hsa-miR-455-3p,1243
GTF3C3,hsa-miR-4694-5p,895
GTF3C3,hsa-miR-532-3p,912
GTF3C3,hsa-miR-5589-5p,898
GTF3C3,hsa-miR-584-3p,1190
GTF3C3,hsa-miR-646,18
GTF3C3,hsa-miR-6761-5p,1430
GTF3C3,hsa-miR-6819-3p,924
GTF3C3,hsa-miR-6849-3p,544
GTF3C3,hsa-miR-6877-3p,928
GTF3C3,hsa-miR-7109-3p,925
GTF3C3,hsa-miR-7152-3p,29
GTF3C3,hsa-miR-762,900
GTF3C3,hsa-miR-7976,49
GTF3C3,hsa-miR-935,1148
IL6ST,hsa-miR-10400-3p,480
IL6ST,hsa-miR-12114,4918
IL6ST,hsa-miR-12120,3554
IL6ST,hsa-miR-12129,3148
IL6ST,hsa-miR-1249-5p,4682
IL6ST,hsa-miR-125a-5p,3725
IL6ST,hsa-miR-130b-3p,232
IL6ST,hsa-miR-152-3p,238
IL6ST,hsa-miR-153-3p,4448
IL6ST,hsa-miR-188-5p,2658
IL6ST,hsa-miR-1909-5p,2760
IL6ST,hsa-miR-1972,4776
IL6ST,hsa-miR-202-3p,2820
IL6ST,hsa-miR-298,430
IL6ST,hsa-miR-29b-2-5p,1503
IL6ST,hsa-miR-3120-3p,4208
IL6ST,hsa-miR-3121-3p,5093
IL6ST,hsa-miR-3132,3040
IL6ST,hsa-miR-3164,1959
IL6ST,hsa-miR-3177-5p,530
IL6ST,hsa-miR-320a-3p,485
IL6ST,hsa-miR-320b,485
IL6ST,hsa-miR-320c,487
IL6ST,hsa-miR-329-5p,2504
IL6ST,hsa-miR-3609,2451
IL6ST,hsa-miR-3620-3p,3735
IL6ST,hsa-miR-3649,555
IL6ST,hsa-miR-3651,5069
IL6ST,hsa-miR-3665,2549
IL6ST,hsa-miR-3670,3732
IL6ST,hsa-miR-378a-3p,5381
IL6ST,hsa-miR-378c,5378
IL6ST,hsa-miR-378e,5385
IL6ST,hsa-miR-378h,5381
IL6ST,hsa-miR-378i,5382
IL6ST,hsa-miR-422a,5381
IL6ST,hsa-miR-4287,1291
IL6ST,hsa-miR-4319,3737
IL6ST,hsa-miR-4429,487
IL6ST,hsa-miR-4444,5484
IL6ST,hsa-miR-4451,2831
IL6ST,hsa-miR-4482-3p,3012
IL6ST,hsa-miR-449c-3p,3509
IL6ST,hsa-miR-4506,3048
IL6ST,hsa-miR-4510,4686
IL6ST,hsa-miR-4521,546
IL6ST,hsa-miR-4632-5p,2283
IL6ST,hsa-miR-4653-3p,5020
IL6ST,hsa-miR-4665-5p,757
IL6ST,hsa-miR-4674,481
IL6ST,hsa-miR-4690-3p,1894
IL6ST,hsa-miR-4691-5p,2093
IL6ST,hsa-miR-4700-3p,5501
IL6ST,hsa-miR-4722-5p,4863
IL6ST,hsa-miR-4739,4680
IL6ST,hsa-miR-4793-5p,227
IL6ST,hsa-miR-502-5p,2772
IL6ST,hsa-miR-509-3-5p,1217
IL6ST,hsa-miR-513c-5p,5219
IL6ST,hsa-miR-5189-3p,5524
IL6ST,hsa-miR-541-3p,4786
IL6ST,hsa-miR-548az-5p,3241
IL6ST,hsa-miR-5581-5p,4243
IL6ST,hsa-miR-5685,1892
IL6ST,hsa-miR-571,5478
IL6ST,hsa-miR-6077,5367
IL6ST,hsa-miR-6088,2649
IL6ST,hsa-miR-6133,4687
IL6ST,hsa-miR-6512-3p,1895
IL6ST,hsa-miR-654-5p,4788
IL6ST,hsa-miR-661,1299
IL6ST,hsa-miR-6721-5p,2281
IL6ST,hsa-miR-6742-3p,1301
IL6ST,hsa-miR-6751-5p,2173
IL6ST,hsa-miR-6755-5p,2637
IL6ST,hsa-miR-6756-5p,4788
IL6ST,hsa-miR-6766-5p,4785
IL6ST,hsa-miR-6774-5p,4740
IL6ST,hsa-miR-6784-3p,3737
IL6ST,hsa-miR-6797-5p,4682
IL6ST,hsa-miR-6807-3p,4120
IL6ST,hsa-miR-6830-3p,5407
IL6ST,hsa-miR-6830-5p,2860
IL6ST,hsa-miR-6831-5p,2825
IL6ST,hsa-miR-6838-5p,5517
IL6ST,hsa-miR-6847-3p,475
IL6ST,hsa-miR-6855-5p,1127
IL6ST,hsa-miR-6857-5p,2180
IL6ST,hsa-miR-6862-3p,3734
IL6ST,hsa-miR-6881-5p,4219
IL6ST,hsa-miR-6890-5p,4219
IL6ST,hsa-miR-6893-3p,5463
IL6ST,hsa-miR-6894-5p,4676
IL6ST,hsa-miR-7112-3p,569
IL6ST,hsa-miR-7705,128
IL6ST,hsa-miR-8063,207
IL6ST,hsa-miR-8071,4918
IL6ST,hsa-miR-8086,202
IL6ST,hsa-miR-873-5p,0
IL6ST,hsa-miR-922,4798
JAK3,hsa-miR-11181-3p,1666
JAK3,hsa-miR-1183,701
JAK3,hsa-miR-1199-5p,397
JAK3,hsa-miR-12119,55
JAK3,hsa-miR-12120,1858
JAK3,hsa-miR-12125,1624
JAK3,hsa-miR-12126,1479
JAK3,hsa-miR-12127,402
JAK3,hsa-miR-1224-5p,1345
JAK3,hsa-miR-1225-3p,1896
JAK3,hsa-miR-1226-5p,1106
JAK3,hsa-miR-1249-5p,1792
JAK3,hsa-miR-125a-3p,1667
JAK3,hsa-miR-1265,1738
JAK3,hsa-miR-1266-5p,282
JAK3,hsa-miR-1273h-5p,930
JAK3,hsa-miR-1285-3p,682
JAK3,hsa-miR-1296-3p,1802
JAK3,hsa-miR-1343-5p,1142
JAK3,hsa-miR-143-5p,614
JAK3,hsa-miR-1827,440
JAK3,hsa-miR-186-3p,1232
JAK3,hsa-miR-188-5p,1362
JAK3,hsa-miR-1909-3p,1568
JAK3,hsa-miR-1913,1249
JAK3,hsa-miR-1915-3p,1814
JAK3,hsa-miR-1972,133
JAK3,hsa-miR-204-3p,416
JAK3,hsa-miR-204-5p,1364
JAK3,hsa-miR-211-5p,1363
JAK3,hsa-miR-221-3p,795
JAK3,hsa-miR-222-3p,1114
JAK3,hsa-miR-2276-5p,1428
JAK3,hsa-miR-2467-3p,404
JAK3,hsa-miR-2467-5p,349
JAK3,hsa-miR-25-5p,894
JAK3,hsa-miR-298,1134
JAK3,hsa-miR-301a-5p,1580
JAK3,hsa-miR-301b-5p,1580
JAK3,hsa-miR-3135b,1729
JAK3,hsa-miR-3137,704
JAK3,hsa-miR-3151-5p,1804
JAK3,hsa-miR-3173-3p,1694
JAK3,hsa-miR-3175,1843
JAK3,hsa-miR-3184-5p,51
JAK3,hsa-miR-3187-5p,681
JAK3,hsa-miR-3202,1509
JAK3,hsa-miR-323b-3p,1482
JAK3,hsa-miR-324-3p,378
JAK3,hsa-miR-3652,1801
JAK3,hsa-miR-3665,1672
JAK3,hsa-miR-3679-5p,730
JAK3,hsa-miR-3689a-3p,582
JAK3,hsa-miR-3689b-3p,570
JAK3,hsa-miR-3689c,570
JAK3,hsa-miR-377-5p,402
JAK3,hsa-miR-3918,1813
JAK3,hsa-miR-3921,1457
JAK3,hsa-miR-3929,576
JAK3,hsa-miR-3936,269
JAK3,hsa-miR-3943,1869
JAK3,hsa-miR-423-5p,51
JAK3,hsa-miR-4252,865
JAK3,hsa-miR-4257,1
JAK3,hsa-miR-4313,1244
JAK3,hsa-miR-4323,1820
JAK3,hsa-miR-4430,1801
JAK3,hsa-miR-4478,447
JAK3,hsa-miR-4481,1807
JAK3,hsa-miR-4492,1803
JAK3,hsa-miR-4498,1800
JAK3,hsa-miR-449b-3p,1194
JAK3,hsa-miR-4515,1270
JAK3,hsa-miR-4537,393
JAK3,hsa-miR-4638-3p,1832
JAK3,hsa-miR-4640-5p,217
JAK3,hsa-miR-4646-5p,414
JAK3,hsa-miR-4649-3p,1884
JAK3,hsa-miR-4660,45
JAK3,hsa-miR-4661-3p,1236
JAK3,hsa-miR-4676-5p,21
JAK3,hsa-miR-4685-5p,271
JAK3,hsa-miR-4688,50
JAK3,hsa-miR-4689,1663
JAK3,hsa-miR-4690-3p,1877
JAK3,hsa-miR-4691-3p,1190
JAK3,hsa-miR-4691-5p,1162
JAK3,hsa-miR-4695-5p,898
JAK3,hsa-miR-4710,1347
JAK3,hsa-miR-4717-5p,130
JAK3,hsa-miR-4722-5p,428
JAK3,hsa-miR-4725-5p,1603
JAK3,hsa-miR-4726-5p,218
JAK3,hsa-miR-4734,0
JAK3,hsa-miR-4745-5p,1802
JAK3,hsa-miR-4747-5p,1752
JAK3,hsa-miR-4751,75
JAK3,hsa-miR-4757-5p,68
JAK3,hsa-miR-4758-3p,201
JAK3,hsa-miR-4764-5p,1737
JAK3,hsa-miR-4767,953
JAK3,hsa-miR-4793-3p,375
JAK3,hsa-miR-4793-5p,1017
JAK3,hsa-miR-4796-3p,1687
JAK3,hsa-miR-483-5p,1052
JAK3,hsa-miR-485-5p,926
JAK3,hsa-miR-486-3p,50
JAK3,hsa-miR-5001-5p,1796
JAK3,hsa-miR-5004-5p,1340
JAK3,hsa-miR-5006-5p,1381
JAK3,hsa-miR-5008-5p,60
JAK3,hsa-miR-502-5p,233
JAK3,hsa-miR-508-5p,853
JAK3,hsa-miR-516a-3p,1171
JAK3,hsa-miR-516b-3p,1171
JAK3,hsa-miR-5189-5p,681
JAK3,hsa-miR-5196-5p,1751
JAK3,hsa-miR-5685,1876
JAK3,hsa-miR-5693,610
JAK3,hsa-miR-602,1220
JAK3,hsa-miR-6081,1655
JAK3,hsa-miR-6086,406
JAK3,hsa-miR-6089,1059
JAK3,hsa-miR-612,680
JAK3,hsa-miR-6134,575
JAK3,hsa-miR-635,1479
JAK3,hsa-miR-642a-5p,1428
JAK3,hsa-miR-642b-5p,1428
JAK3,hsa-miR-6499-5p,951
JAK3,hsa-miR-650,1695
JAK3,hsa-miR-6511a-5p,1204
JAK3,hsa-miR-6512-3p,854
JAK3,hsa-miR-6515-5p,1795
JAK3,hsa-miR-6529-5p,1150
JAK3,hsa-miR-661,617
JAK3,hsa-miR-665,703
JAK3,hsa-miR-6720-3p,950
JAK3,hsa-miR-6720-5p,854
JAK3,hsa-miR-6722-3p,1565
JAK3,hsa-miR-6730-3p,190
JAK3,hsa-miR-6741-5p,618
JAK3,hsa-miR-6743-5p,50
JAK3,hsa-miR-6745,1275
JAK3,hsa-miR-6747-5p,98
JAK3,hsa-miR-6749-5p,39
JAK3,hsa-miR-6751-3p,1457
JAK3,hsa-miR-6751-5p,100
JAK3,hsa-miR-6752-5p,97
JAK3,hsa-miR-6758-5p,53
JAK3,hsa-miR-6762-5p,279
JAK3,hsa-miR-6764-5p,1813
JAK3,hsa-miR-6765-5p,921
JAK3,hsa-miR-6768-3p,152
JAK3,hsa-miR-6771-5p,448
JAK3,hsa-miR-6776-5p,621
JAK3,hsa-miR-6777-5p,1144
JAK3,hsa-miR-6778-5p,566
JAK3,hsa-miR-6779-5p,566
JAK3,hsa-miR-6780a-5p,580
JAK3,hsa-miR-6781-5p,1105
JAK3,hsa-miR-6791-5p,363
JAK3,hsa-miR-6797-5p,1790
JAK3,hsa-miR-6798-5p,285
JAK3,hsa-miR-6803-5p,101
JAK3,hsa-miR-6805-5p,279
JAK3,hsa-miR-6808-5p,431
JAK3,hsa-miR-6814-5p,1862
JAK3,hsa-miR-6830-5p,1861
JAK3,hsa-miR-6834-5p,1750
JAK3,hsa-miR-6835-5p,1760
JAK3,hsa-miR-6837-5p,278
JAK3,hsa-miR-6840-3p,702
JAK3,hsa-miR-6842-5p,100
JAK3,hsa-miR-6845-5p,283
JAK3,hsa-miR-6847-3p,1087
JAK3,hsa-miR-6849-3p,1260
JAK3,hsa-miR-6856-5p,52
JAK3,hsa-miR-6858-5p,1664
JAK3,hsa-miR-6860,685
JAK3,hsa-miR-6861-5p,360
JAK3,hsa-miR-6884-5p,441
JAK3,hsa-miR-6889-5p,1143
JAK3,hsa-miR-6892-3p,1626
JAK3,hsa-miR-6894-5p,727
JAK3,hsa-miR-6895-5p,1811
JAK3,hsa-miR-7106-5p,569
JAK3,hsa-miR-7110-5p,98
JAK3,hsa-miR-7112-5p,0
JAK3,hsa-miR-7151-3p,140
JAK3,hsa-miR-7160-5p,440
JAK3,hsa-miR-7162-3p,1853
JAK3,hsa-miR-762,1798
JAK3,hsa-miR-765,1659
JAK3,hsa-miR-766-3p,851
JAK3,hsa-miR-769-5p,6
JAK3,hsa-miR-7703,374
JAK3,hsa-miR-7851-3p,416
JAK3,hsa-miR-7977,1200
JAK3,hsa-miR-8071,1275
JAK3,hsa-miR-8080,1786
JAK3,hsa-miR-877-5p,86
JAK3,hsa-miR-939-5p,1141
JAK3,hsa-miR-940,436
JAK3,hsa-miR-9899,951
KLC4,hsa-miR-1200,166
KLC4,hsa-miR-12119,247
KLC4,hsa-miR-1224-3p,228
KLC4,hsa-miR-1226-5p,28
KLC4,hsa-miR-1249-5p,135
KLC4,hsa-miR-128-2-5p,0
KLC4,hsa-miR-140-3p,190
KLC4,hsa-miR-149-3p,337
KLC4,hsa-miR-15b-5p,112
KLC4,hsa-miR-2110,65
KLC4,hsa-miR-2467-3p,342
KLC4,hsa-miR-3127-3p,88
KLC4,hsa-miR-3136-5p,279
KLC4,hsa-miR-3160-3p,132
KLC4,hsa-miR-3189-3p,224
KLC4,hsa-miR-3190-5p,301
KLC4,hsa-miR-3194-5p,298
KLC4,hsa-miR-3661,1
KLC4,hsa-miR-3921,249
KLC4,hsa-miR-3943,291
KLC4,hsa-miR-4260,223
KLC4,hsa-miR-4271,64
KLC4,hsa-miR-4300,138
KLC4,hsa-miR-4329,132
KLC4,hsa-miR-4472,21
KLC4,hsa-miR-4510,335
KLC4,hsa-miR-4530,11
KLC4,hsa-miR-4535,364
KLC4,hsa-miR-4538,308
KLC4,hsa-miR-4632-5p,117
KLC4,hsa-miR-4651,22
KLC4,hsa-miR-4653-5p,250
KLC4,hsa-miR-4685-5p,310
KLC4,hsa-miR-4689,141
KLC4,hsa-miR-4690-5p,259
KLC4,hsa-miR-4708-3p,314
KLC4,hsa-miR-4721,30
KLC4,hsa-miR-4725-3p,63
KLC4,hsa-miR-4728-5p,334
KLC4,hsa-miR-4739,336
KLC4,hsa-miR-4741,27
KLC4,hsa-miR-4751,194
KLC4,hsa-miR-491-5p,64
KLC4,hsa-miR-492,353
KLC4,hsa-miR-497-5p,113
KLC4,hsa-miR-518d-5p,199
KLC4,hsa-miR-518e-5p,199
KLC4,hsa-miR-518f-5p,199
KLC4,hsa-miR-519a-5p,199
KLC4,hsa-miR-519b-5p,199
KLC4,hsa-miR-519c-5p,199
KLC4,hsa-miR-520c-5p,199
KLC4,hsa-miR-520g-5p,198
KLC4,hsa-miR-522-5p,199
KLC4,hsa-miR-523-5p,199
KLC4,hsa-miR-526a-5p,199
KLC4,hsa-miR-544b,171
KLC4,hsa-miR-5591-5p,132
KLC4,hsa-miR-608,18
KLC4,hsa-miR-6127,342
KLC4,hsa-miR-6129,139
KLC4,hsa-miR-6133,342
KLC4,hsa-miR-637,0
KLC4,hsa-miR-6716-5p,44
KLC4,hsa-miR-6726-5p,135
KLC4,hsa-miR-6735-5p,121
KLC4,hsa-miR-6751-5p,21
KLC4,hsa-miR-6752-5p,19
KLC4,hsa-miR-6756-3p,87
KLC4,hsa-miR-6756-5p,11
KLC4,hsa-miR-6766-5p,10
KLC4,hsa-miR-6780b-5p,61
KLC4,hsa-miR-6782-5p,64
KLC4,hsa-miR-6785-5p,338
KLC4,hsa-miR-6793-3p,292
KLC4,hsa-miR-6795-5p,9
KLC4,hsa-miR-6796-5p,21
KLC4,hsa-miR-6797-5p,138
KLC4,hsa-miR-6803-5p,21
KLC4,hsa-miR-6804-5p,177
KLC4,hsa-miR-6837-3p,85
KLC4,hsa-miR-6837-5p,319
KLC4,hsa-miR-6842-3p,303
KLC4,hsa-miR-6842-5p,21
KLC4,hsa-miR-6852-5p,0
KLC4,hsa-miR-6858-5p,139
KLC4,hsa-miR-6873-5p,151
KLC4,hsa-miR-6883-5p,336
KLC4,hsa-miR-6887-5p,15
KLC4,hsa-miR-7109-5p,14
KLC4,hsa-miR-711,12
KLC4,hsa-miR-7110-5p,22
KLC4,hsa-miR-761,265
KLC4,hsa-miR-7843-5p,117
KLC4,hsa-miR-7851-3p,2
KLC4,hsa-miR-7974,25
KLC4,hsa-miR-877-5p,196
KLC4,hsa-miR-92a-2-5p,18
MBNL3,hsa-miR-10393-3p,5875
MBNL3,hsa-miR-10394-5p,703
MBNL3,hsa-miR-10397-5p,5971
MBNL3,hsa-miR-11181-3p,3600
MBNL3,hsa-miR-1182,1482
MBNL3,hsa-miR-12118,2051
MBNL3,hsa-miR-12119,7967
MBNL3,hsa-miR-12120,3831
MBNL3,hsa-miR-1233-5p,5794
MBNL3,hsa-miR-1243,5582
MBNL3,hsa-miR-1266-3p,1313
MBNL3,hsa-miR-1272,9336
MBNL3,hsa-miR-1276,9469
MBNL3,hsa-miR-1291,6147
MBNL3,hsa-miR-1301-3p,4783
MBNL3,hsa-miR-132-5p,6510
MBNL3,hsa-miR-134-3p,8762
MBNL3,hsa-miR-150-5p,998
MBNL3,hsa-miR-1587,6184
MBNL3,hsa-miR-1843,27
MBNL3,hsa-miR-188-3p,2013
MBNL3,hsa-miR-18b-3p,2705
MBNL3,hsa-miR-1909-3p,1461
MBNL3,hsa-miR-1912-5p,5951
MBNL3,hsa-miR-194-3p,5797
MBNL3,hsa-miR-1976,9552
MBNL3,hsa-miR-198,8904
MBNL3,hsa-miR-204-3p,8022
MBNL3,hsa-miR-2115-3p,3975
MBNL3,hsa-miR-2116-3p,3545
MBNL3,hsa-miR-215-3p,572
MBNL3,hsa-miR-2276-5p,1270
MBNL3,hsa-miR-2355-5p,9570
MBNL3,hsa-miR-2392,210
MBNL3,hsa-miR-23a-5p,6028
MBNL3,hsa-miR-24-3p,956
MBNL3,hsa-miR-2682-5p,9031
MBNL3,hsa-miR-29b-1-5p,8064
MBNL3,hsa-miR-29b-2-5p,8064
MBNL3,hsa-miR-302a-3p,1321
MBNL3,hsa-miR-302b-3p,1321
MBNL3,hsa-miR-302c-3p,1321
MBNL3,hsa-miR-302d-3p,1321
MBNL3,hsa-miR-302e,1327
MBNL3,hsa-miR-3064-5p,125
MBNL3,hsa-miR-3124-3p,1074
MBNL3,hsa-miR-3126-3p,6366
MBNL3,hsa-miR-3130-3p,9165
MBNL3,hsa-miR-3136-5p,1191
MBNL3,hsa-miR-3137,10072
MBNL3,hsa-miR-3150a-3p,1233
MBNL3,hsa-miR-3160-3p,3557
MBNL3,hsa-miR-3173-3p,2050
MBNL3,hsa-miR-3173-5p,9801
MBNL3,hsa-miR-3174,4110
MBNL3,hsa-miR-3188,1504
MBNL3,hsa-miR-3190-5p,9746
MBNL3,hsa-miR-3192-3p,8359
MBNL3,hsa-miR-320a-5p,5200
MBNL3,hsa-miR-328-3p,2707
MBNL3,hsa-miR-328-5p,6604
MBNL3,hsa-miR-331-3p,1977
MBNL3,hsa-miR-339-5p,1304
MBNL3,hsa-miR-33a-5p,9898
MBNL3,hsa-miR-33b-5p,9899
MBNL3,hsa-miR-342-3p,4980
MBNL3,hsa-miR-361-5p,8577
MBNL3,hsa-miR-3614-3p,5202
MBNL3,hsa-miR-3620-5p,6182
MBNL3,hsa-miR-3650,4988
MBNL3,hsa-miR-3665,9978
MBNL3,hsa-miR-3677-5p,2706
MBNL3,hsa-miR-3688-3p,13
MBNL3,hsa-miR-3689a-3p,5797
MBNL3,hsa-miR-3689b-3p,5797
MBNL3,hsa-miR-3689c,5797
MBNL3,hsa-miR-3692-3p,3425
MBNL3,hsa-miR-374c-3p,295
MBNL3,hsa-miR-378g,9753
MBNL3,hsa-miR-3912-5p,6339
MBNL3,hsa-miR-3916,8895
MBNL3,hsa-miR-3918,8858
MBNL3,hsa-miR-3928-3p,2046
MBNL3,hsa-miR-3929,5224
MBNL3,hsa-miR-3934-3p,2463
MBNL3,hsa-miR-425-3p,8707
MBNL3,hsa-miR-4269,9524
MBNL3,hsa-miR-4297,9218
MBNL3,hsa-miR-4318,310
MBNL3,hsa-miR-4418,10046
MBNL3,hsa-miR-4435,9742
MBNL3,hsa-miR-4436a,9038
MBNL3,hsa-miR-4452,8639
MBNL3,hsa-miR-4456,9628
MBNL3,hsa-miR-4469,1271
MBNL3,hsa-miR-4478,5230
MBNL3,hsa-miR-4496,8897
MBNL3,hsa-miR-449c-5p,9028
MBNL3,hsa-miR-4513,1191
MBNL3,hsa-miR-452-5p,1413
MBNL3,hsa-miR-4524a-3p,2556
MBNL3,hsa-miR-4539,8598
MBNL3,hsa-miR-4632-5p,8450
MBNL3,hsa-miR-4640-5p,8853
MBNL3,hsa-miR-4646-5p,8020
MBNL3,hsa-miR-4649-3p,3555
MBNL3,hsa-miR-4656,6181
MBNL3,hsa-miR-4661-5p,2468
MBNL3,hsa-miR-4662a-5p,6159
MBNL3,hsa-miR-4663,1615
MBNL3,hsa-miR-4685-5p,8855
MBNL3,hsa-miR-4687-3p,2211
MBNL3,hsa-miR-4688,8474
MBNL3,hsa-miR-4690-3p,8325
MBNL3,hsa-miR-4691-5p,1070
MBNL3,hsa-miR-4693-5p,4680
MBNL3,hsa-miR-4704-5p,8051
MBNL3,hsa-miR-4709-3p,8631
MBNL3,hsa-miR-4722-5p,2033
MBNL3,hsa-miR-4726-5p,8853
MBNL3,hsa-miR-4728-3p,10045
MBNL3,hsa-miR-4728-5p,1234
MBNL3,hsa-miR-4736,120
MBNL3,hsa-miR-4739,3595
MBNL3,hsa-miR-4763-3p,1463
MBNL3,hsa-miR-4773,8308
MBNL3,hsa-miR-4783-3p,5364
MBNL3,hsa-miR-4793-3p,9744
MBNL3,hsa-miR-4802-5p,29
MBNL3,hsa-miR-4804-3p,5983
MBNL3,hsa-miR-484,1275
MBNL3,hsa-miR-485-5p,5225
MBNL3,hsa-miR-486-5p,1283
MBNL3,hsa-miR-5000-3p,2276
MBNL3,hsa-miR-5008-5p,3080
MBNL3,hsa-miR-500a-3p,9162
MBNL3,hsa-miR-5010-5p,5308
MBNL3,hsa-miR-5047,4786
MBNL3,hsa-miR-508-5p,6525
MBNL3,hsa-miR-512-3p,5241
MBNL3,hsa-miR-515-3p,4027
MBNL3,hsa-miR-515-5p,1291
MBNL3,hsa-miR-5187-5p,8836
MBNL3,hsa-miR-5193,8424
MBNL3,hsa-miR-5195-3p,10005
MBNL3,hsa-miR-520a-3p,1322
MBNL3,hsa-miR-525-5p,6527
MBNL3,hsa-miR-532-5p,9060
MBNL3,hsa-miR-557,2510
MBNL3,hsa-miR-5581-3p,1048
MBNL3,hsa-miR-5584-5p,6176
MBNL3,hsa-miR-5591-5p,5903
MBNL3,hsa-miR-564,2410
MBNL3,hsa-miR-5685,8325
MBNL3,hsa-miR-5693,2711
MBNL3,hsa-miR-587,2385
MBNL3,hsa-miR-593-5p,2720
MBNL3,hsa-miR-597-3p,5826
MBNL3,hsa-miR-6131,6235
MBNL3,hsa-miR-635,1993
MBNL3,hsa-miR-641,7046
MBNL3,hsa-miR-642a-5p,9643
MBNL3,hsa-miR-6501-5p,4406
MBNL3,hsa-miR-660-3p,2453
MBNL3,hsa-miR-663b,2709
MBNL3,hsa-miR-6715b-5p,4020
MBNL3,hsa-miR-6716-5p,9330
MBNL3,hsa-miR-6720-5p,8745
MBNL3,hsa-miR-6721-5p,1462
MBNL3,hsa-miR-6722-3p,1463
MBNL3,hsa-miR-6726-5p,5902
MBNL3,hsa-miR-6733-5p,8019
MBNL3,hsa-miR-6734-5p,3771
MBNL3,hsa-miR-6735-3p,9367
MBNL3,hsa-miR-6735-5p,8448
MBNL3,hsa-miR-6739-5p,8019
MBNL3,hsa-miR-6743-5p,8471
MBNL3,hsa-miR-6747-3p,9801
MBNL3,hsa-miR-6748-3p,1305
MBNL3,hsa-miR-6749-3p,8421
MBNL3,hsa-miR-6757-5p,8043
MBNL3,hsa-miR-6760-3p,9558
MBNL3,hsa-miR-6765-5p,644
MBNL3,hsa-miR-6774-5p,1988
MBNL3,hsa-miR-6778-5p,5796
MBNL3,hsa-miR-6779-5p,5799
MBNL3,hsa-miR-6780a-5p,5789
MBNL3,hsa-miR-6783-5p,8920
MBNL3,hsa-miR-6794-5p,1462
MBNL3,hsa-miR-6795-5p,5311
MBNL3,hsa-miR-6797-5p,1231
MBNL3,hsa-miR-6798-5p,1460
MBNL3,hsa-miR-6799-3p,9801
MBNL3,hsa-miR-6801-5p,6226
MBNL3,hsa-miR-6802-5p,5910
MBNL3,hsa-miR-6807-5p,1135
MBNL3,hsa-miR-6810-5p,7223
MBNL3,hsa-miR-6815-5p,5909
MBNL3,hsa-miR-6825-5p,1239
MBNL3,hsa-miR-6829-5p,9753
MBNL3,hsa-miR-6834-5p,7503
MBNL3,hsa-miR-6837-3p,1424
MBNL3,hsa-miR-6837-5p,8860
MBNL3,hsa-miR-6842-3p,120
MBNL3,hsa-miR-6849-5p,1694
MBNL3,hsa-miR-6854-5p,2465
MBNL3,hsa-miR-6865-3p,5114
MBNL3,hsa-miR-6865-5p,5907
MBNL3,hsa-miR-6867-5p,5324
MBNL3,hsa-miR-6872-3p,1048
MBNL3,hsa-miR-6875-3p,8746
MBNL3,hsa-miR-6877-3p,6542
MBNL3,hsa-miR-6884-5p,5793
MBNL3,hsa-miR-6885-5p,6604
MBNL3,hsa-miR-6887-5p,5313
MBNL3,hsa-miR-6888-5p,929
MBNL3,hsa-miR-6891-5p,2053
MBNL3,hsa-miR-6895-5p,8857
MBNL3,hsa-miR-7106-5p,3601
MBNL3,hsa-miR-7109-5p,6611
MBNL3,hsa-miR-7112-5p,4254
MBNL3,hsa-miR-7114-5p,1609
MBNL3,hsa-miR-7151-3p,4013
MBNL3,hsa-miR-7153-5p,6075
MBNL3,hsa-miR-7160-5p,3556
MBNL3,hsa-miR-7162-3p,6147
MBNL3,hsa-miR-764,1437
MBNL3,hsa-miR-766-5p,2045
MBNL3,hsa-miR-7976,8698
MBNL3,hsa-miR-8075,3605
MBNL3,hsa-miR-875-5p,9380
MBNL3,hsa-miR-877-3p,5963
MBNL3,hsa-miR-892a,9786
MBNL3,hsa-miR-920,5902
MBNL3,hsa-miR-942-5p,5199
MBNL3,hsa-miR-9851-3p,2724
MBNL3,hsa-miR-9902,2142
NFIX,hsa-let-7g-3p,743
NFIX,hsa-miR-10392-3p,963
NFIX,hsa-miR-10394-3p,3284
NFIX,hsa-miR-10396a-3p,1910
NFIX,hsa-miR-10396a-5p,2466
NFIX,hsa-miR-10396b-3p,1906
NFIX,hsa-miR-10396b-5p,315
NFIX,hsa-miR-10398-3p,3206
NFIX,hsa-miR-10398-5p,441
NFIX,hsa-miR-103b,1633
NFIX,hsa-miR-10401-3p,2130
NFIX,hsa-miR-10401-5p,3510
NFIX,hsa-miR-10526-3p,3153
NFIX,hsa-miR-10a-5p,2000
NFIX,hsa-miR-10b-5p,2000
NFIX,hsa-miR-11181-3p,134
NFIX,hsa-miR-11400,427
NFIX,hsa-miR-1184,2147
NFIX,hsa-miR-1199-3p,2906
NFIX,hsa-miR-1199-5p,3458
NFIX,hsa-miR-1203,2907
NFIX,hsa-miR-1207-3p,2159
NFIX,hsa-miR-1207-5p,942
NFIX,hsa-miR-12115,599
NFIX,hsa-miR-12118,3850
NFIX,hsa-miR-12120,1086
NFIX,hsa-miR-12126,2220
NFIX,hsa-miR-1224-5p,1847
NFIX,hsa-miR-1225-3p,2031
NFIX,hsa-miR-1227-5p,163
NFIX,hsa-miR-1236-3p,1698
NFIX,hsa-miR-1237-3p,2030
NFIX,hsa-miR-1237-5p,889
NFIX,hsa-miR-124-3p,1481
NFIX,hsa-miR-1247-3p,1905
NFIX,hsa-miR-1249-5p,521
NFIX,hsa-miR-1253,3868
NFIX,hsa-miR-1256,3020
NFIX,hsa-miR-1266-5p,702
NFIX,hsa-miR-1275,569
NFIX,hsa-miR-128-1-5p,2996
NFIX,hsa-miR-128-2-5p,2998
NFIX,hsa-miR-1285-3p,3272
NFIX,hsa-miR-1292-3p,2983
NFIX,hsa-miR-1295b-5p,3437
NFIX,hsa-miR-1301-3p,2144
NFIX,hsa-miR-1321,2935
NFIX,hsa-miR-1343-5p,1437
NFIX,hsa-miR-138-5p,215
NFIX,hsa-miR-139-3p,1501
NFIX,hsa-miR-146a-5p,172
NFIX,hsa-miR-146b-5p,173
NFIX,hsa-miR-1470,978
NFIX,hsa-miR-149-3p,520
NFIX,hsa-miR-1538,971
NFIX,hsa-miR-1587,78
NFIX,hsa-miR-185-3p,80
NFIX,hsa-miR-185-5p,127
NFIX,hsa-miR-188-3p,2098
NFIX,hsa-miR-1908-5p,313
NFIX,hsa-miR-1909-3p,939
NFIX,hsa-miR-1912-3p,3435
NFIX,hsa-miR-1912-5p,1975
NFIX,hsa-miR-1913,1884
NFIX,hsa-miR-1914-3p,739
NFIX,hsa-miR-1915-3p,2936
NFIX,hsa-miR-210-3p,3297
NFIX,hsa-miR-210-5p,1802
NFIX,hsa-miR-2276-5p,1383
NFIX,hsa-miR-2277-5p,3277
NFIX,hsa-miR-2355-5p,2435
NFIX,hsa-miR-23a-5p,407
NFIX,hsa-miR-24-2-5p,3971
NFIX,hsa-miR-2467-3p,3595
NFIX,hsa-miR-25-3p,1972
NFIX,hsa-miR-25-5p,510
NFIX,hsa-miR-2861,809
NFIX,hsa-miR-3059-3p,1861
NFIX,hsa-miR-3127-3p,193
NFIX,hsa-miR-3135b,136
NFIX,hsa-miR-3141,511
NFIX,hsa-miR-3151-5p,86
NFIX,hsa-miR-3153,812
NFIX,hsa-miR-3154,1521
NFIX,hsa-miR-3155a,448
NFIX,hsa-miR-3155b,450
NFIX,hsa-miR-3158-3p,1833
NFIX,hsa-miR-3158-5p,826
NFIX,hsa-miR-3169,722
NFIX,hsa-miR-3170,411
NFIX,hsa-miR-3175,2918
NFIX,hsa-miR-3176,2155
NFIX,hsa-miR-3178,3286
NFIX,hsa-miR-3180,319
NFIX,hsa-miR-3180-3p,316
NFIX,hsa-miR-3184-5p,941
NFIX,hsa-miR-3187-5p,3272
NFIX,hsa-miR-3191-3p,3036
NFIX,hsa-miR-3194-5p,1795
NFIX,hsa-miR-3195,3162
NFIX,hsa-miR-3196,315
NFIX,hsa-miR-324-3p,1883
NFIX,hsa-miR-326,3444
NFIX,hsa-miR-328-3p,453
NFIX,hsa-miR-328-5p,1148
NFIX,hsa-miR-330-5p,3442
NFIX,hsa-miR-331-3p,1803
NFIX,hsa-miR-342-5p,2947
NFIX,hsa-miR-3614-3p,3228
NFIX,hsa-miR-3614-5p,2230
NFIX,hsa-miR-3616-3p,911
NFIX,hsa-miR-3619-5p,959
NFIX,hsa-miR-3620-5p,167
NFIX,hsa-miR-3651,1627
NFIX,hsa-miR-3652,140
NFIX,hsa-miR-3661,876
NFIX,hsa-miR-3667-5p,1390
NFIX,hsa-miR-367-5p,2254
NFIX,hsa-miR-3678-3p,824
NFIX,hsa-miR-3692-5p,216
NFIX,hsa-miR-3714,294
NFIX,hsa-miR-3909,1865
NFIX,hsa-miR-3911,421
NFIX,hsa-miR-3918,734
NFIX,hsa-miR-3922-3p,2149
NFIX,hsa-miR-3928-3p,26
NFIX,hsa-miR-3936,397
NFIX,hsa-miR-3943,2210
NFIX,hsa-miR-423-5p,942
NFIX,hsa-miR-4254,1800
NFIX,hsa-miR-4267,1689
NFIX,hsa-miR-4269,1765
NFIX,hsa-miR-4270,2929
NFIX,hsa-miR-4271,568
NFIX,hsa-miR-4285,1082
NFIX,hsa-miR-4287,1366
NFIX,hsa-miR-4290,455
NFIX,hsa-miR-4306,4067
NFIX,hsa-miR-4308,1805
NFIX,hsa-miR-4325,2349
NFIX,hsa-miR-4430,141
NFIX,hsa-miR-4433a-5p,2092
NFIX,hsa-miR-4436b-3p,956
NFIX,hsa-miR-4442,2048
NFIX,hsa-miR-4446-3p,894
NFIX,hsa-miR-4447,3482
NFIX,hsa-miR-4469,1411
NFIX,hsa-miR-4472,1181
NFIX,hsa-miR-4476,399
NFIX,hsa-miR-4478,3861
NFIX,hsa-miR-4479,1038
NFIX,hsa-miR-4486,1438
NFIX,hsa-miR-4488,886
NFIX,hsa-miR-4492,84
NFIX,hsa-miR-4496,3135
NFIX,hsa-miR-4498,79
NFIX,hsa-miR-449c-5p,3346
NFIX,hsa-miR-4505,78
NFIX,hsa-miR-4508,3324
NFIX,hsa-miR-4510,1357
NFIX,hsa-miR-4516,4080
NFIX,hsa-miR-4518,705
NFIX,hsa-miR-4530,966
NFIX,hsa-miR-4533,843
NFIX,hsa-miR-4632-3p,1807
NFIX,hsa-miR-4632-5p,432
NFIX,hsa-miR-4638-3p,1379
NFIX,hsa-miR-4638-5p,1008
NFIX,hsa-miR-4640-3p,648
NFIX,hsa-miR-4640-5p,1514
NFIX,hsa-miR-4644,4064
NFIX,hsa-miR-4649-5p,2952
NFIX,hsa-miR-4651,615
NFIX,hsa-miR-4655-3p,854
NFIX,hsa-miR-4656,119
NFIX,hsa-miR-4660,432
NFIX,hsa-miR-4661-3p,1888
NFIX,hsa-miR-4661-5p,665
NFIX,hsa-miR-4663,3119
NFIX,hsa-miR-4664-5p,2947
NFIX,hsa-miR-4665-3p,3375
NFIX,hsa-miR-4665-5p,65
NFIX,hsa-miR-4667-3p,586
NFIX,hsa-miR-4675,3317
NFIX,hsa-miR-4685-5p,728
NFIX,hsa-miR-4687-5p,2609
NFIX,hsa-miR-4688,941
NFIX,hsa-miR-4690-3p,1637
NFIX,hsa-miR-4690-5p,1765
NFIX,hsa-miR-4695-5p,839
NFIX,hsa-miR-4697-5p,887
NFIX,hsa-miR-4706,1167
NFIX,hsa-miR-4707-3p,2194
NFIX,hsa-miR-4710,397
NFIX,hsa-miR-4716-3p,303
NFIX,hsa-miR-4722-5p,1496
NFIX,hsa-miR-4723-5p,3003
NFIX,hsa-miR-4725-3p,3816
NFIX,hsa-miR-4725-5p,2005
NFIX,hsa-miR-4726-3p,1739
NFIX,hsa-miR-4726-5p,1516
NFIX,hsa-miR-4728-5p,519
NFIX,hsa-miR-4731-5p,68
NFIX,hsa-miR-4734,3009
NFIX,hsa-miR-4739,524
NFIX,hsa-miR-4741,3317
NFIX,hsa-miR-4742-5p,4054
NFIX,hsa-miR-4743-3p,268
NFIX,hsa-miR-4743-5p,2044
NFIX,hsa-miR-4745-3p,970
NFIX,hsa-miR-4747-3p,2450
NFIX,hsa-miR-4747-5p,517
NFIX,hsa-miR-4749-3p,1883
NFIX,hsa-miR-4749-5p,1172
NFIX,hsa-miR-4755-3p,379
NFIX,hsa-miR-4756-5p,2930
NFIX,hsa-miR-4758-3p,1237
NFIX,hsa-miR-4763-3p,937
NFIX,hsa-miR-4763-5p,1751
NFIX,hsa-miR-4767,3281
NFIX,hsa-miR-4768-5p,1598
NFIX,hsa-miR-4781-5p,3659
NFIX,hsa-miR-4783-3p,3213
NFIX,hsa-miR-4784,135
NFIX,hsa-miR-4786-5p,3862
NFIX,hsa-miR-4787-5p,149
NFIX,hsa-miR-4788,753
NFIX,hsa-miR-483-5p,3888
NFIX,hsa-miR-484,442
NFIX,hsa-miR-486-3p,2459
NFIX,hsa-miR-5001-5p,77
NFIX,hsa-miR-5003-5p,2232
NFIX,hsa-miR-5004-5p,1841
NFIX,hsa-miR-5008-5p,839
NFIX,hsa-miR-505-5p,1798
NFIX,hsa-miR-5088-3p,2032
NFIX,hsa-miR-5088-5p,179
NFIX,hsa-miR-5090,2458
NFIX,hsa-miR-516b-5p,504
NFIX,hsa-miR-5189-5p,3271
NFIX,hsa-miR-518c-5p,1385
NFIX,hsa-miR-5193,1014
NFIX,hsa-miR-5194,741
NFIX,hsa-miR-5196-3p,1422
NFIX,hsa-miR-5196-5p,517
NFIX,hsa-miR-532-3p,2098
NFIX,hsa-miR-542-5p,3196
NFIX,hsa-miR-548q,215
NFIX,hsa-miR-550b-3p,1923
NFIX,hsa-miR-5581-5p,3223
NFIX,hsa-miR-5587-3p,142
NFIX,hsa-miR-5588-3p,2099
NFIX,hsa-miR-5685,1638
NFIX,hsa-miR-5698,302
NFIX,hsa-miR-5703,4077
NFIX,hsa-miR-572,3422
NFIX,hsa-miR-5739,3057
NFIX,hsa-miR-5787,77
NFIX,hsa-miR-6075,1950
NFIX,hsa-miR-608,606
NFIX,hsa-miR-6081,570
NFIX,hsa-miR-6084,1688
NFIX,hsa-miR-6089,783
NFIX,hsa-miR-612,3266
NFIX,hsa-miR-6127,532
NFIX,hsa-miR-6129,1359
NFIX,hsa-miR-6130,3043
NFIX,hsa-miR-6131,3250
NFIX,hsa-miR-6132,899
NFIX,hsa-miR-6133,531
NFIX,hsa-miR-615-3p,2082
NFIX,hsa-miR-615-5p,148
NFIX,hsa-miR-622,953
NFIX,hsa-miR-623,1361
NFIX,hsa-miR-625-5p,3818
NFIX,hsa-miR-631,876
NFIX,hsa-miR-637,65
NFIX,hsa-miR-6499-5p,3286
NFIX,hsa-miR-6504-5p,3981
NFIX,hsa-miR-6509-3p,1886
NFIX,hsa-miR-6510-5p,959
NFIX,hsa-miR-6515-5p,419
NFIX,hsa-miR-661,634
NFIX,hsa-miR-663a,313
NFIX,hsa-miR-668-3p,1706
NFIX,hsa-miR-671-3p,2450
NFIX,hsa-miR-6720-5p,2891
NFIX,hsa-miR-6721-5p,933
NFIX,hsa-miR-6722-3p,938
NFIX,hsa-miR-6724-5p,2938
NFIX,hsa-miR-6726-5p,1437
NFIX,hsa-miR-6727-5p,1677
NFIX,hsa-miR-6729-5p,2955
NFIX,hsa-miR-6731-5p,493
NFIX,hsa-miR-6732-5p,3206
NFIX,hsa-miR-6734-5p,942
NFIX,hsa-miR-6735-5p,433
NFIX,hsa-miR-6736-3p,207
NFIX,hsa-miR-6737-5p,615
NFIX,hsa-miR-6738-5p,740
NFIX,hsa-miR-6742-5p,412
NFIX,hsa-miR-6743-5p,936
NFIX,hsa-miR-6745,387
NFIX,hsa-miR-6746-3p,1808
NFIX,hsa-miR-6746-5p,1504
NFIX,hsa-miR-6747-5p,698
NFIX,hsa-miR-6748-5p,3611
NFIX,hsa-miR-6749-3p,1422
NFIX,hsa-miR-6749-5p,3277
NFIX,hsa-miR-6750-5p,3995
NFIX,hsa-miR-6751-3p,3457
NFIX,hsa-miR-6752-3p,647
NFIX,hsa-miR-6752-5p,3405
NFIX,hsa-miR-6754-5p,2038
NFIX,hsa-miR-6756-5p,410
NFIX,hsa-miR-6758-5p,541
NFIX,hsa-miR-6762-3p,167
NFIX,hsa-miR-6762-5p,1458
NFIX,hsa-miR-6764-5p,1406
NFIX,hsa-miR-6766-5p,412
NFIX,hsa-miR-6767-5p,2111
NFIX,hsa-miR-6769a-3p,2036
NFIX,hsa-miR-6769a-5p,3470
NFIX,hsa-miR-6769b-5p,3467
NFIX,hsa-miR-6770-5p,119
NFIX,hsa-miR-6771-5p,575
NFIX,hsa-miR-6772-5p,3360
NFIX,hsa-miR-6773-5p,2936
NFIX,hsa-miR-6775-5p,2457
NFIX,hsa-miR-6777-5p,1168
NFIX,hsa-miR-6779-3p,1873
NFIX,hsa-miR-6780b-5p,553
NFIX,hsa-miR-6781-5p,2050
NFIX,hsa-miR-6782-5p,389
NFIX,hsa-miR-6783-5p,813
NFIX,hsa-miR-6784-5p,320
NFIX,hsa-miR-6785-5p,523
NFIX,hsa-miR-6786-5p,85
NFIX,hsa-miR-6787-3p,2015
NFIX,hsa-miR-6787-5p,312
NFIX,hsa-miR-6789-3p,2121
NFIX,hsa-miR-6790-3p,2137
NFIX,hsa-miR-6791-5p,1865
NFIX,hsa-miR-6793-3p,1374
NFIX,hsa-miR-6793-5p,2776
NFIX,hsa-miR-6794-5p,306
NFIX,hsa-miR-6795-5p,1337
NFIX,hsa-miR-6797-5p,516
NFIX,hsa-miR-6798-5p,303
NFIX,hsa-miR-6801-3p,651
NFIX,hsa-miR-6802-3p,649
NFIX,hsa-miR-6804-5p,389
NFIX,hsa-miR-6805-5p,1347
NFIX,hsa-miR-6810-3p,646
NFIX,hsa-miR-6812-5p,612
NFIX,hsa-miR-6814-5p,622
NFIX,hsa-miR-6816-5p,314
NFIX,hsa-miR-6819-5p,614
NFIX,hsa-miR-6820-5p,1039
NFIX,hsa-miR-6822-5p,4000
NFIX,hsa-miR-6825-3p,1728
NFIX,hsa-miR-6825-5p,300
NFIX,hsa-miR-6826-3p,861
NFIX,hsa-miR-6827-5p,2036
NFIX,hsa-miR-6829-5p,169
NFIX,hsa-miR-6830-5p,1091
NFIX,hsa-miR-6833-3p,2281
NFIX,hsa-miR-6834-5p,1358
NFIX,hsa-miR-6836-5p,895
NFIX,hsa-miR-6837-5p,736
NFIX,hsa-miR-6840-3p,725
NFIX,hsa-miR-6840-5p,1928
NFIX,hsa-miR-6842-3p,3251
NFIX,hsa-miR-6842-5p,3404
NFIX,hsa-miR-6845-3p,2280
NFIX,hsa-miR-6845-5p,1516
NFIX,hsa-miR-6846-3p,193
NFIX,hsa-miR-6846-5p,634
NFIX,hsa-miR-6847-5p,1593
NFIX,hsa-miR-6848-5p,635
NFIX,hsa-miR-6852-5p,876
NFIX,hsa-miR-6854-3p,3764
NFIX,hsa-miR-6855-5p,408
NFIX,hsa-miR-6856-3p,1640
NFIX,hsa-miR-6856-5p,1536
NFIX,hsa-miR-6858-3p,1794
NFIX,hsa-miR-6860,3267
NFIX,hsa-miR-6861-5p,1771
NFIX,hsa-miR-6865-3p,980
NFIX,hsa-miR-6869-3p,2984
NFIX,hsa-miR-6870-3p,1423
NFIX,hsa-miR-6870-5p,304
NFIX,hsa-miR-6873-5p,537
NFIX,hsa-miR-6874-3p,289
NFIX,hsa-miR-6876-5p,845
NFIX,hsa-miR-6877-5p,3667
NFIX,hsa-miR-6879-3p,653
NFIX,hsa-miR-6879-5p,435
NFIX,hsa-miR-6880-5p,387
NFIX,hsa-miR-6881-3p,1700
NFIX,hsa-miR-6881-5p,611
NFIX,hsa-miR-6882-3p,1021
NFIX,hsa-miR-6883-5p,533
NFIX,hsa-miR-6885-5p,1148
NFIX,hsa-miR-6886-5p,1895
NFIX,hsa-miR-6887-3p,1417
NFIX,hsa-miR-6887-5p,1338
NFIX,hsa-miR-6889-5p,1168
NFIX,hsa-miR-6890-3p,1884
NFIX,hsa-miR-6891-5p,3852
NFIX,hsa-miR-7106-3p,439
NFIX,hsa-miR-7106-5p,301
NFIX,hsa-miR-7108-3p,2196
NFIX,hsa-miR-7109-5p,1177
NFIX,hsa-miR-711,3437
NFIX,hsa-miR-7110-5p,3405
NFIX,hsa-miR-7111-5p,303
NFIX,hsa-miR-7112-5p,2124
NFIX,hsa-miR-7113-5p,2934
NFIX,hsa-miR-7150,854
NFIX,hsa-miR-7152-3p,1021
NFIX,hsa-miR-7155-5p,1869
NFIX,hsa-miR-7159-5p,2856
NFIX,hsa-miR-7160-3p,734
NFIX,hsa-miR-7160-5p,1848
NFIX,hsa-miR-744-3p,2255
NFIX,hsa-miR-744-5p,2462
NFIX,hsa-miR-761,963
NFIX,hsa-miR-762,76
NFIX,hsa-miR-765,133
NFIX,hsa-miR-7704,3204
NFIX,hsa-miR-7843-5p,436
NFIX,hsa-miR-7847-3p,3883
NFIX,hsa-miR-7855-5p,3103
NFIX,hsa-miR-7974,3315
NFIX,hsa-miR-8072,1032
NFIX,hsa-miR-8077,123
NFIX,hsa-miR-8085,492
NFIX,hsa-miR-874-5p,969
NFIX,hsa-miR-877-3p,1698
NFIX,hsa-miR-885-3p,1033
NFIX,hsa-miR-920,1439
NFIX,hsa-miR-92a-2-5p,413
NFIX,hsa-miR-92a-3p,1974
NFIX,hsa-miR-92b-3p,1974
NFIX,hsa-miR-92b-5p,3729
NFIX,hsa-miR-939-5p,1437
NFIX,hsa-miR-941,1942
NFIX,hsa-miR-9899,2922
NOC3L,hsa-miR-1266-3p,767
NOC3L,hsa-miR-1914-5p,134
NOC3L,hsa-miR-206,648
NOC3L,hsa-miR-2681-5p,772
NOC3L,hsa-miR-2861,700
NOC3L,hsa-miR-3119,182
NOC3L,hsa-miR-3150a-3p,198
NOC3L,hsa-miR-383-5p,714
NOC3L,hsa-miR-4254,676
NOC3L,hsa-miR-4308,683
NOC3L,hsa-miR-4667-5p,199
NOC3L,hsa-miR-4688,145
NOC3L,hsa-miR-4717-5p,846
NOC3L,hsa-miR-501-5p,731
NOC3L,hsa-miR-6737-3p,329
NOC3L,hsa-miR-6743-5p,145
NOC3L,hsa-miR-6763-5p,200
NOC3L,hsa-miR-6774-5p,693
NOC3L,hsa-miR-6783-5p,753
NOC3L,hsa-miR-6789-5p,143
NOC3L,hsa-miR-6828-5p,925
NOC3L,hsa-miR-7113-5p,651
NOC3L,hsa-miR-8089,196
NUDT19,hsa-miR-11399,1416
NUDT19,hsa-miR-12114,503
NUDT19,hsa-miR-12128,939
NUDT19,hsa-miR-1224-5p,23
NUDT19,hsa-miR-1228-3p,385
NUDT19,hsa-miR-125a-5p,189
NUDT19,hsa-miR-1271-3p,1331
NUDT19,hsa-miR-1273h-5p,360
NUDT19,hsa-miR-1285-3p,454
NUDT19,hsa-miR-181b-5p,1557
NUDT19,hsa-miR-181d-5p,1557
NUDT19,hsa-miR-1827,1303
NUDT19,hsa-miR-188-3p,684
NUDT19,hsa-miR-193b-3p,1389
NUDT19,hsa-miR-216a-3p,700
NUDT19,hsa-miR-25-5p,1273
NUDT19,hsa-miR-30b-3p,508
NUDT19,hsa-miR-3151-5p,580
NUDT19,hsa-miR-3156-5p,1707
NUDT19,hsa-miR-3187-5p,257
NUDT19,hsa-miR-3192-5p,505
NUDT19,hsa-miR-324-3p,155
NUDT19,hsa-miR-3622b-5p,260
NUDT19,hsa-miR-3664-3p,540
NUDT19,hsa-miR-3681-3p,703
NUDT19,hsa-miR-3689a-3p,509
NUDT19,hsa-miR-3689b-3p,509
NUDT19,hsa-miR-3689c,509
NUDT19,hsa-miR-4252,158
NUDT19,hsa-miR-4253,260
NUDT19,hsa-miR-4316,1446
NUDT19,hsa-miR-4319,195
NUDT19,hsa-miR-433-5p,300
NUDT19,hsa-miR-4478,224
NUDT19,hsa-miR-4505,401
NUDT19,hsa-miR-4537,487
NUDT19,hsa-miR-4695-5p,538
NUDT19,hsa-miR-4722-5p,205
NUDT19,hsa-miR-4747-5p,943
NUDT19,hsa-miR-4767,246
NUDT19,hsa-miR-4786-5p,320
NUDT19,hsa-miR-4793-3p,152
NUDT19,hsa-miR-4793-5p,311
NUDT19,hsa-miR-4794,310
NUDT19,hsa-miR-485-5p,537
NUDT19,hsa-miR-508-5p,146
NUDT19,hsa-miR-510-5p,541
NUDT19,hsa-miR-5189-5p,255
NUDT19,hsa-miR-5196-5p,940
NUDT19,hsa-miR-519d-5p,954
NUDT19,hsa-miR-541-3p,1432
NUDT19,hsa-miR-5589-5p,398
NUDT19,hsa-miR-5693,702
NUDT19,hsa-miR-5694,656
NUDT19,hsa-miR-5787,401
NUDT19,hsa-miR-585-3p,348
NUDT19,hsa-miR-6086,501
NUDT19,hsa-miR-612,257
NUDT19,hsa-miR-6134,509
NUDT19,hsa-miR-6499-5p,244
NUDT19,hsa-miR-6511a-5p,179
NUDT19,hsa-miR-6512-3p,147
NUDT19,hsa-miR-661,460
NUDT19,hsa-miR-663b,387
NUDT19,hsa-miR-6720-3p,243
NUDT19,hsa-miR-6720-5p,147
NUDT19,hsa-miR-6741-5p,1332
NUDT19,hsa-miR-6771-5p,225
NUDT19,hsa-miR-6776-5p,399
NUDT19,hsa-miR-6779-5p,357
NUDT19,hsa-miR-6780a-5p,357
NUDT19,hsa-miR-6799-5p,504
NUDT19,hsa-miR-6801-5p,1409
NUDT19,hsa-miR-6808-5p,212
NUDT19,hsa-miR-6849-3p,631
NUDT19,hsa-miR-6851-5p,501
NUDT19,hsa-miR-6860,259
NUDT19,hsa-miR-6880-5p,503
NUDT19,hsa-miR-6884-5p,217
NUDT19,hsa-miR-6893-5p,212
NUDT19,hsa-miR-7106-3p,741
NUDT19,hsa-miR-7112-5p,661
NUDT19,hsa-miR-7160-5p,535
NUDT19,hsa-miR-766-3p,144
NUDT19,hsa-miR-7703,151
NUDT19,hsa-miR-7847-3p,499
NUDT19,hsa-miR-7851-3p,511
NUDT19,hsa-miR-9899,244
OCRL,hsa-miR-12115,437
OCRL,hsa-miR-12122,1384
OCRL,hsa-miR-1224-5p,503
OCRL,hsa-miR-1227-5p,875
OCRL,hsa-miR-1229-5p,284
OCRL,hsa-miR-1249-5p,125
OCRL,hsa-miR-1255a,1847
OCRL,hsa-miR-134-5p,1087
OCRL,hsa-miR-146b-3p,1679
OCRL,hsa-miR-1827,1834
OCRL,hsa-miR-192-5p,1551
OCRL,hsa-miR-199a-5p,1655
OCRL,hsa-miR-199b-5p,1659
OCRL,hsa-miR-210-5p,1555
OCRL,hsa-miR-217-5p,1277
OCRL,hsa-miR-218-1-3p,617
OCRL,hsa-miR-2682-5p,1271
OCRL,hsa-miR-2861,909
OCRL,hsa-miR-302a-3p,714
OCRL,hsa-miR-302c-3p,713
OCRL,hsa-miR-302d-3p,713
OCRL,hsa-miR-302e,718
OCRL,hsa-miR-30c-1-3p,1146
OCRL,hsa-miR-3130-5p,613
OCRL,hsa-miR-3151-5p,870
OCRL,hsa-miR-3162-3p,1666
OCRL,hsa-miR-3166,517
OCRL,hsa-miR-3173-3p,131
OCRL,hsa-miR-34b-5p,1829
OCRL,hsa-miR-3619-5p,2054
OCRL,hsa-miR-3665,2058
OCRL,hsa-miR-3678-3p,2049
OCRL,hsa-miR-3679-3p,1451
OCRL,hsa-miR-370-3p,1017
OCRL,hsa-miR-373-3p,712
OCRL,hsa-miR-3911,605
OCRL,hsa-miR-3922-3p,1618
OCRL,hsa-miR-3928-3p,1287
OCRL,hsa-miR-3936,412
OCRL,hsa-miR-3944-5p,1771
OCRL,hsa-miR-425-5p,2200
OCRL,hsa-miR-4302,611
OCRL,hsa-miR-432-5p,26
OCRL,hsa-miR-4433b-3p,424
OCRL,hsa-miR-4435,1116
OCRL,hsa-miR-4476,417
OCRL,hsa-miR-4482-5p,607
OCRL,hsa-miR-4487,1047
OCRL,hsa-miR-449c-5p,1265
OCRL,hsa-miR-4533,1009
OCRL,hsa-miR-4640-5p,867
OCRL,hsa-miR-4651,412
OCRL,hsa-miR-4692,1270
OCRL,hsa-miR-4711-5p,1274
OCRL,hsa-miR-4722-5p,835
OCRL,hsa-miR-4724-3p,1456
OCRL,hsa-miR-4726-5p,866
OCRL,hsa-miR-4727-3p,766
OCRL,hsa-miR-4732-3p,1555
OCRL,hsa-miR-4732-5p,1033
OCRL,hsa-miR-4740-3p,23
OCRL,hsa-miR-4747-5p,928
OCRL,hsa-miR-4768-3p,832
OCRL,hsa-miR-4779,131
OCRL,hsa-miR-4780,1737
OCRL,hsa-miR-4791,1098
OCRL,hsa-miR-492,753
OCRL,hsa-miR-500b-3p,817
OCRL,hsa-miR-504-3p,436
OCRL,hsa-miR-505-5p,600
OCRL,hsa-miR-517-5p,917
OCRL,hsa-miR-5196-5p,930
OCRL,hsa-miR-520a-3p,713
OCRL,hsa-miR-520b-3p,714
OCRL,hsa-miR-520c-3p,713
OCRL,hsa-miR-520e-3p,714
OCRL,hsa-miR-520f-3p,712
OCRL,hsa-miR-520g-3p,713
OCRL,hsa-miR-520h,715
OCRL,hsa-miR-539-5p,1424
OCRL,hsa-miR-544b,899
OCRL,hsa-miR-5572,1962
OCRL,hsa-miR-593-5p,1525
OCRL,hsa-miR-608,408
OCRL,hsa-miR-6124,776
OCRL,hsa-miR-617,887
OCRL,hsa-miR-649,1601
OCRL,hsa-miR-6501-3p,2007
OCRL,hsa-miR-665,1293
OCRL,hsa-miR-6731-5p,1148
OCRL,hsa-miR-6733-3p,1657
OCRL,hsa-miR-6734-3p,1452
OCRL,hsa-miR-6737-5p,1957
OCRL,hsa-miR-6756-5p,409
OCRL,hsa-miR-6762-5p,867
OCRL,hsa-miR-6767-5p,519
OCRL,hsa-miR-6769b-5p,406
OCRL,hsa-miR-6782-5p,405
OCRL,hsa-miR-6794-3p,732
OCRL,hsa-miR-6796-5p,870
OCRL,hsa-miR-6797-5p,125
OCRL,hsa-miR-6808-5p,838
OCRL,hsa-miR-6812-5p,1959
OCRL,hsa-miR-6814-5p,491
OCRL,hsa-miR-6819-5p,1956
OCRL,hsa-miR-6823-3p,1761
OCRL,hsa-miR-6827-5p,1080
OCRL,hsa-miR-6828-3p,1595
OCRL,hsa-miR-6840-3p,814
OCRL,hsa-miR-6841-5p,309
OCRL,hsa-miR-6851-5p,849
OCRL,hsa-miR-6871-5p,1149
OCRL,hsa-miR-6882-5p,376
OCRL,hsa-miR-6888-5p,833
OCRL,hsa-miR-6891-5p,137
OCRL,hsa-miR-6893-5p,839
OCRL,hsa-miR-7160-5p,1015
OCRL,hsa-miR-764,2051
OCRL,hsa-miR-766-5p,1288
OCRL,hsa-miR-8078,842
OCRL,hsa-miR-8085,1150
OCRL,hsa-miR-92a-1-5p,1964
OCRL,hsa-miR-9851-3p,1525
PDP2,hsa-let-7b-5p,900
PDP2,hsa-let-7c-5p,900
PDP2,hsa-let-7d-5p,900
PDP2,hsa-let-7e-5p,900
PDP2,hsa-miR-10397-3p,662
PDP2,hsa-miR-10400-3p,3990
PDP2,hsa-miR-10526-3p,1555
PDP2,hsa-miR-106a-5p,3831
PDP2,hsa-miR-106b-5p,3833
PDP2,hsa-miR-12127,1086
PDP2,hsa-miR-12128,3123
PDP2,hsa-miR-1224-5p,1254
PDP2,hsa-miR-1233-5p,3646
PDP2,hsa-miR-1249-5p,2668
PDP2,hsa-miR-1257,926
PDP2,hsa-miR-125b-2-3p,4282
PDP2,hsa-miR-1270,2958
PDP2,hsa-miR-1273c,2604
PDP2,hsa-miR-1273h-5p,2430
PDP2,hsa-miR-1285-3p,2378
PDP2,hsa-miR-1289,2656
PDP2,hsa-miR-1299,725
PDP2,hsa-miR-1304-3p,4331
PDP2,hsa-miR-1343-3p,3184
PDP2,hsa-miR-149-3p,2671
PDP2,hsa-miR-149-5p,4917
PDP2,hsa-miR-1587,2269
PDP2,hsa-miR-17-5p,3831
PDP2,hsa-miR-1827,2292
PDP2,hsa-miR-183-5p,4026
PDP2,hsa-miR-184,2098
PDP2,hsa-miR-186-3p,4765
PDP2,hsa-miR-188-3p,1819
PDP2,hsa-miR-1910-3p,3496
PDP2,hsa-miR-1914-3p,920
PDP2,hsa-miR-193a-3p,4914
PDP2,hsa-miR-193b-3p,4915
PDP2,hsa-miR-1972,4722
PDP2,hsa-miR-1976,1183
PDP2,hsa-miR-198,674
PDP2,hsa-miR-199a-5p,3189
PDP2,hsa-miR-20a-5p,3831
PDP2,hsa-miR-20b-5p,3831
PDP2,hsa-miR-214-3p,3142
PDP2,hsa-miR-216a-3p,1820
PDP2,hsa-miR-216a-5p,4336
PDP2,hsa-miR-2355-5p,3098
PDP2,hsa-miR-2392,0
PDP2,hsa-miR-24-3p,816
PDP2,hsa-miR-2467-3p,905
PDP2,hsa-miR-25-3p,2228
PDP2,hsa-miR-2681-5p,3754
PDP2,hsa-miR-2861,2723
PDP2,hsa-miR-301b-3p,4031
PDP2,hsa-miR-3065-3p,2435
PDP2,hsa-miR-3065-5p,2537
PDP2,hsa-miR-30b-3p,3499
PDP2,hsa-miR-3116,2964
PDP2,hsa-miR-3130-3p,697
PDP2,hsa-miR-3135b,2028
PDP2,hsa-miR-3136-5p,1628
PDP2,hsa-miR-3146,2526
PDP2,hsa-miR-3160-3p,3479
PDP2,hsa-miR-3174,2637
PDP2,hsa-miR-3176,4008
PDP2,hsa-miR-3184-3p,1195
PDP2,hsa-miR-3187-5p,2379
PDP2,hsa-miR-3189-3p,2433
PDP2,hsa-miR-3192-5p,3496
PDP2,hsa-miR-3198,2659
PDP2,hsa-miR-324-3p,2619
PDP2,hsa-miR-339-5p,2358
PDP2,hsa-miR-3612,5044
PDP2,hsa-miR-3619-5p,3146
PDP2,hsa-miR-3620-5p,2262
PDP2,hsa-miR-3622a-5p,3522
PDP2,hsa-miR-3622b-5p,2327
PDP2,hsa-miR-3663-5p,1866
PDP2,hsa-miR-3664-3p,1165
PDP2,hsa-miR-3664-5p,4050
PDP2,hsa-miR-3665,940
PDP2,hsa-miR-367-3p,2231
PDP2,hsa-miR-3672,3944
PDP2,hsa-miR-3678-3p,2261
PDP2,hsa-miR-3689a-3p,2429
PDP2,hsa-miR-3689b-3p,2429
PDP2,hsa-miR-3689c,2429
PDP2,hsa-miR-3689d,3108
PDP2,hsa-miR-372-3p,4135
PDP2,hsa-miR-373-3p,3829
PDP2,hsa-miR-378a-5p,4178
PDP2,hsa-miR-3907,3103
PDP2,hsa-miR-3911,888
PDP2,hsa-miR-3922-3p,4005
PDP2,hsa-miR-3934-3p,289
PDP2,hsa-miR-3934-5p,3816
PDP2,hsa-miR-4252,2625
PDP2,hsa-miR-4260,1223
PDP2,hsa-miR-4270,2212
PDP2,hsa-miR-4284,2009
PDP2,hsa-miR-4298,1615
PDP2,hsa-miR-4309,2663
PDP2,hsa-miR-4320,4304
PDP2,hsa-miR-4429,4452
PDP2,hsa-miR-4430,2033
PDP2,hsa-miR-4433a-3p,776
PDP2,hsa-miR-4441,2215
PDP2,hsa-miR-4458,897
PDP2,hsa-miR-4464,62
PDP2,hsa-miR-4466,2466
PDP2,hsa-miR-4469,1186
PDP2,hsa-miR-4476,2112
PDP2,hsa-miR-4478,2297
PDP2,hsa-miR-4486,3457
PDP2,hsa-miR-4505,2472
PDP2,hsa-miR-450b-3p,4136
PDP2,hsa-miR-4533,2109
PDP2,hsa-miR-4653-3p,772
PDP2,hsa-miR-4656,4738
PDP2,hsa-miR-4660,4935
PDP2,hsa-miR-4667-3p,1183
PDP2,hsa-miR-4674,3991
PDP2,hsa-miR-4685-5p,4877
PDP2,hsa-miR-4688,4940
PDP2,hsa-miR-4690-3p,815
PDP2,hsa-miR-4695-5p,5044
PDP2,hsa-miR-4710,3705
PDP2,hsa-miR-4715-5p,942
PDP2,hsa-miR-4722-5p,2285
PDP2,hsa-miR-4728-5p,2668
PDP2,hsa-miR-4772-3p,4326
PDP2,hsa-miR-4786-5p,2390
PDP2,hsa-miR-4787-3p,4255
PDP2,hsa-miR-4793-3p,2619
PDP2,hsa-miR-4794,2219
PDP2,hsa-miR-4797-3p,718
PDP2,hsa-miR-4797-5p,2055
PDP2,hsa-miR-4801,240
PDP2,hsa-miR-483-3p,1192
PDP2,hsa-miR-486-3p,4938
PDP2,hsa-miR-5001-3p,4316
PDP2,hsa-miR-5006-5p,4944
PDP2,hsa-miR-500b-3p,1786
PDP2,hsa-miR-504-3p,2027
PDP2,hsa-miR-508-5p,2613
PDP2,hsa-miR-512-3p,4135
PDP2,hsa-miR-514a-5p,4007
PDP2,hsa-miR-516b-5p,4037
PDP2,hsa-miR-5189-5p,2374
PDP2,hsa-miR-5194,919
PDP2,hsa-miR-5197-5p,4025
PDP2,hsa-miR-519d-5p,1371
PDP2,hsa-miR-526b-3p,4142
PDP2,hsa-miR-532-3p,1819
PDP2,hsa-miR-550a-3-5p,5027
PDP2,hsa-miR-550a-5p,5024
PDP2,hsa-miR-5581-5p,3963
PDP2,hsa-miR-5589-5p,2467
PDP2,hsa-miR-5685,1326
PDP2,hsa-miR-5787,2470
PDP2,hsa-miR-6085,4746
PDP2,hsa-miR-6089,2424
PDP2,hsa-miR-612,2375
PDP2,hsa-miR-6134,2421
PDP2,hsa-miR-6165,981
PDP2,hsa-miR-617,4768
PDP2,hsa-miR-619-5p,1809
PDP2,hsa-miR-640,1837
PDP2,hsa-miR-646,3958
PDP2,hsa-miR-649,1057
PDP2,hsa-miR-650,3498
PDP2,hsa-miR-6511a-5p,3494
PDP2,hsa-miR-6512-3p,2223
PDP2,hsa-miR-6516-5p,944
PDP2,hsa-miR-653-3p,4914
PDP2,hsa-miR-661,2266
PDP2,hsa-miR-665,5050
PDP2,hsa-miR-668-3p,4045
PDP2,hsa-miR-6718-5p,3136
PDP2,hsa-miR-6720-5p,2223
PDP2,hsa-miR-6734-5p,912
PDP2,hsa-miR-6738-5p,916
PDP2,hsa-miR-6741-5p,2465
PDP2,hsa-miR-6747-3p,1964
PDP2,hsa-miR-6748-3p,1057
PDP2,hsa-miR-6749-3p,1186
PDP2,hsa-miR-6753-5p,4882
PDP2,hsa-miR-6754-5p,2209
PDP2,hsa-miR-6758-5p,2165
PDP2,hsa-miR-6760-5p,2207
PDP2,hsa-miR-6765-3p,1919
PDP2,hsa-miR-6771-5p,2301
PDP2,hsa-miR-6776-5p,2468
PDP2,hsa-miR-6778-5p,3646
PDP2,hsa-miR-6779-5p,2431
PDP2,hsa-miR-6780a-5p,2686
PDP2,hsa-miR-6783-3p,3988
PDP2,hsa-miR-6785-5p,2668
PDP2,hsa-miR-6787-3p,2934
PDP2,hsa-miR-6789-5p,4742
PDP2,hsa-miR-6794-3p,4009
PDP2,hsa-miR-6797-5p,2668
PDP2,hsa-miR-6800-3p,1105
PDP2,hsa-miR-6813-5p,4741
PDP2,hsa-miR-6815-5p,1560
PDP2,hsa-miR-6817-5p,4867
PDP2,hsa-miR-6822-5p,2672
PDP2,hsa-miR-6825-5p,2667
PDP2,hsa-miR-6828-5p,984
PDP2,hsa-miR-6829-5p,2267
PDP2,hsa-miR-6831-5p,894
PDP2,hsa-miR-6833-5p,887
PDP2,hsa-miR-6843-3p,1863
PDP2,hsa-miR-6847-3p,2455
PDP2,hsa-miR-6851-5p,3106
PDP2,hsa-miR-6852-5p,3185
PDP2,hsa-miR-6854-5p,3630
PDP2,hsa-miR-6859-5p,2167
PDP2,hsa-miR-6865-5p,1559
PDP2,hsa-miR-6881-5p,1546
PDP2,hsa-miR-6883-5p,2673
PDP2,hsa-miR-6884-5p,2292
PDP2,hsa-miR-6892-5p,5013
PDP2,hsa-miR-6893-5p,2289
PDP2,hsa-miR-6894-5p,2278
PDP2,hsa-miR-7106-5p,3650
PDP2,hsa-miR-7111-3p,3200
PDP2,hsa-miR-7150,942
PDP2,hsa-miR-7151-5p,1837
PDP2,hsa-miR-7152-3p,678
PDP2,hsa-miR-7156-3p,995
PDP2,hsa-miR-760,4993
PDP2,hsa-miR-766-3p,2221
PDP2,hsa-miR-769-3p,4134
PDP2,hsa-miR-7703,2227
PDP2,hsa-miR-7845-5p,5009
PDP2,hsa-miR-7851-3p,4785
PDP2,hsa-miR-7855-5p,3702
PDP2,hsa-miR-8075,4735
PDP2,hsa-miR-8078,2401
PDP2,hsa-miR-8080,2798
PDP2,hsa-miR-8087,186
PDP2,hsa-miR-873-5p,980
PDP2,hsa-miR-876-3p,1235
PDP2,hsa-miR-889-5p,4978
PDP2,hsa-miR-92a-3p,2229
PDP2,hsa-miR-92b-3p,2229
PDP2,hsa-miR-93-5p,3831
PDP2,hsa-miR-936,714
PDP2,hsa-miR-9986,3696
PHLPP2,hsa-miR-10523-5p,3763
PHLPP2,hsa-miR-10b-3p,1998
PHLPP2,hsa-miR-12122,696
PHLPP2,hsa-miR-1231,3735
PHLPP2,hsa-miR-1253,767
PHLPP2,hsa-miR-1271-3p,228
PHLPP2,hsa-miR-1285-3p,378
PHLPP2,hsa-miR-134-5p,3642
PHLPP2,hsa-miR-149-5p,3231
PHLPP2,hsa-miR-17-3p,161
PHLPP2,hsa-miR-1843,3369
PHLPP2,hsa-miR-185-5p,591
PHLPP2,hsa-miR-188-3p,2
PHLPP2,hsa-miR-1910-3p,341
PHLPP2,hsa-miR-1915-3p,175
PHLPP2,hsa-miR-192-3p,1219
PHLPP2,hsa-miR-194-3p,0
PHLPP2,hsa-miR-206,1569
PHLPP2,hsa-miR-21-3p,304
PHLPP2,hsa-miR-210-5p,454
PHLPP2,hsa-miR-211-3p,174
PHLPP2,hsa-miR-2110,2776
PHLPP2,hsa-miR-2114-5p,33
PHLPP2,hsa-miR-2117,951
PHLPP2,hsa-miR-2467-3p,2830
PHLPP2,hsa-miR-25-3p,136
PHLPP2,hsa-miR-28-5p,1035
PHLPP2,hsa-miR-296-5p,1252
PHLPP2,hsa-miR-302a-3p,3570
PHLPP2,hsa-miR-3064-3p,3244
PHLPP2,hsa-miR-3065-3p,2103
PHLPP2,hsa-miR-30c-1-3p,3683
PHLPP2,hsa-miR-30c-2-3p,3678
PHLPP2,hsa-miR-3117-3p,564
PHLPP2,hsa-miR-3130-5p,957
PHLPP2,hsa-miR-3136-5p,3633
PHLPP2,hsa-miR-3139,1035
PHLPP2,hsa-miR-3146,1207
PHLPP2,hsa-miR-3160-5p,544
PHLPP2,hsa-miR-3162-3p,31
PHLPP2,hsa-miR-3162-5p,1113
PHLPP2,hsa-miR-3187-5p,380
PHLPP2,hsa-miR-3192-5p,3681
PHLPP2,hsa-miR-3194-5p,461
PHLPP2,hsa-miR-330-5p,2764
PHLPP2,hsa-miR-331-3p,529
PHLPP2,hsa-miR-340-3p,105
PHLPP2,hsa-miR-346,1223
PHLPP2,hsa-miR-3622b-5p,378
PHLPP2,hsa-miR-363-5p,325
PHLPP2,hsa-miR-3664-3p,1040
PHLPP2,hsa-miR-3665,574
PHLPP2,hsa-miR-3667-3p,982
PHLPP2,hsa-miR-367-3p,138
PHLPP2,hsa-miR-3675-5p,1907
PHLPP2,hsa-miR-3692-5p,3156
PHLPP2,hsa-miR-370-5p,1282
PHLPP2,hsa-miR-373-3p,3568
PHLPP2,hsa-miR-3941,2848
PHLPP2,hsa-miR-3945,239
PHLPP2,hsa-miR-4279,1387
PHLPP2,hsa-miR-4292,530
PHLPP2,hsa-miR-4306,594
PHLPP2,hsa-miR-4420,2707
PHLPP2,hsa-miR-4433b-3p,3074
PHLPP2,hsa-miR-4439,3635
PHLPP2,hsa-miR-4446-3p,381
PHLPP2,hsa-miR-4474-3p,3315
PHLPP2,hsa-miR-4478,207
PHLPP2,hsa-miR-4492,387
PHLPP2,hsa-miR-4498,381
PHLPP2,hsa-miR-4505,384
PHLPP2,hsa-miR-4516,1115
PHLPP2,hsa-miR-4520-2-3p,2983
PHLPP2,hsa-miR-4524a-3p,198
PHLPP2,hsa-miR-4526,2705
PHLPP2,hsa-miR-4649-3p,367
PHLPP2,hsa-miR-4667-5p,2778
PHLPP2,hsa-miR-4673,619
PHLPP2,hsa-miR-4692,618
PHLPP2,hsa-miR-4700-5p,2008
PHLPP2,hsa-miR-4704-5p,3466
PHLPP2,hsa-miR-4727-5p,1220
PHLPP2,hsa-miR-4736,576
PHLPP2,hsa-miR-4740-3p,154
PHLPP2,hsa-miR-4740-5p,561
PHLPP2,hsa-miR-4768-5p,953
PHLPP2,hsa-miR-4785,3509
PHLPP2,hsa-miR-485-5p,166
PHLPP2,hsa-miR-489-3p,3725
PHLPP2,hsa-miR-493-3p,3291
PHLPP2,hsa-miR-499a-3p,735
PHLPP2,hsa-miR-5001-3p,943
PHLPP2,hsa-miR-5001-5p,380
PHLPP2,hsa-miR-500b-3p,961
PHLPP2,hsa-miR-508-5p,132
PHLPP2,hsa-miR-5189-5p,378
PHLPP2,hsa-miR-518e-5p,1396
PHLPP2,hsa-miR-518f-5p,1396
PHLPP2,hsa-miR-5193,7
PHLPP2,hsa-miR-5194,1986
PHLPP2,hsa-miR-519a-5p,1396
PHLPP2,hsa-miR-519b-5p,1396
PHLPP2,hsa-miR-519c-5p,1396
PHLPP2,hsa-miR-520f-3p,3569
PHLPP2,hsa-miR-522-5p,1396
PHLPP2,hsa-miR-523-5p,1396
PHLPP2,hsa-miR-532-3p,5
PHLPP2,hsa-miR-542-3p,1607
PHLPP2,hsa-miR-5580-5p,3158
PHLPP2,hsa-miR-5682,3185
PHLPP2,hsa-miR-5708,126
PHLPP2,hsa-miR-5787,384
PHLPP2,hsa-miR-589-3p,549
PHLPP2,hsa-miR-589-5p,1391
PHLPP2,hsa-miR-612,376
PHLPP2,hsa-miR-6132,388
PHLPP2,hsa-miR-6134,2388
PHLPP2,hsa-miR-626,1228
PHLPP2,hsa-miR-630,1488
PHLPP2,hsa-miR-635,1253
PHLPP2,hsa-miR-642a-5p,1385
PHLPP2,hsa-miR-6499-3p,1263
PHLPP2,hsa-miR-6501-3p,2595
PHLPP2,hsa-miR-6511a-5p,335
PHLPP2,hsa-miR-6720-5p,131
PHLPP2,hsa-miR-6724-5p,1251
PHLPP2,hsa-miR-6732-3p,19
PHLPP2,hsa-miR-6734-3p,1087
PHLPP2,hsa-miR-6738-5p,1985
PHLPP2,hsa-miR-6745,325
PHLPP2,hsa-miR-6749-3p,8
PHLPP2,hsa-miR-6764-5p,173
PHLPP2,hsa-miR-6765-3p,2782
PHLPP2,hsa-miR-6769a-3p,457
PHLPP2,hsa-miR-6769b-3p,1791
PHLPP2,hsa-miR-6771-5p,208
PHLPP2,hsa-miR-6772-3p,3162
PHLPP2,hsa-miR-6774-5p,1251
PHLPP2,hsa-miR-6779-5p,342
PHLPP2,hsa-miR-6780a-5p,340
PHLPP2,hsa-miR-6788-5p,3685
PHLPP2,hsa-miR-6791-5p,522
PHLPP2,hsa-miR-6792-3p,647
PHLPP2,hsa-miR-6793-3p,28
PHLPP2,hsa-miR-6799-5p,2860
PHLPP2,hsa-miR-6808-5p,617
PHLPP2,hsa-miR-6810-5p,2008
PHLPP2,hsa-miR-6817-3p,953
PHLPP2,hsa-miR-6817-5p,1291
PHLPP2,hsa-miR-6829-3p,12
PHLPP2,hsa-miR-6829-5p,922
PHLPP2,hsa-miR-6833-5p,1573
PHLPP2,hsa-miR-6836-5p,388
PHLPP2,hsa-miR-6845-3p,1383
PHLPP2,hsa-miR-6847-5p,332
PHLPP2,hsa-miR-6849-3p,298
PHLPP2,hsa-miR-6851-3p,991
PHLPP2,hsa-miR-6857-3p,118
PHLPP2,hsa-miR-6858-3p,460
PHLPP2,hsa-miR-6860,381
PHLPP2,hsa-miR-6862-5p,377
PHLPP2,hsa-miR-6871-3p,3185
PHLPP2,hsa-miR-6873-3p,948
PHLPP2,hsa-miR-6875-3p,535
PHLPP2,hsa-miR-6876-3p,1223
PHLPP2,hsa-miR-6880-3p,1085
PHLPP2,hsa-miR-6884-5p,168
PHLPP2,hsa-miR-6892-3p,1385
PHLPP2,hsa-miR-7113-5p,175
PHLPP2,hsa-miR-7150,578
PHLPP2,hsa-miR-7156-5p,1331
PHLPP2,hsa-miR-7160-3p,994
PHLPP2,hsa-miR-762,381
PHLPP2,hsa-miR-764,230
PHLPP2,hsa-miR-766-3p,132
PHLPP2,hsa-miR-770-5p,533
PHLPP2,hsa-miR-7703,135
PHLPP2,hsa-miR-7845-5p,173
PHLPP2,hsa-miR-8089,2008
PHLPP2,hsa-miR-892b,3232
PHLPP2,hsa-miR-92a-1-5p,2366
PHLPP2,hsa-miR-92a-3p,142
PHLPP2,hsa-miR-92b-3p,142
PHLPP2,hsa-miR-938,1234
RDX,hsa-let-7a-5p,958
RDX,hsa-let-7b-5p,958
RDX,hsa-let-7c-5p,958
RDX,hsa-let-7e-5p,958
RDX,hsa-let-7g-5p,958
RDX,hsa-let-7i-5p,958
RDX,hsa-miR-122b-3p,205
RDX,hsa-miR-1294,962
RDX,hsa-miR-141-3p,474
RDX,hsa-miR-200a-3p,474
RDX,hsa-miR-21-3p,679
RDX,hsa-miR-216a-3p,1380
RDX,hsa-miR-346,1760
RDX,hsa-miR-373-3p,80
RDX,hsa-miR-4300,760
RDX,hsa-miR-4657,383
RDX,hsa-miR-4769-5p,66
RDX,hsa-miR-4776-5p,185
RDX,hsa-miR-485-5p,780
RDX,hsa-miR-511-5p,113
RDX,hsa-miR-520d-3p,83
RDX,hsa-miR-562,1609
RDX,hsa-miR-587,1882
RDX,hsa-miR-6506-3p,1340
RDX,hsa-miR-6506-5p,2293
RDX,hsa-miR-6509-3p,502
RDX,hsa-miR-6726-5p,756
RDX,hsa-miR-6737-3p,501
RDX,hsa-miR-6758-3p,1230
RDX,hsa-miR-6768-3p,40
RDX,hsa-miR-6833-3p,1225
RDX,hsa-miR-6863,275
RDX,hsa-miR-6873-3p,1235
RDX,hsa-miR-708-5p,1166
RDX,hsa-miR-7110-3p,1222
RDX,hsa-miR-8485,1257
RDX,hsa-miR-942-3p,434
RDX,hsa-miR-98-5p,958
RUNDC3B,hsa-miR-122b-5p,2052
RUNDC3B,hsa-miR-1278,1217
RUNDC3B,hsa-miR-149-3p,2138
RUNDC3B,hsa-miR-150-5p,1665
RUNDC3B,hsa-miR-155-3p,1308
RUNDC3B,hsa-miR-2115-5p,1435
RUNDC3B,hsa-miR-3158-3p,1440
RUNDC3B,hsa-miR-3191-5p,319
RUNDC3B,hsa-miR-3198,350
RUNDC3B,hsa-miR-383-3p,894
RUNDC3B,hsa-miR-4309,352
RUNDC3B,hsa-miR-4443,2153
RUNDC3B,hsa-miR-4539,807
RUNDC3B,hsa-miR-4635,330
RUNDC3B,hsa-miR-4685-3p,1679
RUNDC3B,hsa-miR-4717-3p,2186
RUNDC3B,hsa-miR-4728-3p,1620
RUNDC3B,hsa-miR-4728-5p,2138
RUNDC3B,hsa-miR-4739,2134
RUNDC3B,hsa-miR-4769-5p,1101
RUNDC3B,hsa-miR-4776-5p,1786
RUNDC3B,hsa-miR-4797-3p,1227
RUNDC3B,hsa-miR-4800-5p,1789
RUNDC3B,hsa-miR-5088-3p,1677
RUNDC3B,hsa-miR-518c-5p,343
RUNDC3B,hsa-miR-548aa,1320
RUNDC3B,hsa-miR-548t-3p,1320
RUNDC3B,hsa-miR-5695,99
RUNDC3B,hsa-miR-573,1417
RUNDC3B,hsa-miR-593-3p,360
RUNDC3B,hsa-miR-6127,2144
RUNDC3B,hsa-miR-670-5p,1424
RUNDC3B,hsa-miR-6729-3p,1632
RUNDC3B,hsa-miR-6776-3p,1320
RUNDC3B,hsa-miR-6785-5p,2139
RUNDC3B,hsa-miR-6838-5p,1735
RUNDC3B,hsa-miR-6883-5p,2137
RUNDC3B,hsa-miR-7109-3p,827
RUNDC3B,hsa-miR-7157-5p,2156
RUNDC3B,hsa-miR-766-5p,1979
RUNDC3B,hsa-miR-8075,1616
SLC25A46,hsa-miR-10b-3p,1811
SLC25A46,hsa-miR-12129,2855
SLC25A46,hsa-miR-1238-5p,2754
SLC25A46,hsa-miR-1292-5p,2185
SLC25A46,hsa-miR-141-5p,9
SLC25A46,hsa-miR-194-3p,2349
SLC25A46,hsa-miR-2861,2347
SLC25A46,hsa-miR-300,1182
SLC25A46,hsa-miR-3059-5p,952
SLC25A46,hsa-miR-3180-5p,6
SLC25A46,hsa-miR-320a-3p,2779
SLC25A46,hsa-miR-320b,2779
SLC25A46,hsa-miR-3691-3p,482
SLC25A46,hsa-miR-381-3p,1182
SLC25A46,hsa-miR-4429,2781
SLC25A46,hsa-miR-4533,167
SLC25A46,hsa-miR-4661-3p,1846
SLC25A46,hsa-miR-4684-3p,2943
SLC25A46,hsa-miR-4691-5p,2920
SLC25A46,hsa-miR-4751,2351
SLC25A46,hsa-miR-4758-5p,2756
SLC25A46,hsa-miR-4794,2985
SLC25A46,hsa-miR-485-3p,3262
SLC25A46,hsa-miR-493-3p,2523
SLC25A46,hsa-miR-498-5p,673
SLC25A46,hsa-miR-5008-3p,1417
SLC25A46,hsa-miR-5187-5p,606
SLC25A46,hsa-miR-519d-3p,1304
SLC25A46,hsa-miR-519e-5p,2005
SLC25A46,hsa-miR-520g-3p,1303
SLC25A46,hsa-miR-520h,1305
SLC25A46,hsa-miR-5685,828
SLC25A46,hsa-miR-5693,843
SLC25A46,hsa-miR-637,2604
SLC25A46,hsa-miR-6738-3p,253
SLC25A46,hsa-miR-6757-5p,606
SLC25A46,hsa-miR-6792-3p,2921
SLC25A46,hsa-miR-6846-5p,2604
SLC25A46,hsa-miR-6848-5p,2603
SLC25A46,hsa-miR-6862-3p,1192
SLC25A46,hsa-miR-6874-3p,2705
SLC25A46,hsa-miR-8485,1593
SLC25A46,hsa-miR-93-5p,1304
SMG1,hsa-miR-10397-5p,198
SMG1,hsa-miR-10526-3p,658
SMG1,hsa-miR-106a-5p,1526
SMG1,hsa-miR-106b-5p,1528
SMG1,hsa-miR-11181-3p,2829
SMG1,hsa-miR-11401,270
SMG1,hsa-miR-1178-5p,349
SMG1,hsa-miR-12114,344
SMG1,hsa-miR-12115,2826
SMG1,hsa-miR-124-5p,229
SMG1,hsa-miR-1249-5p,2795
SMG1,hsa-miR-125a-5p,158
SMG1,hsa-miR-125b-2-3p,3101
SMG1,hsa-miR-125b-5p,158
SMG1,hsa-miR-1284,2611
SMG1,hsa-miR-1288-5p,3164
SMG1,hsa-miR-1292-5p,652
SMG1,hsa-miR-1295b-3p,3516
SMG1,hsa-miR-1299,860
SMG1,hsa-miR-1301-3p,148
SMG1,hsa-miR-1304-3p,1717
SMG1,hsa-miR-1343-3p,1697
SMG1,hsa-miR-143-5p,1736
SMG1,hsa-miR-1538,3509
SMG1,hsa-miR-154-5p,2859
SMG1,hsa-miR-17-5p,1526
SMG1,hsa-miR-1976,1682
SMG1,hsa-miR-198,2592
SMG1,hsa-miR-20a-5p,1526
SMG1,hsa-miR-20b-5p,1526
SMG1,hsa-miR-216a-3p,871
SMG1,hsa-miR-216b-5p,1828
SMG1,hsa-miR-2278,2226
SMG1,hsa-miR-298,3248
SMG1,hsa-miR-3085-5p,2407
SMG1,hsa-miR-3125,2807
SMG1,hsa-miR-3135b,1747
SMG1,hsa-miR-3147,163
SMG1,hsa-miR-3165,30
SMG1,hsa-miR-361-3p,88
SMG1,hsa-miR-3612,2784
SMG1,hsa-miR-3652,1746
SMG1,hsa-miR-3691-5p,26
SMG1,hsa-miR-372-3p,1520
SMG1,hsa-miR-373-3p,1524
SMG1,hsa-miR-3916,2621
SMG1,hsa-miR-3918,2597
SMG1,hsa-miR-3937,226
SMG1,hsa-miR-3943,88
SMG1,hsa-miR-4252,1505
SMG1,hsa-miR-4258,1647
SMG1,hsa-miR-4292,193
SMG1,hsa-miR-432-5p,2507
SMG1,hsa-miR-433-3p,1551
SMG1,hsa-miR-4420,3667
SMG1,hsa-miR-4430,1747
SMG1,hsa-miR-4436b-3p,3256
SMG1,hsa-miR-4474-3p,57
SMG1,hsa-miR-4478,48
SMG1,hsa-miR-4523,121
SMG1,hsa-miR-454-3p,3981
SMG1,hsa-miR-4632-5p,3254
SMG1,hsa-miR-4638-5p,1724
SMG1,hsa-miR-4666a-3p,4644
SMG1,hsa-miR-4671-5p,3455
SMG1,hsa-miR-4685-5p,2593
SMG1,hsa-miR-4695-5p,4507
SMG1,hsa-miR-4699-5p,3453
SMG1,hsa-miR-4707-3p,1544
SMG1,hsa-miR-4709-3p,2878
SMG1,hsa-miR-4716-3p,657
SMG1,hsa-miR-4723-5p,2786
SMG1,hsa-miR-4734,143
SMG1,hsa-miR-4745-3p,3510
SMG1,hsa-miR-4745-5p,379
SMG1,hsa-miR-4747-3p,3510
SMG1,hsa-miR-4780,200
SMG1,hsa-miR-4786-3p,2617
SMG1,hsa-miR-493-5p,852
SMG1,hsa-miR-5001-3p,2546
SMG1,hsa-miR-5007-5p,1765
SMG1,hsa-miR-5008-3p,316
SMG1,hsa-miR-504-3p,1740
SMG1,hsa-miR-504-5p,194
SMG1,hsa-miR-5087,373
SMG1,hsa-miR-517-5p,2182
SMG1,hsa-miR-5190,872
SMG1,hsa-miR-519b-3p,3979
SMG1,hsa-miR-519d-5p,948
SMG1,hsa-miR-544b,46
SMG1,hsa-miR-5584-3p,3902
SMG1,hsa-miR-5585-3p,3653
SMG1,hsa-miR-5698,2788
SMG1,hsa-miR-585-3p,169
SMG1,hsa-miR-619-5p,1521
SMG1,hsa-miR-625-5p,3800
SMG1,hsa-miR-6509-5p,3276
SMG1,hsa-miR-6511b-5p,180
SMG1,hsa-miR-660-3p,1702
SMG1,hsa-miR-670-5p,163
SMG1,hsa-miR-671-5p,2617
SMG1,hsa-miR-6735-5p,3252
SMG1,hsa-miR-6737-3p,314
SMG1,hsa-miR-6737-5p,620
SMG1,hsa-miR-6742-3p,1698
SMG1,hsa-miR-6747-3p,1678
SMG1,hsa-miR-6750-5p,626
SMG1,hsa-miR-6753-5p,2601
SMG1,hsa-miR-6754-3p,203
SMG1,hsa-miR-6760-3p,1844
SMG1,hsa-miR-6763-5p,643
SMG1,hsa-miR-6768-5p,348
SMG1,hsa-miR-6784-3p,3215
SMG1,hsa-miR-6789-3p,1647
SMG1,hsa-miR-6790-3p,14
SMG1,hsa-miR-6791-3p,1703
SMG1,hsa-miR-6791-5p,195
SMG1,hsa-miR-6794-5p,658
SMG1,hsa-miR-6795-5p,3797
SMG1,hsa-miR-6797-5p,2502
SMG1,hsa-miR-6799-3p,3410
SMG1,hsa-miR-6811-5p,182
SMG1,hsa-miR-6822-5p,632
SMG1,hsa-miR-6825-5p,638
SMG1,hsa-miR-6826-3p,3941
SMG1,hsa-miR-6832-5p,2957
SMG1,hsa-miR-6837-5p,2600
SMG1,hsa-miR-6841-5p,2885
SMG1,hsa-miR-6843-3p,1572
SMG1,hsa-miR-6847-5p,2807
SMG1,hsa-miR-6852-5p,194
SMG1,hsa-miR-6855-5p,188
SMG1,hsa-miR-6856-3p,4080
SMG1,hsa-miR-6859-5p,3522
SMG1,hsa-miR-6862-3p,3212
SMG1,hsa-miR-6870-5p,2791
SMG1,hsa-miR-6875-5p,2500
SMG1,hsa-miR-6878-5p,3600
SMG1,hsa-miR-6879-5p,3255
SMG1,hsa-miR-6884-5p,44
SMG1,hsa-miR-7106-5p,637
SMG1,hsa-miR-7109-5p,3801
SMG1,hsa-miR-7111-5p,2788
SMG1,hsa-miR-7155-5p,194
SMG1,hsa-miR-7157-3p,312
SMG1,hsa-miR-7160-5p,2680
SMG1,hsa-miR-765,635
SMG1,hsa-miR-770-5p,479
SMG1,hsa-miR-7847-3p,2829
SMG1,hsa-miR-7851-3p,3207
SMG1,hsa-miR-7974,417
SMG1,hsa-miR-8064,939
SMG1,hsa-miR-8070,416
SMG1,hsa-miR-8077,42
SMG1,hsa-miR-8087,2236
SMG1,hsa-miR-877-5p,3524
SMG1,hsa-miR-93-5p,1526
SYNPO2,hsa-miR-10226,1475
SYNPO2,hsa-miR-1178-3p,462
SYNPO2,hsa-miR-1202,258
SYNPO2,hsa-miR-1204,2131
SYNPO2,hsa-miR-1255b-2-3p,1313
SYNPO2,hsa-miR-1273h-5p,778
SYNPO2,hsa-miR-1275,2024
SYNPO2,hsa-miR-1283,41
SYNPO2,hsa-miR-1291,2128
SYNPO2,hsa-miR-139-5p,10
SYNPO2,hsa-miR-1827,639
SYNPO2,hsa-miR-25-3p,575
SYNPO2,hsa-miR-29c-3p,1406
SYNPO2,hsa-miR-3135b,2506
SYNPO2,hsa-miR-3173-3p,2825
SYNPO2,hsa-miR-3183,2227
SYNPO2,hsa-miR-3184-3p,2237
SYNPO2,hsa-miR-3197,608
SYNPO2,hsa-miR-330-3p,2673
SYNPO2,hsa-miR-345-3p,1021
SYNPO2,hsa-miR-3664-3p,645
SYNPO2,hsa-miR-367-3p,578
SYNPO2,hsa-miR-3689a-3p,779
SYNPO2,hsa-miR-3689b-3p,779
SYNPO2,hsa-miR-3689c,779
SYNPO2,hsa-miR-378c,359
SYNPO2,hsa-miR-378h,366
SYNPO2,hsa-miR-378i,363
SYNPO2,hsa-miR-3908,2147
SYNPO2,hsa-miR-3929,773
SYNPO2,hsa-miR-3934-5p,681
SYNPO2,hsa-miR-3944-5p,2371
SYNPO2,hsa-miR-411-3p,1260
SYNPO2,hsa-miR-422a,362
SYNPO2,hsa-miR-4253,1496
SYNPO2,hsa-miR-4298,560
SYNPO2,hsa-miR-4450,2016
SYNPO2,hsa-miR-4463,573
SYNPO2,hsa-miR-4472,2024
SYNPO2,hsa-miR-4478,647
SYNPO2,hsa-miR-4494,569
SYNPO2,hsa-miR-450b-3p,1949
SYNPO2,hsa-miR-4695-5p,607
SYNPO2,hsa-miR-4722-5p,627
SYNPO2,hsa-miR-4747-5p,2772
SYNPO2,hsa-miR-4799-3p,455
SYNPO2,hsa-miR-508-5p,569
SYNPO2,hsa-miR-5089-5p,1469
SYNPO2,hsa-miR-510-5p,646
SYNPO2,hsa-miR-5683,1032
SYNPO2,hsa-miR-596,1244
SYNPO2,hsa-miR-6074,2948
SYNPO2,hsa-miR-652-5p,40
SYNPO2,hsa-miR-663b,2130
SYNPO2,hsa-miR-665,616
SYNPO2,hsa-miR-6741-3p,2668
SYNPO2,hsa-miR-6756-5p,562
SYNPO2,hsa-miR-6765-5p,764
SYNPO2,hsa-miR-6766-5p,561
SYNPO2,hsa-miR-6779-5p,781
SYNPO2,hsa-miR-6780a-5p,776
SYNPO2,hsa-miR-6796-5p,2016
SYNPO2,hsa-miR-6808-5p,631
SYNPO2,hsa-miR-6810-5p,1024
SYNPO2,hsa-miR-6840-3p,618
SYNPO2,hsa-miR-6862-5p,1494
SYNPO2,hsa-miR-6884-5p,641
SYNPO2,hsa-miR-7160-5p,640
SYNPO2,hsa-miR-766-5p,2824
SYNPO2,hsa-miR-7848-3p,1271
SYNPO2,hsa-miR-8070,2727
SYNPO2,hsa-miR-8485,141
SYNPO2,hsa-miR-876-3p,673
SYNPO2,hsa-miR-92a-3p,581
TUFT1,hsa-miR-10394-5p,500
TUFT1,hsa-miR-1178-5p,1183
TUFT1,hsa-miR-1183,240
TUFT1,hsa-miR-1205,1186
TUFT1,hsa-miR-12125,541
TUFT1,hsa-miR-1229-3p,540
TUFT1,hsa-miR-1266-5p,1042
TUFT1,hsa-miR-149-5p,221
TUFT1,hsa-miR-150-3p,718
TUFT1,hsa-miR-1827,1328
TUFT1,hsa-miR-183-5p,304
TUFT1,hsa-miR-1910-3p,23
TUFT1,hsa-miR-1911-3p,536
TUFT1,hsa-miR-1915-5p,530
TUFT1,hsa-miR-21-3p,1515
TUFT1,hsa-miR-2355-5p,586
TUFT1,hsa-miR-2467-3p,18
TUFT1,hsa-miR-301a-5p,1060
TUFT1,hsa-miR-3064-5p,1643
TUFT1,hsa-miR-3085-3p,1642
TUFT1,hsa-miR-3125,977
TUFT1,hsa-miR-3137,642
TUFT1,hsa-miR-3154,276
TUFT1,hsa-miR-3155a,752
TUFT1,hsa-miR-3157-5p,1370
TUFT1,hsa-miR-3160-3p,1281
TUFT1,hsa-miR-3192-5p,680
TUFT1,hsa-miR-3199,774
TUFT1,hsa-miR-324-3p,1266
TUFT1,hsa-miR-330-5p,745
TUFT1,hsa-miR-33b-3p,179
TUFT1,hsa-miR-345-3p,1723
TUFT1,hsa-miR-346,151
TUFT1,hsa-miR-34a-5p,59
TUFT1,hsa-miR-34b-5p,60
TUFT1,hsa-miR-34c-5p,59
TUFT1,hsa-miR-361-3p,403
TUFT1,hsa-miR-363-5p,1452
TUFT1,hsa-miR-3678-3p,1014
TUFT1,hsa-miR-3679-3p,405
TUFT1,hsa-miR-3907,167
TUFT1,hsa-miR-3922-5p,572
TUFT1,hsa-miR-4252,1269
TUFT1,hsa-miR-4436b-3p,490
TUFT1,hsa-miR-4446-3p,190
TUFT1,hsa-miR-4456,724
TUFT1,hsa-miR-4478,1333
TUFT1,hsa-miR-4497,1309
TUFT1,hsa-miR-449a,58
TUFT1,hsa-miR-449b-5p,58
TUFT1,hsa-miR-449c-5p,56
TUFT1,hsa-miR-4514,981
TUFT1,hsa-miR-4515,781
TUFT1,hsa-miR-452-3p,1109
TUFT1,hsa-miR-4632-5p,490
TUFT1,hsa-miR-4638-3p,378
TUFT1,hsa-miR-4639-5p,445
TUFT1,hsa-miR-4649-3p,344
TUFT1,hsa-miR-4656,354
TUFT1,hsa-miR-4667-3p,593
TUFT1,hsa-miR-4673,0
TUFT1,hsa-miR-4676-5p,1413
TUFT1,hsa-miR-4685-5p,481
TUFT1,hsa-miR-4688,41
TUFT1,hsa-miR-4695-5p,502
TUFT1,hsa-miR-4701-3p,1252
TUFT1,hsa-miR-4705,387
TUFT1,hsa-miR-4714-5p,1060
TUFT1,hsa-miR-4722-5p,501
TUFT1,hsa-miR-4733-3p,537
TUFT1,hsa-miR-4739,270
TUFT1,hsa-miR-4753-5p,571
TUFT1,hsa-miR-4756-5p,271
TUFT1,hsa-miR-4786-5p,1426
TUFT1,hsa-miR-4793-3p,1263
TUFT1,hsa-miR-4797-5p,1248
TUFT1,hsa-miR-4802-3p,1774
TUFT1,hsa-miR-500b-3p,570
TUFT1,hsa-miR-508-5p,1259
TUFT1,hsa-miR-515-5p,1073
TUFT1,hsa-miR-5193,591
TUFT1,hsa-miR-541-5p,1644
TUFT1,hsa-miR-5691,1760
TUFT1,hsa-miR-6085,135
TUFT1,hsa-miR-6086,1294
TUFT1,hsa-miR-6126,322
TUFT1,hsa-miR-6134,1460
TUFT1,hsa-miR-6499-5p,1502
TUFT1,hsa-miR-6504-5p,1643
TUFT1,hsa-miR-6511a-3p,541
TUFT1,hsa-miR-6511a-5p,17
TUFT1,hsa-miR-6511b-3p,540
TUFT1,hsa-miR-668-3p,942
TUFT1,hsa-miR-670-5p,610
TUFT1,hsa-miR-671-5p,1465
TUFT1,hsa-miR-6716-5p,124
TUFT1,hsa-miR-6720-5p,1258
TUFT1,hsa-miR-6735-5p,486
TUFT1,hsa-miR-6736-5p,1252
TUFT1,hsa-miR-6741-5p,93
TUFT1,hsa-miR-6743-5p,40
TUFT1,hsa-miR-6745,1449
TUFT1,hsa-miR-6748-5p,1455
TUFT1,hsa-miR-6749-3p,590
TUFT1,hsa-miR-6768-5p,112
TUFT1,hsa-miR-6769a-5p,1458
TUFT1,hsa-miR-6769b-5p,1453
TUFT1,hsa-miR-6771-5p,1336
TUFT1,hsa-miR-6776-5p,97
TUFT1,hsa-miR-6781-5p,1508
TUFT1,hsa-miR-6800-3p,337
TUFT1,hsa-miR-6805-3p,1759
TUFT1,hsa-miR-6807-5p,1631
TUFT1,hsa-miR-6813-5p,133
TUFT1,hsa-miR-6834-5p,1731
TUFT1,hsa-miR-6837-5p,494
TUFT1,hsa-miR-6838-5p,11
TUFT1,hsa-miR-6840-3p,402
TUFT1,hsa-miR-6847-5p,975
TUFT1,hsa-miR-6849-3p,1422
TUFT1,hsa-miR-6879-5p,492
TUFT1,hsa-miR-6884-5p,1329
TUFT1,hsa-miR-7153-3p,1515
TUFT1,hsa-miR-7156-3p,91
TUFT1,hsa-miR-760,751
TUFT1,hsa-miR-766-3p,1259
TUFT1,hsa-miR-7703,1262
TUFT1,hsa-miR-7855-5p,119
TUFT1,hsa-miR-874-3p,225
TUFT1,hsa-miR-885-3p,487
TUFT1,hsa-miR-892b,547
TUFT1,hsa-miR-922,669
TXNIP,hsa-miR-1180-5p,82
TXNIP,hsa-miR-12122,974
TXNIP,hsa-miR-130a-3p,680
TXNIP,hsa-miR-130b-3p,680
TXNIP,hsa-miR-141-5p,424
TXNIP,hsa-miR-15b-5p,951
TXNIP,hsa-miR-17-3p,1137
TXNIP,hsa-miR-186-5p,1354
TXNIP,hsa-miR-18a-3p,1061
TXNIP,hsa-miR-204-5p,429
TXNIP,hsa-miR-211-5p,432
TXNIP,hsa-miR-216a-3p,976
TXNIP,hsa-miR-27b-3p,978
TXNIP,hsa-miR-296-3p,1020
TXNIP,hsa-miR-298,814
TXNIP,hsa-miR-301a-3p,686
TXNIP,hsa-miR-301b-5p,1197
TXNIP,hsa-miR-302c-3p,1149
TXNIP,hsa-miR-3064-5p,171
TXNIP,hsa-miR-3085-3p,1238
TXNIP,hsa-miR-3119,663
TXNIP,hsa-miR-3147,1012
TXNIP,hsa-miR-3154,812
TXNIP,hsa-miR-3175,806
TXNIP,hsa-miR-3184-5p,1127
TXNIP,hsa-miR-3202,1091
TXNIP,hsa-miR-370-3p,129
TXNIP,hsa-miR-3929,964
TXNIP,hsa-miR-3975,93
TXNIP,hsa-miR-411-5p,844
TXNIP,hsa-miR-424-5p,957
TXNIP,hsa-miR-4295,689
TXNIP,hsa-miR-4428,258
TXNIP,hsa-miR-4436a,1189
TXNIP,hsa-miR-4436b-3p,1101
TXNIP,hsa-miR-4439,1158
TXNIP,hsa-miR-4476,1094
TXNIP,hsa-miR-4513,1153
TXNIP,hsa-miR-4526,962
TXNIP,hsa-miR-4632-5p,1100
TXNIP,hsa-miR-4658,47
TXNIP,hsa-miR-4690-3p,1250
TXNIP,hsa-miR-4732-5p,586
TXNIP,hsa-miR-4750-3p,294
TXNIP,hsa-miR-4755-5p,429
TXNIP,hsa-miR-5006-3p,433
TXNIP,hsa-miR-501-5p,151
TXNIP,hsa-miR-512-3p,1145
TXNIP,hsa-miR-513a-5p,563
TXNIP,hsa-miR-519d-5p,330
TXNIP,hsa-miR-520g-3p,1176
TXNIP,hsa-miR-520h,1178
TXNIP,hsa-miR-548au-3p,644
TXNIP,hsa-miR-5688,200
TXNIP,hsa-miR-627-5p,59
TXNIP,hsa-miR-652-5p,853
TXNIP,hsa-miR-665,142
TXNIP,hsa-miR-6732-5p,1092
TXNIP,hsa-miR-6735-5p,1092
TXNIP,hsa-miR-6768-5p,1104
TXNIP,hsa-miR-6840-3p,139
TXNIP,hsa-miR-6874-5p,1206
TXNIP,hsa-miR-6879-5p,1102
TXNIP,hsa-miR-6881-5p,1338
TXNIP,hsa-miR-6883-3p,1119
TXNIP,hsa-miR-6893-3p,128
TXNIP,hsa-miR-6894-3p,132
TXNIP,hsa-miR-7114-3p,87
TXNIP,hsa-miR-873-3p,68
TXNIP,hsa-miR-92a-2-5p,647
TXNIP,hsa-miR-93-3p,129
TXNIP,hsa-miR-9851-5p,1145
UBP1,hsa-miR-1204,222
UBP1,hsa-miR-1229-3p,623
UBP1,hsa-miR-1249-5p,805
UBP1,hsa-miR-1293,821
UBP1,hsa-miR-1302,1866
UBP1,hsa-miR-132-5p,220
UBP1,hsa-miR-134-5p,1651
UBP1,hsa-miR-150-3p,1640
UBP1,hsa-miR-184,1227
UBP1,hsa-miR-193a-3p,257
UBP1,hsa-miR-204-3p,1248
UBP1,hsa-miR-2114-3p,499
UBP1,hsa-miR-214-3p,243
UBP1,hsa-miR-2278,244
UBP1,hsa-miR-2392,850
UBP1,hsa-miR-298,706
UBP1,hsa-miR-30c-1-3p,1440
UBP1,hsa-miR-30c-2-3p,1440
UBP1,hsa-miR-31-3p,234
UBP1,hsa-miR-3130-3p,228
UBP1,hsa-miR-3176,262
UBP1,hsa-miR-34c-5p,154
UBP1,hsa-miR-3617-3p,468
UBP1,hsa-miR-3619-5p,245
UBP1,hsa-miR-3692-5p,433
UBP1,hsa-miR-383-3p,421
UBP1,hsa-miR-4298,1865
UBP1,hsa-miR-4447,829
UBP1,hsa-miR-4472,828
UBP1,hsa-miR-4483,825
UBP1,hsa-miR-4485-3p,480
UBP1,hsa-miR-4534,814
UBP1,hsa-miR-4644,801
UBP1,hsa-miR-4651,843
UBP1,hsa-miR-4690-5p,244
UBP1,hsa-miR-4692,237
UBP1,hsa-miR-4727-5p,254
UBP1,hsa-miR-4742-3p,263
UBP1,hsa-miR-4757-5p,255
UBP1,hsa-miR-4758-3p,424
UBP1,hsa-miR-5000-3p,1359
UBP1,hsa-miR-5002-5p,1152
UBP1,hsa-miR-5190,1651
UBP1,hsa-miR-5196-5p,1241
UBP1,hsa-miR-525-5p,213
UBP1,hsa-miR-608,819
UBP1,hsa-miR-6127,809
UBP1,hsa-miR-6133,807
UBP1,hsa-miR-615-3p,500
UBP1,hsa-miR-6501-3p,247
UBP1,hsa-miR-6515-5p,805
UBP1,hsa-miR-6730-5p,352
UBP1,hsa-miR-6731-5p,804
UBP1,hsa-miR-6744-3p,254
UBP1,hsa-miR-6750-3p,1668
UBP1,hsa-miR-6751-5p,824
UBP1,hsa-miR-6752-5p,820
UBP1,hsa-miR-6756-5p,821
UBP1,hsa-miR-6758-5p,798
UBP1,hsa-miR-6760-3p,417
UBP1,hsa-miR-6760-5p,804
UBP1,hsa-miR-6769a-3p,1100
UBP1,hsa-miR-6780a-5p,1215
UBP1,hsa-miR-6781-3p,495
UBP1,hsa-miR-6797-5p,803
UBP1,hsa-miR-6801-5p,815
UBP1,hsa-miR-6803-5p,821
UBP1,hsa-miR-6819-3p,498
UBP1,hsa-miR-6823-3p,497
UBP1,hsa-miR-6842-5p,822
UBP1,hsa-miR-6849-5p,1189
UBP1,hsa-miR-6861-5p,1351
UBP1,hsa-miR-6866-3p,948
UBP1,hsa-miR-6877-3p,499
UBP1,hsa-miR-6878-3p,259
UBP1,hsa-miR-6888-5p,140
UBP1,hsa-miR-6894-3p,230
UBP1,hsa-miR-7106-5p,1216
UBP1,hsa-miR-7110-5p,821
UBP1,hsa-miR-7111-3p,625
UBP1,hsa-miR-7155-5p,882
UBP1,hsa-miR-761,244
UBP1,hsa-miR-7851-3p,1348
UBP1,hsa-miR-8075,1259
UBP1,hsa-miR-8085,804
UBP1,hsa-miR-8087,58
UBP1,hsa-miR-874-5p,428
UBP1,hsa-miR-92a-2-5p,838
ZDHHC9,hsa-miR-101-5p,197
ZDHHC9,hsa-miR-10394-5p,930
ZDHHC9,hsa-miR-10396a-5p,1160
ZDHHC9,hsa-miR-103b,22
ZDHHC9,hsa-miR-10526-3p,785
ZDHHC9,hsa-miR-11181-3p,769
ZDHHC9,hsa-miR-11181-5p,472
ZDHHC9,hsa-miR-1193,2787
ZDHHC9,hsa-miR-1199-5p,2189
ZDHHC9,hsa-miR-1207-5p,2341
ZDHHC9,hsa-miR-12118,768
ZDHHC9,hsa-miR-12119,868
ZDHHC9,hsa-miR-1229-5p,673
ZDHHC9,hsa-miR-1236-3p,1998
ZDHHC9,hsa-miR-1249-5p,278
ZDHHC9,hsa-miR-1272,2690
ZDHHC9,hsa-miR-1291,1771
ZDHHC9,hsa-miR-1296-3p,604
ZDHHC9,hsa-miR-1296-5p,2680
ZDHHC9,hsa-miR-1324,1334
ZDHHC9,hsa-miR-134-5p,390
ZDHHC9,hsa-miR-1343-3p,2719
ZDHHC9,hsa-miR-138-5p,2413
ZDHHC9,hsa-miR-146b-3p,255
ZDHHC9,hsa-miR-148a-5p,1371
ZDHHC9,hsa-miR-148b-5p,1372
ZDHHC9,hsa-miR-185-5p,760
ZDHHC9,hsa-miR-1909-5p,2134
ZDHHC9,hsa-miR-1915-3p,1207
ZDHHC9,hsa-miR-197-3p,2631
ZDHHC9,hsa-miR-204-3p,1877
ZDHHC9,hsa-miR-2115-3p,2272
ZDHHC9,hsa-miR-2276-5p,2444
ZDHHC9,hsa-miR-2392,2792
ZDHHC9,hsa-miR-299-5p,1366
ZDHHC9,hsa-miR-3127-3p,1489
ZDHHC9,hsa-miR-3127-5p,939
ZDHHC9,hsa-miR-3144-5p,260
ZDHHC9,hsa-miR-3151-5p,604
ZDHHC9,hsa-miR-3153,2575
ZDHHC9,hsa-miR-3173-3p,763
ZDHHC9,hsa-miR-3175,2528
ZDHHC9,hsa-miR-3176,2583
ZDHHC9,hsa-miR-3183,972
ZDHHC9,hsa-miR-3190-3p,539
ZDHHC9,hsa-miR-3190-5p,414
ZDHHC9,hsa-miR-3193,1757
ZDHHC9,hsa-miR-3202,1438
ZDHHC9,hsa-miR-324-3p,170
ZDHHC9,hsa-miR-328-5p,1772
ZDHHC9,hsa-miR-330-5p,1190
ZDHHC9,hsa-miR-331-3p,414
ZDHHC9,hsa-miR-338-5p,1704
ZDHHC9,hsa-miR-345-3p,1254
ZDHHC9,hsa-miR-361-3p,1140
ZDHHC9,hsa-miR-3616-3p,2337
ZDHHC9,hsa-miR-3620-5p,2168
ZDHHC9,hsa-miR-3622a-3p,35
ZDHHC9,hsa-miR-3622b-3p,36
ZDHHC9,hsa-miR-3679-3p,3001
ZDHHC9,hsa-miR-3691-5p,585
ZDHHC9,hsa-miR-372-3p,1169
ZDHHC9,hsa-miR-373-3p,1169
ZDHHC9,hsa-miR-378a-3p,381
ZDHHC9,hsa-miR-378b,384
ZDHHC9,hsa-miR-378c,378
ZDHHC9,hsa-miR-378d,383
ZDHHC9,hsa-miR-378e,384
ZDHHC9,hsa-miR-378h,382
ZDHHC9,hsa-miR-378i,382
ZDHHC9,hsa-miR-3907,1301
ZDHHC9,hsa-miR-3915,868
ZDHHC9,hsa-miR-3916,1311
ZDHHC9,hsa-miR-3918,225
ZDHHC9,hsa-miR-3925-5p,2055
ZDHHC9,hsa-miR-3943,1138
ZDHHC9,hsa-miR-3944-5p,372
ZDHHC9,hsa-miR-422a,381
ZDHHC9,hsa-miR-4257,406
ZDHHC9,hsa-miR-4270,917
ZDHHC9,hsa-miR-4271,1436
ZDHHC9,hsa-miR-4286,470
ZDHHC9,hsa-miR-4292,2478
ZDHHC9,hsa-miR-4294,919
ZDHHC9,hsa-miR-4298,2400
ZDHHC9,hsa-miR-4302,1140
ZDHHC9,hsa-miR-4303,2193
ZDHHC9,hsa-miR-4306,765
ZDHHC9,hsa-miR-4314,1193
ZDHHC9,hsa-miR-432-5p,1149
ZDHHC9,hsa-miR-4435,409
ZDHHC9,hsa-miR-4436a,2784
ZDHHC9,hsa-miR-4436b-5p,2287
ZDHHC9,hsa-miR-4439,187
ZDHHC9,hsa-miR-4446-3p,295
ZDHHC9,hsa-miR-4448,3021
ZDHHC9,hsa-miR-4474-3p,250
ZDHHC9,hsa-miR-4476,2532
ZDHHC9,hsa-miR-4481,607
ZDHHC9,hsa-miR-4482-5p,425
ZDHHC9,hsa-miR-4489,780
ZDHHC9,hsa-miR-4498,294
ZDHHC9,hsa-miR-4505,295
ZDHHC9,hsa-miR-4508,1161
ZDHHC9,hsa-miR-450b-3p,2601
ZDHHC9,hsa-miR-4512,941
ZDHHC9,hsa-miR-4513,186
ZDHHC9,hsa-miR-4519,1082
ZDHHC9,hsa-miR-4522,1185
ZDHHC9,hsa-miR-4533,1432
ZDHHC9,hsa-miR-4632-5p,1081
ZDHHC9,hsa-miR-4639-3p,464
ZDHHC9,hsa-miR-4640-5p,2677
ZDHHC9,hsa-miR-4644,760
ZDHHC9,hsa-miR-4646-5p,1878
ZDHHC9,hsa-miR-4656,2166
ZDHHC9,hsa-miR-4667-3p,455
ZDHHC9,hsa-miR-4685-5p,222
ZDHHC9,hsa-miR-4690-3p,1214
ZDHHC9,hsa-miR-4693-3p,2959
ZDHHC9,hsa-miR-4695-5p,1426
ZDHHC9,hsa-miR-4710,2215
ZDHHC9,hsa-miR-4716-3p,1436
ZDHHC9,hsa-miR-4721,296
ZDHHC9,hsa-miR-4722-5p,299
ZDHHC9,hsa-miR-4723-5p,996
ZDHHC9,hsa-miR-4725-3p,1434
ZDHHC9,hsa-miR-4726-5p,2676
ZDHHC9,hsa-miR-4739,2202
ZDHHC9,hsa-miR-4740-3p,1085
ZDHHC9,hsa-miR-4745-5p,604
ZDHHC9,hsa-miR-4747-5p,1433
ZDHHC9,hsa-miR-4748,2606
ZDHHC9,hsa-miR-4750-3p,470
ZDHHC9,hsa-miR-4757-5p,934
ZDHHC9,hsa-miR-4763-3p,2338
ZDHHC9,hsa-miR-4769-3p,833
ZDHHC9,hsa-miR-4778-3p,1263
ZDHHC9,hsa-miR-4784,766
ZDHHC9,hsa-miR-4786-5p,316
ZDHHC9,hsa-miR-4793-5p,2581
ZDHHC9,hsa-miR-5001-5p,292
ZDHHC9,hsa-miR-5002-3p,390
ZDHHC9,hsa-miR-5006-5p,226
ZDHHC9,hsa-miR-512-5p,1056
ZDHHC9,hsa-miR-515-5p,1535
ZDHHC9,hsa-miR-516b-5p,284
ZDHHC9,hsa-miR-5189-3p,2591
ZDHHC9,hsa-miR-518c-5p,386
ZDHHC9,hsa-miR-5190,311
ZDHHC9,hsa-miR-5192,2530
ZDHHC9,hsa-miR-5193,457
ZDHHC9,hsa-miR-5195-3p,203
ZDHHC9,hsa-miR-5196-5p,1432
ZDHHC9,hsa-miR-519e-5p,1537
ZDHHC9,hsa-miR-548b-3p,431
ZDHHC9,hsa-miR-548q,2415
ZDHHC9,hsa-miR-5685,1214
ZDHHC9,hsa-miR-5698,996
ZDHHC9,hsa-miR-5702,2021
ZDHHC9,hsa-miR-575,351
ZDHHC9,hsa-miR-5787,293
ZDHHC9,hsa-miR-6085,782
ZDHHC9,hsa-miR-6088,760
ZDHHC9,hsa-miR-6124,613
ZDHHC9,hsa-miR-6127,2211
ZDHHC9,hsa-miR-6129,2210
ZDHHC9,hsa-miR-6133,2210
ZDHHC9,hsa-miR-615-5p,268
ZDHHC9,hsa-miR-6165,304
ZDHHC9,hsa-miR-619-5p,290
ZDHHC9,hsa-miR-637,1222
ZDHHC9,hsa-miR-642a-5p,1661
ZDHHC9,hsa-miR-6511a-3p,2632
ZDHHC9,hsa-miR-6511b-3p,2631
ZDHHC9,hsa-miR-6511b-5p,924
ZDHHC9,hsa-miR-6513-5p,2598
ZDHHC9,hsa-miR-6515-3p,449
ZDHHC9,hsa-miR-654-5p,1115
ZDHHC9,hsa-miR-660-5p,206
ZDHHC9,hsa-miR-661,2575
ZDHHC9,hsa-miR-664b-5p,775
ZDHHC9,hsa-miR-665,481
ZDHHC9,hsa-miR-671-5p,1143
ZDHHC9,hsa-miR-6721-5p,2341
ZDHHC9,hsa-miR-6731-5p,994
ZDHHC9,hsa-miR-6732-5p,273
ZDHHC9,hsa-miR-6734-5p,904
ZDHHC9,hsa-miR-6735-5p,1077
ZDHHC9,hsa-miR-6744-3p,935
ZDHHC9,hsa-miR-6748-3p,533
ZDHHC9,hsa-miR-6754-5p,917
ZDHHC9,hsa-miR-6756-3p,1488
ZDHHC9,hsa-miR-6758-5p,274
ZDHHC9,hsa-miR-6760-5p,2777
ZDHHC9,hsa-miR-6761-5p,2060
ZDHHC9,hsa-miR-6762-5p,1220
ZDHHC9,hsa-miR-6763-5p,1508
ZDHHC9,hsa-miR-6764-5p,1205
ZDHHC9,hsa-miR-6768-5p,919
ZDHHC9,hsa-miR-6775-3p,1769
ZDHHC9,hsa-miR-6776-5p,116
ZDHHC9,hsa-miR-6777-3p,465
ZDHHC9,hsa-miR-6779-5p,361
ZDHHC9,hsa-miR-6780a-5p,355
ZDHHC9,hsa-miR-6780b-5p,1432
ZDHHC9,hsa-miR-6787-3p,2686
ZDHHC9,hsa-miR-6788-5p,581
ZDHHC9,hsa-miR-6791-5p,2472
ZDHHC9,hsa-miR-6794-5p,1438
ZDHHC9,hsa-miR-6797-5p,279
ZDHHC9,hsa-miR-6808-5p,2793
ZDHHC9,hsa-miR-6811-5p,931
ZDHHC9,hsa-miR-6813-5p,779
ZDHHC9,hsa-miR-6814-5p,1533
ZDHHC9,hsa-miR-6817-3p,975
ZDHHC9,hsa-miR-6817-5p,831
ZDHHC9,hsa-miR-6823-3p,976
ZDHHC9,hsa-miR-6826-3p,2447
ZDHHC9,hsa-miR-6837-5p,227
ZDHHC9,hsa-miR-6840-3p,2182
ZDHHC9,hsa-miR-6845-5p,1224
ZDHHC9,hsa-miR-6849-5p,584
ZDHHC9,hsa-miR-6851-3p,2485
ZDHHC9,hsa-miR-6852-5p,2121
ZDHHC9,hsa-miR-6855-5p,2141
ZDHHC9,hsa-miR-6856-3p,1215
ZDHHC9,hsa-miR-6856-5p,270
ZDHHC9,hsa-miR-6859-5p,1308
ZDHHC9,hsa-miR-6861-5p,674
ZDHHC9,hsa-miR-6867-3p,460
ZDHHC9,hsa-miR-6870-5p,999
ZDHHC9,hsa-miR-6873-3p,1987
ZDHHC9,hsa-miR-6876-5p,2672
ZDHHC9,hsa-miR-6877-3p,972
ZDHHC9,hsa-miR-6877-5p,1111
ZDHHC9,hsa-miR-6878-5p,2773
ZDHHC9,hsa-miR-6879-5p,1081
ZDHHC9,hsa-miR-6881-5p,2713
ZDHHC9,hsa-miR-6885-5p,1772
ZDHHC9,hsa-miR-6889-3p,969
ZDHHC9,hsa-miR-6890-3p,173
ZDHHC9,hsa-miR-6891-5p,768
ZDHHC9,hsa-miR-6893-5p,2792
ZDHHC9,hsa-miR-6894-5p,356
ZDHHC9,hsa-miR-6895-3p,2013
ZDHHC9,hsa-miR-6895-5p,2675
ZDHHC9,hsa-miR-7106-5p,361
ZDHHC9,hsa-miR-7111-5p,993
ZDHHC9,hsa-miR-7155-3p,223
ZDHHC9,hsa-miR-7160-3p,224
ZDHHC9,hsa-miR-7160-5p,249
ZDHHC9,hsa-miR-744-5p,1157
ZDHHC9,hsa-miR-760,1192
ZDHHC9,hsa-miR-762,294
ZDHHC9,hsa-miR-765,1428
ZDHHC9,hsa-miR-766-5p,1145
ZDHHC9,hsa-miR-769-3p,289
ZDHHC9,hsa-miR-7843-5p,1080
ZDHHC9,hsa-miR-7851-3p,2122
ZDHHC9,hsa-miR-8057,1194
ZDHHC9,hsa-miR-8085,996
ZDHHC9,hsa-miR-8089,2119
ZDHHC9,hsa-miR-877-3p,451
ZDHHC9,hsa-miR-942-5p,2256
ZDHHC9,hsa-miR-9851-5p,499
ZDHHC9,hsa-miR-9900,1243
ZNF275,hsa-let-7b-5p,1205
ZNF275,hsa-let-7c-5p,3416
ZNF275,hsa-let-7d-5p,3412
ZNF275,hsa-let-7e-5p,1204
ZNF275,hsa-let-7f-5p,3412
ZNF275,hsa-let-7g-5p,3412
ZNF275,hsa-miR-10226,3500
ZNF275,hsa-miR-10394-5p,3867
ZNF275,hsa-miR-10396b-5p,310
ZNF275,hsa-miR-103b,2326
ZNF275,hsa-miR-11181-3p,4804
ZNF275,hsa-miR-1180-5p,4235
ZNF275,hsa-miR-1184,1241
ZNF275,hsa-miR-1197,3273
ZNF275,hsa-miR-1207-5p,2271
ZNF275,hsa-miR-1224-3p,1749
ZNF275,hsa-miR-1224-5p,348
ZNF275,hsa-miR-1226-5p,381
ZNF275,hsa-miR-1229-5p,3777
ZNF275,hsa-miR-1248,2871
ZNF275,hsa-miR-1255b-5p,1795
ZNF275,hsa-miR-1262,2068
ZNF275,hsa-miR-1265,2114
ZNF275,hsa-miR-1269a,210
ZNF275,hsa-miR-1271-3p,2688
ZNF275,hsa-miR-1275,2469
ZNF275,hsa-miR-1278,4097
ZNF275,hsa-miR-1296-3p,3753
ZNF275,hsa-miR-134-3p,2517
ZNF275,hsa-miR-1343-5p,300
ZNF275,hsa-miR-138-1-3p,2415
ZNF275,hsa-miR-138-5p,109
ZNF275,hsa-miR-149-3p,552
ZNF275,hsa-miR-1587,1726
ZNF275,hsa-miR-185-3p,2542
ZNF275,hsa-miR-188-5p,3010
ZNF275,hsa-miR-18a-3p,2379
ZNF275,hsa-miR-1908-5p,308
ZNF275,hsa-miR-1911-3p,1266
ZNF275,hsa-miR-1915-3p,2324
ZNF275,hsa-miR-1915-5p,2611
ZNF275,hsa-miR-204-3p,2569
ZNF275,hsa-miR-21-3p,3812
ZNF275,hsa-miR-2114-3p,700
ZNF275,hsa-miR-219a-1-3p,288
ZNF275,hsa-miR-221-5p,1251
ZNF275,hsa-miR-2276-3p,2777
ZNF275,hsa-miR-2276-5p,24
ZNF275,hsa-miR-2392,2698
ZNF275,hsa-miR-23a-5p,607
ZNF275,hsa-miR-2682-5p,3575
ZNF275,hsa-miR-298,2162
ZNF275,hsa-miR-3059-5p,2261
ZNF275,hsa-miR-3064-5p,3940
ZNF275,hsa-miR-3085-3p,3935
ZNF275,hsa-miR-3085-5p,2908
ZNF275,hsa-miR-30c-1-3p,3139
ZNF275,hsa-miR-31-5p,2943
ZNF275,hsa-miR-3135b,1157
ZNF275,hsa-miR-3139,2012
ZNF275,hsa-miR-3142,4138
ZNF275,hsa-miR-3151-5p,2547
ZNF275,hsa-miR-3153,3113
ZNF275,hsa-miR-3162-3p,270
ZNF275,hsa-miR-3173-3p,2117
ZNF275,hsa-miR-3174,4745
ZNF275,hsa-miR-3180,306
ZNF275,hsa-miR-3180-3p,305
ZNF275,hsa-miR-3183,244
ZNF275,hsa-miR-3184-5p,2267
ZNF275,hsa-miR-3187-5p,2346
ZNF275,hsa-miR-3189-3p,3961
ZNF275,hsa-miR-3191-3p,4194
ZNF275,hsa-miR-3191-5p,1775
ZNF275,hsa-miR-3192-5p,3063
ZNF275,hsa-miR-3194-3p,2655
ZNF275,hsa-miR-3196,311
ZNF275,hsa-miR-323a-5p,1256
ZNF275,hsa-miR-324-3p,1934
ZNF275,hsa-miR-326,24
ZNF275,hsa-miR-330-5p,21
ZNF275,hsa-miR-331-3p,2898
ZNF275,hsa-miR-339-5p,6
ZNF275,hsa-miR-34a-5p,2316
ZNF275,hsa-miR-34b-5p,3576
ZNF275,hsa-miR-34c-5p,2316
ZNF275,hsa-miR-3616-3p,379
ZNF275,hsa-miR-3619-5p,4129
ZNF275,hsa-miR-3620-3p,1097
ZNF275,hsa-miR-3620-5p,1722
ZNF275,hsa-miR-3651,2323
ZNF275,hsa-miR-3667-3p,4135
ZNF275,hsa-miR-3678-3p,665
ZNF275,hsa-miR-3691-3p,4782
ZNF275,hsa-miR-3908,1652
ZNF275,hsa-miR-3918,3887
ZNF275,hsa-miR-3921,4103
ZNF275,hsa-miR-3928-5p,2657
ZNF275,hsa-miR-3929,4755
ZNF275,hsa-miR-423-5p,2273
ZNF275,hsa-miR-4252,2515
ZNF275,hsa-miR-4265,2522
ZNF275,hsa-miR-4268,2354
ZNF275,hsa-miR-4270,1814
ZNF275,hsa-miR-4290,2381
ZNF275,hsa-miR-4302,1867
ZNF275,hsa-miR-4316,1952
ZNF275,hsa-miR-4322,2519
ZNF275,hsa-miR-4420,679
ZNF275,hsa-miR-4421,4845
ZNF275,hsa-miR-4430,1162
ZNF275,hsa-miR-4435,4141
ZNF275,hsa-miR-4436a,781
ZNF275,hsa-miR-4436b-3p,3861
ZNF275,hsa-miR-4446-3p,3873
ZNF275,hsa-miR-4447,4819
ZNF275,hsa-miR-4456,4026
ZNF275,hsa-miR-4458,1207
ZNF275,hsa-miR-4463,1391
ZNF275,hsa-miR-4472,4818
ZNF275,hsa-miR-4474-3p,2529
ZNF275,hsa-miR-4476,3092
ZNF275,hsa-miR-4480,4267
ZNF275,hsa-miR-4491,220
ZNF275,hsa-miR-4492,1728
ZNF275,hsa-miR-4498,1723
ZNF275,hsa-miR-449a,2319
ZNF275,hsa-miR-449b-5p,2319
ZNF275,hsa-miR-449c-5p,3572
ZNF275,hsa-miR-4502,3979
ZNF275,hsa-miR-4505,1726
ZNF275,hsa-miR-4506,4823
ZNF275,hsa-miR-4511,1510
ZNF275,hsa-miR-4522,37
ZNF275,hsa-miR-4530,4132
ZNF275,hsa-miR-4538,296
ZNF275,hsa-miR-4632-5p,3861
ZNF275,hsa-miR-4646-5p,2567
ZNF275,hsa-miR-4647,3117
ZNF275,hsa-miR-4650-5p,4141
ZNF275,hsa-miR-4651,3916
ZNF275,hsa-miR-4656,4808
ZNF275,hsa-miR-4665-5p,2465
ZNF275,hsa-miR-4667-3p,2602
ZNF275,hsa-miR-4673,3578
ZNF275,hsa-miR-4684-3p,2337
ZNF275,hsa-miR-4685-5p,2321
ZNF275,hsa-miR-4687-3p,2341
ZNF275,hsa-miR-4688,2504
ZNF275,hsa-miR-4689,4802
ZNF275,hsa-miR-4691-3p,1238
ZNF275,hsa-miR-4695-5p,1376
ZNF275,hsa-miR-4700-5p,20
ZNF275,hsa-miR-4710,586
ZNF275,hsa-miR-4713-3p,2981
ZNF275,hsa-miR-4717-3p,2200
ZNF275,hsa-miR-4721,4176
ZNF275,hsa-miR-4723-5p,298
ZNF275,hsa-miR-4728-5p,554
ZNF275,hsa-miR-4739,549
ZNF275,hsa-miR-4745-5p,3753
ZNF275,hsa-miR-4748,3548
ZNF275,hsa-miR-4749-3p,275
ZNF275,hsa-miR-4751,2427
ZNF275,hsa-miR-4758-3p,1935
ZNF275,hsa-miR-4758-5p,1633
ZNF275,hsa-miR-4763-3p,2268
ZNF275,hsa-miR-4763-5p,1757
ZNF275,hsa-miR-4764-5p,2110
ZNF275,hsa-miR-4769-3p,32
ZNF275,hsa-miR-4776-5p,4184
ZNF275,hsa-miR-4793-3p,1093
ZNF275,hsa-miR-4800-5p,4187
ZNF275,hsa-miR-4802-3p,3818
ZNF275,hsa-miR-488-3p,4858
ZNF275,hsa-miR-491-5p,4193
ZNF275,hsa-miR-5001-3p,2651
ZNF275,hsa-miR-5001-5p,1722
ZNF275,hsa-miR-5004-5p,1013
ZNF275,hsa-miR-5006-5p,2609
ZNF275,hsa-miR-5008-3p,4091
ZNF275,hsa-miR-5008-5p,2765
ZNF275,hsa-miR-5093,2446
ZNF275,hsa-miR-5189-5p,2347
ZNF275,hsa-miR-541-3p,2636
ZNF275,hsa-miR-550a-3-5p,2694
ZNF275,hsa-miR-550a-5p,2691
ZNF275,hsa-miR-5580-5p,4223
ZNF275,hsa-miR-5586-5p,1758
ZNF275,hsa-miR-5589-5p,3374
ZNF275,hsa-miR-5698,298
ZNF275,hsa-miR-5699-3p,4845
ZNF275,hsa-miR-5708,677
ZNF275,hsa-miR-578,2094
ZNF275,hsa-miR-5787,1723
ZNF275,hsa-miR-596,1756
ZNF275,hsa-miR-602,3234
ZNF275,hsa-miR-6071,2062
ZNF275,hsa-miR-608,3909
ZNF275,hsa-miR-6081,3058
ZNF275,hsa-miR-612,2344
ZNF275,hsa-miR-6125,1163
ZNF275,hsa-miR-6128,1350
ZNF275,hsa-miR-615-3p,2251
ZNF275,hsa-miR-619-5p,360
ZNF275,hsa-miR-637,2708
ZNF275,hsa-miR-638,683
ZNF275,hsa-miR-6509-3p,2386
ZNF275,hsa-miR-6512-3p,1757
ZNF275,hsa-miR-6515-5p,2509
ZNF275,hsa-miR-654-5p,2635
ZNF275,hsa-miR-657,2498
ZNF275,hsa-miR-660-3p,2355
ZNF275,hsa-miR-661,1367
ZNF275,hsa-miR-663a,305
ZNF275,hsa-miR-664a-5p,1890
ZNF275,hsa-miR-665,1128
ZNF275,hsa-miR-6716-5p,4713
ZNF275,hsa-miR-6718-5p,1853
ZNF275,hsa-miR-6719-3p,3355
ZNF275,hsa-miR-6720-5p,2713
ZNF275,hsa-miR-6721-5p,2269
ZNF275,hsa-miR-6724-5p,2634
ZNF275,hsa-miR-6726-5p,300
ZNF275,hsa-miR-6728-3p,2251
ZNF275,hsa-miR-6729-3p,27
ZNF275,hsa-miR-6732-5p,4798
ZNF275,hsa-miR-6735-5p,2316
ZNF275,hsa-miR-6736-5p,3368
ZNF275,hsa-miR-6737-3p,4092
ZNF275,hsa-miR-6737-5p,3751
ZNF275,hsa-miR-6739-5p,3112
ZNF275,hsa-miR-6741-5p,858
ZNF275,hsa-miR-6742-5p,3754
ZNF275,hsa-miR-6743-5p,2273
ZNF275,hsa-miR-6748-3p,7
ZNF275,hsa-miR-6749-3p,4135
ZNF275,hsa-miR-6751-5p,2704
ZNF275,hsa-miR-6752-5p,4796
ZNF275,hsa-miR-6754-5p,1810
ZNF275,hsa-miR-6756-5p,4665
ZNF275,hsa-miR-6757-5p,3089
ZNF275,hsa-miR-6762-3p,1991
ZNF275,hsa-miR-6764-5p,2319
ZNF275,hsa-miR-6765-3p,1748
ZNF275,hsa-miR-6766-5p,4667
ZNF275,hsa-miR-6768-3p,4852
ZNF275,hsa-miR-6768-5p,2401
ZNF275,hsa-miR-6769a-3p,275
ZNF275,hsa-miR-6769a-5p,4419
ZNF275,hsa-miR-6769b-5p,4417
ZNF275,hsa-miR-6770-5p,2624
ZNF275,hsa-miR-6773-5p,2634
ZNF275,hsa-miR-6783-3p,2350
ZNF275,hsa-miR-6785-5p,552
ZNF275,hsa-miR-6787-5p,307
ZNF275,hsa-miR-6789-5p,1059
ZNF275,hsa-miR-6793-5p,4420
ZNF275,hsa-miR-6795-5p,297
ZNF275,hsa-miR-6796-3p,2656
ZNF275,hsa-miR-6803-5p,2708
ZNF275,hsa-miR-6805-3p,2245
ZNF275,hsa-miR-6806-3p,2654
ZNF275,hsa-miR-6810-5p,4194
ZNF275,hsa-miR-6812-5p,3747
ZNF275,hsa-miR-6814-5p,3330
ZNF275,hsa-miR-6816-5p,308
ZNF275,hsa-miR-6819-3p,2254
ZNF275,hsa-miR-6819-5p,3749
ZNF275,hsa-miR-6821-3p,283
ZNF275,hsa-miR-6821-5p,3518
ZNF275,hsa-miR-6823-3p,2255
ZNF275,hsa-miR-6824-5p,4873
ZNF275,hsa-miR-6825-5p,4810
ZNF275,hsa-miR-6826-3p,18
ZNF275,hsa-miR-6827-5p,2462
ZNF275,hsa-miR-6828-3p,2251
ZNF275,hsa-miR-6828-5p,4274
ZNF275,hsa-miR-6829-5p,1996
ZNF275,hsa-miR-6831-5p,3411
ZNF275,hsa-miR-6837-5p,3876
ZNF275,hsa-miR-6840-3p,2016
ZNF275,hsa-miR-6842-3p,1997
ZNF275,hsa-miR-6842-5p,4793
ZNF275,hsa-miR-6849-3p,1759
ZNF275,hsa-miR-6852-5p,1371
ZNF275,hsa-miR-6854-5p,2437
ZNF275,hsa-miR-6855-5p,1716
ZNF275,hsa-miR-6856-3p,2552
ZNF275,hsa-miR-6858-5p,581
ZNF275,hsa-miR-6860,2348
ZNF275,hsa-miR-6870-5p,304
ZNF275,hsa-miR-6871-5p,1872
ZNF275,hsa-miR-6876-5p,3090
ZNF275,hsa-miR-6877-3p,2253
ZNF275,hsa-miR-6878-5p,3136
ZNF275,hsa-miR-6879-3p,1100
ZNF275,hsa-miR-6879-5p,2319
ZNF275,hsa-miR-6883-5p,554
ZNF275,hsa-miR-6885-3p,2365
ZNF275,hsa-miR-6887-3p,274
ZNF275,hsa-miR-6887-5p,302
ZNF275,hsa-miR-6890-3p,2386
ZNF275,hsa-miR-6891-5p,2124
ZNF275,hsa-miR-6894-5p,2115
ZNF275,hsa-miR-6895-5p,3885
ZNF275,hsa-miR-708-5p,2012
ZNF275,hsa-miR-7110-5p,4795
ZNF275,hsa-miR-7111-3p,2259
ZNF275,hsa-miR-7111-5p,2464
ZNF275,hsa-miR-7153-5p,4560
ZNF275,hsa-miR-7155-5p,1371
ZNF275,hsa-miR-7156-3p,1236
ZNF275,hsa-miR-7160-5p,4806
ZNF275,hsa-miR-7161-3p,3162
ZNF275,hsa-miR-762,1723
ZNF275,hsa-miR-764,4292
ZNF275,hsa-miR-765,4799
ZNF275,hsa-miR-769-3p,357
ZNF275,hsa-miR-7843-5p,2316
ZNF275,hsa-miR-8073,1249
ZNF275,hsa-miR-8078,2105
ZNF275,hsa-miR-873-3p,1389
ZNF275,hsa-miR-887-3p,2945
ZNF275,hsa-miR-889-5p,2341
ZNF275,hsa-miR-920,302
ZNF275,hsa-miR-921,4744
ZNF275,hsa-miR-922,2166
ZNF275,hsa-miR-92a-2-5p,4816
ZNF275,hsa-miR-939-5p,299
ZNF275,hsa-miR-9902,4162
ZNF691,hsa-miR-10398-5p,537
ZNF691,hsa-miR-10527-5p,426
ZNF691,hsa-miR-122-5p,560
ZNF691,hsa-miR-1249-5p,585
ZNF691,hsa-miR-125a-5p,526
ZNF691,hsa-miR-125b-5p,532
ZNF691,hsa-miR-1275,597
ZNF691,hsa-miR-149-3p,589
ZNF691,hsa-miR-17-3p,383
ZNF691,hsa-miR-2110,610
ZNF691,hsa-miR-3116,181
ZNF691,hsa-miR-3649,504
ZNF691,hsa-miR-370-5p,455
ZNF691,hsa-miR-378a-5p,125
ZNF691,hsa-miR-4469,1
ZNF691,hsa-miR-4471,401
ZNF691,hsa-miR-4639-3p,13
ZNF691,hsa-miR-4665-5p,564
ZNF691,hsa-miR-4667-3p,148
ZNF691,hsa-miR-4667-5p,610
ZNF691,hsa-miR-4700-5p,610
ZNF691,hsa-miR-4723-5p,561
ZNF691,hsa-miR-4728-5p,585
ZNF691,hsa-miR-4736,601
ZNF691,hsa-miR-4769-5p,86
ZNF691,hsa-miR-483-3p,451
ZNF691,hsa-miR-493-3p,554
ZNF691,hsa-miR-5187-5p,85
ZNF691,hsa-miR-519d-5p,87
ZNF691,hsa-miR-532-3p,446
ZNF691,hsa-miR-548av-3p,389
ZNF691,hsa-miR-5698,566
ZNF691,hsa-miR-6529-5p,434
ZNF691,hsa-miR-668-3p,451
ZNF691,hsa-miR-6728-5p,87
ZNF691,hsa-miR-6742-3p,547
ZNF691,hsa-miR-6749-3p,448
ZNF691,hsa-miR-6751-3p,261
ZNF691,hsa-miR-6768-3p,300
ZNF691,hsa-miR-6770-5p,455
ZNF691,hsa-miR-6791-5p,547
ZNF691,hsa-miR-6794-3p,0
ZNF691,hsa-miR-6794-5p,297
ZNF691,hsa-miR-6797-5p,582
ZNF691,hsa-miR-6798-5p,296
ZNF691,hsa-miR-6808-5p,600
ZNF691,hsa-miR-6825-5p,587
ZNF691,hsa-miR-6870-5p,565
ZNF691,hsa-miR-6873-3p,10
ZNF691,hsa-miR-6893-5p,600
ZNF691,hsa-miR-6895-3p,19
ZNF691,hsa-miR-7106-3p,530
ZNF691,hsa-miR-7110-3p,13
ZNF691,hsa-miR-7111-5p,560
ZNF691,hsa-miR-7703,378
ZNF691,hsa-miR-8052,287
ZNF691,hsa-miR-8059,402
ZNF691,hsa-miR-8089,604
