gene	miRNA	utrprism	utrprism_replicate_sd	full_model_zero_coverage	sequence_only	coverage_gain_vs_zero	n_sites	site_coverage_mean	site_coverage_sd	miranda_score_max	miranda_energy_min	ko_mean	wt_mean	mrna_log2_ko_wt	clip_peak_count	clip_wt_ko_log2fc_max	clip_wt_ko_log2fc_mean	clip_support
1700025G04Rik	mmu-miR-122-5p	0.0584899134933948	0.0024517263742207	0.0507247447967529	0.0517210997641086	0.0077651686966419	1	0.3358	0.4203173800831937	157.0	-21.65	0.889678599	1.4103191732	-0.6098214771169183	0.0	0.0	0.0	False
1700030K09Rik	mmu-miR-122-5p	0.1102608069777488	0.0077515032812157	0.0904514491558075	0.1024784371256828	0.0198093578219413	1	0.7512	0.812692869416239	159.0	-21.12	1.81262120175	1.1492397972	0.614500738157752	1.0	4.658780493	4.658780493	True
2210016L21Rik	mmu-miR-122-5p	0.0827120169997215	0.0025202212574203	0.0519247651100158	0.0808054879307746	0.0307872518897056	1	2.9718000000000004	0.7122883545306634	154.0	-21.21	6.367491218	4.2074258162	0.5863802397912206	1.0	0.822279225	0.822279225	True
2310011J03Rik	mmu-miR-122-5p	0.0982012510299682	0.0014733019882048	0.0856486335396766	0.1056991294026374	0.0125526174902916	1	1.1271999999999998	0.2388800954453928	166.0	-22.88	10.83661091825	7.1048797848	0.6021194751521161	1.0	2.951562242	2.951562242	True
2310022B05Rik	mmu-miR-122-5p	0.0801429793238639	0.0044052966593767	0.0563781037926673	0.086310975253582	0.0237648755311965	1	3.1162	0.696811093482301	140.0	-23.04	9.058331041	5.211871304400001	0.7858645206273813	2.0	4.729169821	4.2853213055	True
2900026A02Rik	mmu-miR-122-5p	0.0671940118074417	0.0024961560567428	0.0578218065202236	0.0786038562655448	0.009372205287218	2	3.4826	0.7353467209418969	142.0	-21.12	20.3433077275	14.798660700000005	0.4564459963332883	1.0	5.948883142	5.948883142	True
3110040N11Rik	mmu-miR-122-5p	0.0905403763055801	0.0098137810555067	0.0615600198507308	0.1153662875294685	0.0289803564548492	1	0.2162	0.4834378967354546	145.0	-21.46	17.35019425	9.6714375996	0.836600360135272	0.0	0.0	0.0	False
4930544G11Rik	mmu-miR-122-5p	0.0918698608875274	0.0	0.0918698608875274	0.1697035580873489	0.0	1	0.0	0.0	144.0	-20.95	0.009134226	0.0	0.1261036217064218	0.0	0.0	0.0	False
4930550C14Rik	mmu-miR-122-5p	0.0834762081503868	0.0020987774103991	0.0825376063585281	0.1268182545900344	0.0009386017918586	1	0.0	0.0	151.0	-20.7	0.3051864305	0.070067297	1.2524801143810258	0.0	0.0	0.0	False
5730507C01Rik	mmu-miR-122-5p	0.1427476868033409	0.0378712841199694	0.0876247584819793	0.1410136520862579	0.0551229283213615	1	0.2794	0.2659028017904287	145.0	-20.64	1.326964401	1.4724888526000002	-0.1401004460267166	0.0	0.0	0.0	False
5730522E02Rik	mmu-miR-122-5p	0.1248391062021255	0.0039681480780792	0.1226541772484779	0.1864905208349228	0.0021849289536476	1	0.103	0.2303150016824783	147.0	-23.21	0.21264078675	0.1673325214	0.2258706486560491	0.0	0.0	0.0	False
A530016L24Rik	mmu-miR-122-5p	0.0704767942428588	0.0047827407160284	0.0654600858688354	0.0836593359708786	0.0050167083740234	1	0.1197999999999999	0.2678809437044748	154.0	-24.52	0.0241889495	0.0387252324	-0.1596934135501913	0.0	0.0	0.0	False
AU021092	mmu-miR-122-5p	0.0890327677130699	0.0034407131589234	0.0718761458992958	0.104409784078598	0.0171566218137741	2	0.0	0.0	150.0	-22.88	2.3056275205	1.6095495526	0.4927970366274339	0.0	0.0	0.0	False
AW554918	mmu-miR-122-5p	0.0821518614888191	0.0029843730408136	0.0583324208855629	0.0878954455256462	0.0238194406032562	1	0.7073999999999999	0.4056362902897126	140.0	-20.11	0.6305566562499999	0.3086944433999999	0.8379735328463864	0.0	0.0	0.0	False
Aacs	mmu-miR-122-5p	0.1011624410748481	0.0046256118414809	0.0743284523487091	0.0866077169775962	0.026833988726139	1	3.1036	1.1173899498384616	153.0	-21.02	6.812459432	9.5760345346	-0.4852168099792497	1.0	4.026151558	4.026151558	True
Aatk	mmu-miR-122-5p	0.1090619280934333	0.017374661268707	0.0778867751359939	0.1042481809854507	0.0311751529574394	1	0.6224000000000001	0.2513559229459294	140.0	-21.2	0.221665891	0.097838905	0.701236802916926	0.0	0.0	0.0	False
Abhd11	mmu-miR-122-5p	0.0745469123125076	0.0079794558019695	0.0539815127849578	0.0789906159043312	0.0205653995275497	1	0.0	0.0	145.0	-22.44	13.2237770775	9.2944143334	0.504127992273947	0.0	0.0	0.0	False
Abhd2	mmu-miR-122-5p	0.0724669843912124	0.0024580880976586	0.0611218512058258	0.0718112364411354	0.0113451331853866	1	4.7232	1.0644102592515725	145.0	-20.14	63.420798662500005	22.627601958	1.4827835818659516	0.0	0.0	0.0	False
Abi2	mmu-miR-122-5p	0.0903394848108291	0.0053283014979426	0.0610032156109809	0.1079069226980209	0.0293362691998481	1	1.4926	0.5984895989071155	142.0	-22.92	1.2696458064999998	1.0713067832	0.225683867944236	1.0	1.452329615	1.452329615	True
Abl1	mmu-miR-122-5p	0.0929350763559341	0.0017706525103018	0.0690699219703674	0.0932772979140281	0.0238651543855667	1	2.071	0.4020914075182408	151.0	-23.22	3.6215357815	2.7516019324000003	0.3841255033983085	2.0	4.961343263	4.4993176895	True
Acad8	mmu-miR-122-5p	0.0883049339056015	0.0085596719637985	0.0745198801159858	0.1068309247493743	0.0137850537896156	1	0.1278	0.2857694875244731	158.0	-21.42	16.3985298375	23.37768467	-0.5089526657678168	0.0	0.0	0.0	False
Acd	mmu-miR-122-5p	0.0765732154250145	0.0056218316674847	0.0643005967140197	0.0856211110949516	0.0122726187109947	1	0.0	0.0	140.0	-20.66	5.011333689	5.5673836162	-0.1489830799787723	0.0	0.0	0.0	False
Ace3	mmu-miR-122-5p	0.0707502514123916	0.0	0.0707502514123916	0.104265809059143	0.0	1	0.0	0.0	152.0	-25.16	0.0	0.0	0.0	0.0	0.0	0.0	False
Acer2	mmu-miR-122-5p	0.0923797518014907	0.0042183964267454	0.0783506110310554	0.0978917777538299	0.0140291407704353	1	2.1036	0.5364385332915598	143.0	-22.79	3.3641882625	4.2195178778	-0.3183529592784324	1.0	2.506777399	2.506777399	True
Acsl6	mmu-miR-122-5p	0.069149562716484	0.0045911744217129	0.0642320662736892	0.0944107696413993	0.0049174964427947	1	0.1278	0.2857694875244731	146.0	-23.65	0.0	0.152547835	-1.3365566741264645	0.0	0.0	0.0	False
Adad1	mmu-miR-122-5p	0.1158494427800178	0.0	0.1158494427800178	0.1702414155006408	0.0	1	0.0	0.0	151.0	-20.69	0.0	0.0	0.0	0.0	0.0	0.0	False
Adal	mmu-miR-122-5p	0.1413082599639892	0.0025116219059839	0.0621332786977291	0.1392865926027298	0.0791749812662601	1	2.5326	0.9563403159963508	158.0	-20.2	2.90384336	3.8029837106	-0.3777678583145089	0.0	0.0	0.0	False
Adamts12	mmu-miR-122-5p	0.0829650804400444	0.0102189983467359	0.0705268085002899	0.0978312715888023	0.0124382719397544	1	0.3192	0.4807137401822419	163.0	-20.04	0.3456810145	0.0792603608	1.3139549996076951	0.0	0.0	0.0	False
Adamts17	mmu-miR-122-5p	0.0599293127655983	0.0024631017248857	0.0588277801871299	0.0748599916696548	0.0011015325784683	1	0.0	0.0	153.0	-23.24	0.01459575975	0.0194997182	-0.0604535533364393	0.0	0.0	0.0	False
Adamts18	mmu-miR-122-5p	0.0779513344168663	0.0	0.0779513344168663	0.1054456532001495	0.0	1	0.0	0.0	149.0	-23.63	0.0	0.0	0.0	0.0	0.0	0.0	False
Adamts6	mmu-miR-122-5p	0.0911472499370575	0.006118654287992	0.0717136934399604	0.0940013229846954	0.019433556497097	1	0.3848	0.4409622432816669	145.0	-20.46	0.23676855325	0.2859674992	-0.1967219401328779	0.0	0.0	0.0	False
Adamtsl3	mmu-miR-122-5p	0.1008939281105995	0.0046267755183902	0.0961585715413093	0.1162968948483467	0.0047353565692901	1	0.0	0.0	142.0	-21.23	0.07436621125	0.0	0.8021205012108805	0.0	0.0	0.0	False
Adcyap1r1	mmu-miR-122-5p	0.0682661317288875	0.0054122607398461	0.059694055467844	0.0761117488145828	0.0085720762610435	1	0.0	0.0	156.0	-21.18	0.2996460305	0.0741965416	1.19800677791425	0.0	0.0	0.0	False
Adgrb2	mmu-miR-122-5p	0.1247448176145553	0.0	0.1247448176145553	0.1444942206144333	0.0	1	0.0	0.0	170.0	-23.55	0.0706489194999999	0.0	0.7710312797346001	0.0	0.0	0.0	False
Adgre5	mmu-miR-122-5p	0.0857350066304206	0.0021156533724684	0.0602886117994785	0.0759217739105224	0.0254463948309421	1	2.3666	0.5601805958795788	142.0	-24.08	2.9142509702500003	2.3129615396	0.3209946220060396	0.0	0.0	0.0	False
Adgrl1	mmu-miR-122-5p	0.0818183124065399	0.0044561553461379	0.0647420361638069	0.0757548511028289	0.017076276242733	1	0.5346	0.4021694916325702	162.0	-21.03	0.64428695575	0.4399449416	0.4630466491483427	0.0	0.0	0.0	False
Aff1	mmu-miR-122-5p	0.0862705945968627	0.0013681050363651	0.0721158608794212	0.093060165643692	0.0141547337174415	2	2.0894	0.3496759928848419	146.0	-20.41	3.02104035675	2.731265618	0.1405799087464392	2.0	1.559244819	1.205335195	True
Agap1	mmu-miR-122-5p	0.0642369478940963	0.0005046472120558	0.054571621119976	0.0320565588772296	0.0096653267741203	2	0.497	0.1157691668796143	148.0	-22.05	0.680443313	0.4117823158	0.6087635496327375	0.0	0.0	0.0	False
Agl	mmu-miR-122-5p	0.0835139319300651	0.0026971464729993	0.0640514194965362	0.0892729759216308	0.0194625124335288	1	2.6018	0.8245390833671864	148.0	-21.68	5.12533096675	8.0402555504	-0.6395516675089388	3.0	6.757514446	4.04388632	True
Ago2	mmu-miR-122-5p	0.0598296239972114	0.0031955554249325	0.0451922081410884	0.066985860466957	0.0146374158561229	2	1.3672	0.8593952524886322	143.0	-21.03	1.59096452525	1.7220788822000004	-0.1077390244866107	0.0	0.0	0.0	False
Ago3	mmu-miR-122-5p	0.0818578034639358	0.0017368417319091	0.0588139779865741	0.0805315747857093	0.0230438254773616	1	0.6428	0.6258096355921663	142.0	-23.01	0.8371188672500001	0.9006690532	-0.0946609561748401	2.0	3.921814899	1.290297696	True
Agpat3	mmu-miR-122-5p	0.0744757428765297	0.001248703708827	0.0573345646262168	0.0740704908967018	0.0171411782503128	1	1.7292	0.4359652509088311	146.0	-21.06	34.982883395	41.612714922	-0.2497198898192821	2.0	4.231670161	2.9191245976666664	True
Ahrr	mmu-miR-122-5p	0.0671929538249969	0.0033421569438236	0.0642403811216354	0.0955781191587448	0.0029525727033615	1	0.0622	0.1390834282004869	145.0	-20.01	0.081715552	0.1029868088	-0.1597040792783225	0.0	0.0	0.0	False
Aif1	mmu-miR-122-5p	0.0720506340265274	0.0059577182918557	0.0588005445897579	0.1015757769346237	0.0132500894367694	1	0.11	0.2459674775249768	145.0	-22.1	14.685362145	6.3695137696	1.1924403879994885	0.0	0.0	0.0	False
Ak5	mmu-miR-122-5p	0.0679710753262043	0.004001570943647	0.0541586354374885	0.0692621320486068	0.0138124398887157	1	2.7804	0.6588936181205582	140.0	-20.58	0.0444990152499999	0.0151815234	0.3271503524281351	0.0	0.0	0.0	False
Akap10	mmu-miR-122-5p	0.1168186962604522	0.0059728901807618	0.0831248387694358	0.1297695487737655	0.0336938574910163	1	1.7433999999999998	0.7627445837238046	146.0	-20.92	4.56929075375	3.669528397	0.3088193868353547	2.0	3.088173285	2.0312278015	True
Akap7	mmu-miR-122-5p	0.1121345192193985	0.0051853429920091	0.0917246118187904	0.140566885471344	0.020409907400608	1	1.9458	0.6221203259820403	140.0	-21.17	2.08811055525	1.8976195604	0.131403779666874	0.0	0.0	0.0	False
Alad	mmu-miR-122-5p	0.0878139913082122	0.0045539058064734	0.0607968233525753	0.0828287973999977	0.0270171679556369	1	2.746	1.0377140742998523	160.0	-21.13	170.487894125	91.343883306	0.8995566923032405	0.0	0.0	0.0	False
Aldh18a1	mmu-miR-122-5p	0.1357082292437553	0.0189657378225588	0.0991924107074737	0.1389026045799255	0.0365158185362815	1	0.3114	0.2861333605156868	160.0	-22.17	1.12300394325	0.1234120512	2.4526501411690926	0.0	0.0	0.0	False
Aldh1a1	mmu-miR-122-5p	0.0930346250534057	0.0029534514361971	0.0850915983319282	0.1177302971482276	0.0079430267214775	1	1.142	0.6332353432966293	147.0	-20.38	794.6176765	769.2734229800001	0.0467584394737209	1.0	1.803889174	1.803889174	True
Aldh6a1	mmu-miR-122-5p	0.1559548795223236	0.0175589413258332	0.0831098929047584	0.1377916932106018	0.0728449866175651	1	8.267999999999999	0.6362004401130198	141.0	-21.21	125.028807375	222.4445086	-0.830679934446113	0.0	0.0	0.0	False
Alg14	mmu-miR-122-5p	0.0796261847019195	0.0067458605617087	0.0591707490384578	0.1067218631505966	0.0204554356634616	1	1.9492	0.4707618293787209	153.0	-21.13	23.4150946375	20.898523212	0.1632992690581723	0.0	0.0	0.0	False
Alg2	mmu-miR-122-5p	0.1099888950586319	0.0100128337454696	0.0675835311412811	0.1036208048462867	0.0424053639173507	1	2.0882	0.4583974258217426	149.0	-22.86	9.881783255	3.5056976312000003	1.469019157980222	1.0	1.957004327	1.957004327	True
Alpl	mmu-miR-122-5p	0.1317124336957931	0.0049671458232726	0.0937030687928199	0.1046273037791252	0.0380093649029731	2	2.8796	0.5865085677123566	150.0	-21.79	25.961752555	4.6139437524	2.4669276536782205	1.0	3.828705494	3.828705494	True
Alx1	mmu-miR-122-5p	0.0889987424015998	0.0	0.0889987424015998	0.0834653377532959	0.0	1	0.0	0.0	148.0	-24.53	0.0	0.0	0.0	0.0	0.0	0.0	False
Amotl1	mmu-miR-122-5p	0.0658909782767295	0.002411853856341	0.0548892728984355	0.0716058537364006	0.0110017053782939	1	0.9435999999999998	0.5527194586768228	145.0	-21.58	0.77559636175	0.5884884424	0.3468335237328951	0.0	0.0	0.0	False
Anapc10	mmu-miR-122-5p	0.0804112210869789	0.005033965840315	0.0623885579407215	0.0903762876987457	0.0180226631462574	1	0.2432	0.2264502152792087	143.0	-20.75	2.94456126925	2.0721393938	0.487117657354428	0.0	0.0	0.0	False
Angpt2	mmu-miR-122-5p	0.0705200284719467	0.0027554223352651	0.0618169829249382	0.1105110123753547	0.0087030455470085	1	0.0	0.0	146.0	-22.95	0.4215091507499999	0.313466798	0.3349210839775817	0.0	0.0	0.0	False
Angptl4	mmu-miR-122-5p	0.106936776638031	0.0170224110069473	0.0895268768072128	0.1124255359172821	0.0174098998308181	1	0.143	0.3197577207824699	142.0	-27.84	65.8068037175	51.995746588	0.3392618188334985	0.0	0.0	0.0	False
Ankrd34c	mmu-miR-122-5p	0.0549456104636192	0.0	0.0549456104636192	0.1061822175979614	0.0	1	0.0	0.0	141.0	-23.48	0.0	0.0	0.0	0.0	0.0	0.0	False
Anxa9	mmu-miR-122-5p	0.0866117224097251	0.003459847005271	0.0703038796782493	0.0789173617959022	0.0163078427314758	1	0.1972	0.239322376722278	150.0	-21.89	0.955901341	0.3994723874	1.079998213558982	0.0	0.0	0.0	False
Aoah	mmu-miR-122-5p	0.0896249487996101	0.0110929450691342	0.0734274610877037	0.110451802611351	0.0161974877119064	1	0.103	0.2303150016824783	141.0	-20.68	1.1598770995	0.4813551348	1.115791363189972	0.0	0.0	0.0	False
Ap1m1	mmu-miR-122-5p	0.0665671214461326	0.0002007466293689	0.0589945614337921	0.0877197906374931	0.0075725600123405	1	3.3440000000000003	0.5178363641151517	144.0	-20.32	13.734887425	10.593437073	0.3715852676522783	0.0	0.0	0.0	False
Apba1	mmu-miR-122-5p	0.0585163548588752	0.0116093812687863	0.0443204343318939	0.0722496882081031	0.0141959205269813	1	0.0692	0.1547359040429854	148.0	-21.2	0.102377847	0.0726804572	0.2289465584467321	0.0	0.0	0.0	False
Apc	mmu-miR-122-5p	0.0875096395611763	0.0010529578282643	0.0748245418071746	0.1037225872278213	0.0126850977540016	1	0.0	0.0	148.0	-20.86	2.6224533805	3.0745914468000004	-0.2216635922438339	0.0	0.0	0.0	False
Apcdd1	mmu-miR-122-5p	0.0551028631627559	0.0041534392879528	0.0525769181549549	0.0758042931556701	0.002525945007801	1	0.0	0.0	140.0	-21.23	0.097150372	0.0	0.9792964326473468	0.0	0.0	0.0	False
Api5	mmu-miR-122-5p	0.124171507358551	0.0004661971497232	0.0984476208686828	0.1248766034841537	0.0257238864898681	1	4.1806	0.550017545174697	144.0	-26.44	22.6853536225	25.043573222	-0.1420829286984685	2.0	4.872905298	2.3751630385	True
Apobec1	mmu-miR-122-5p	0.1162937328219413	0.0047439707178171	0.0758207738399505	0.1078725010156631	0.0404729589819908	1	3.486	0.6161578531512848	149.0	-20.71	15.4609345575	6.7154630724	1.1910451197114609	3.0	3.533249611	2.5844809200000003	True
Apoc3	mmu-miR-122-5p	0.0983796939253807	0.0047919162941178	0.0740590095520019	0.0808478444814682	0.0243206843733787	1	2.2182	0.8143203914921939	158.0	-23.15	4197.28306625	4020.04578	0.0622423161852796	0.0	0.0	0.0	False
App	mmu-miR-122-5p	0.0663767784833908	0.0016756084231226	0.0598750375211238	0.0793868973851203	0.0065017409622669	1	0.0	0.0	143.0	-21.45	37.0501437375	22.860966086	0.6941844478062421	0.0	0.0	0.0	False
Appl1	mmu-miR-122-5p	0.0834804847836494	0.0022133684634974	0.0741570144891738	0.1053716465830802	0.0093234702944755	1	2.2886	0.614997398368481	154.0	-21.78	3.9812949525	4.0108829398	-0.0104213137751634	0.0	0.0	0.0	False
Aprt	mmu-miR-122-5p	0.1382933914661407	0.0034193278042631	0.1044939756393432	0.1482657343149185	0.0337994158267974	1	0.6341999999999999	0.1770895253819378	142.0	-22.56	59.5401003025	31.744286286	0.9052481461965992	0.0	0.0	0.0	False
Ar	mmu-miR-122-5p	0.0814407899975776	0.0059976057828414	0.0692455917596817	0.082768402993679	0.0121951982378959	1	0.071	0.158760826402485	142.0	-20.7	0.07590521375	0.1235721566	-0.345942283647204	0.0	0.0	0.0	False
Arf3	mmu-miR-122-5p	0.0534587174654006	0.0006480865051673	0.0501288883388042	0.0683190003037452	0.0033298291265964	1	0.0	0.0	153.0	-20.5	21.702495395	14.398499794	0.5885896397702071	2.0	1.638021933	1.617370729	True
Arglu1	mmu-miR-122-5p	0.0946347802877426	0.0039138647311458	0.0765525177121162	0.1148954182863235	0.0180822625756263	1	0.0	0.0	160.0	-22.35	20.4346546275	21.316678286	-0.0606740534775126	0.0	0.0	0.0	False
Arhgap1	mmu-miR-122-5p	0.0734891027212143	0.0033875056774031	0.0611789040267467	0.0776599869132042	0.0123101986944675	1	1.9034	0.9841022812695844	157.0	-20.07	5.55051891875	1.0674137456	2.2750674040593077	2.0	2.184849304	2.17588835	True
Arhgap21	mmu-miR-122-5p	0.157466447353363	0.0091683940948883	0.1143109127879142	0.14201720058918	0.0431555345654487	1	0.0237999999999999	0.0532184178644949	145.0	-22.1	4.064035919	3.7228182834	0.1233458896911157	0.0	0.0	0.0	False
Arhgap31	mmu-miR-122-5p	0.0727656722068786	0.0038011862619191	0.0659677609801292	0.0899140760302543	0.0067979112267494	1	1.1817999999999995	0.7130706136141076	140.0	-20.57	0.90312458825	0.8162262794	0.1307249518029906	1.0	-0.341219507	-0.341219507	True
Arhgap42	mmu-miR-122-5p	0.0923769369721412	0.0069594903606843	0.0710522234439849	0.0896572470664978	0.0213247135281562	2	0.1214	0.177622633692894	147.0	-22.27	8.442104133250002	12.83805781	-0.5989576736509997	0.0	0.0	0.0	False
Arhgef10	mmu-miR-122-5p	0.1004474312067031	0.0048197946948835	0.0992362201213836	0.0998477637767791	0.0012112110853195	1	0.1754	0.392206323253463	161.0	-20.2	0.4799437482499999	0.2464016162	0.7434673113192117	0.0	0.0	0.0	False
Arhgef17	mmu-miR-122-5p	0.0766293823719024	0.0039085045224952	0.0601788982748985	0.0829629376530647	0.0164504840970039	1	0.7894	0.7652495017966362	151.0	-23.71	0.63528053925	0.314315281	0.8275657699084308	0.0	0.0	0.0	False
Arhgef3	mmu-miR-122-5p	0.10776387155056	0.0023579809060456	0.068354494869709	0.1016492173075676	0.0394093766808509	1	3.0056000000000003	0.5545180790560396	150.0	-21.38	12.7198561925	10.091632584	0.3309949051240614	1.0	1.603638938	1.603638938	True
Arid5a	mmu-miR-122-5p	0.0710723370313644	0.0034757598718587	0.059212502092123	0.0749573707580566	0.0118598349392414	1	0.1434	0.3206521479734698	143.0	-21.5	0.2263101745	0.2610968997999999	-0.1461420620510197	0.0	0.0	0.0	False
Arl14epl	mmu-miR-122-5p	0.0634574070572853	0.0	0.0634574070572853	0.0843235775828361	0.0	1	0.0	0.0	140.0	-20.82	0.0333441364999999	0.036675618	-0.0356015118156976	0.0	0.0	0.0	False
Arrdc2	mmu-miR-122-5p	0.1067680656909942	0.0058758895233766	0.0855897516012191	0.1170482262969017	0.021178314089775	1	1.983	0.6936804019143109	148.0	-22.26	3.74973830675	2.9489078760000003	0.3364678198290411	0.0	0.0	0.0	False
Arrdc4	mmu-miR-122-5p	0.1078403308987617	0.0081074295067459	0.0799641087651252	0.10752934217453	0.0278762221336364	1	3.026	0.899936942235399	145.0	-21.64	4.83440611	6.608709908	-0.4431589045418077	0.0	0.0	0.0	False
Asb13	mmu-miR-122-5p	0.0948172703385353	0.0066238751630456	0.07080839574337	0.0874938666820526	0.0240088745951652	2	0.359	0.3237375480230861	149.0	-22.58	16.98876649	22.32012837	-0.3917462751181996	0.0	0.0	0.0	False
Asphd2	mmu-miR-122-5p	0.0952996030449867	0.0035308199914407	0.0896830409765243	0.0264948457479476	0.0056165620684623	2	0.0	0.0	159.0	-24.98	0.0	0.0	0.0	0.0	0.0	0.0	False
Atf2	mmu-miR-122-5p	0.0785816237330436	0.0208313638748438	0.061616588383913	0.0988696292042732	0.0169650353491306	1	0.2412	0.3312562452241467	152.0	-21.18	2.6852141027500003	2.6560008964	0.015211876242504	0.0	0.0	0.0	False
Atg12	mmu-miR-122-5p	0.0829242900013923	0.0027648742416415	0.0637886524200439	0.0907740667462349	0.0191356375813484	1	4.3264	0.6740213646465519	147.0	-21.98	24.387701425	17.240307162	0.4979279051763882	2.0	2.670753134	2.503802766	True
Atg13	mmu-miR-122-5p	0.0724933460354805	0.0129077421638951	0.049364797770977	0.0714082047343254	0.0231285482645034	1	0.2162	0.4834378967354546	144.0	-20.14	12.018615945	13.315870872	-0.1467157686535705	2.0	0.974282318	-0.344432642	True
Atg14	mmu-miR-122-5p	0.0792353332042694	0.0060056995618808	0.0805989056825637	0.0996062755584716	-0.0013635724782943	1	2.8668	0.8192436755935318	145.0	-21.23	5.102915499750001	6.4168343962	-0.3248510573174652	0.0	0.0	0.0	False
Atg4d	mmu-miR-122-5p	0.0734260201454162	0.0028458077007852	0.063583567738533	0.0704974681138992	0.0098424524068832	1	0.103	0.2303150016824783	149.0	-21.1	9.7271868045	9.151678727199998	0.0870633122711741	0.0	0.0	0.0	False
Atl3	mmu-miR-122-5p	0.1034838765859604	0.0032100590694488	0.0641212165355682	0.0895162895321846	0.0393626600503921	1	4.628	0.5766875237075969	145.0	-20.88	33.3096138475	29.916231896	0.1545204291006269	0.0	0.0	0.0	False
Atm	mmu-miR-122-5p	0.1001972422003746	0.0026462698190824	0.0636792853474617	0.1130228042602539	0.0365179568529129	1	2.2696	0.7295624030883171	143.0	-20.13	1.55704089325	1.8527592254	-0.2369048698253485	0.0	0.0	0.0	False
Atp11a	mmu-miR-122-5p	0.0726946651935577	0.0063612540527436	0.0667305365204811	0.0799089446663856	0.0059641286730766	1	0.8321999999999999	0.8231082553346188	148.0	-21.16	1.40230877475	0.12738088762	2.723998465988926	1.0	-0.103720194	-0.103720194	True
Atp13a5	mmu-miR-122-5p	0.0831703558564186	0.0095574815005788	0.0788961201906204	0.1064803823828697	0.0042742356657981	1	0.0	0.0	157.0	-22.25	0.02850532325	0.0104432427999999	0.2185229697453768	0.0	0.0	0.0	False
Atp1b1	mmu-miR-122-5p	0.1178700283169746	0.0037684099180949	0.076476901769638	0.1409687995910644	0.0413931265473365	1	4.711	0.8753979095245772	164.0	-21.54	62.398574925	29.700465778	1.0684884141931756	1.0	2.174057248	2.174057248	True
Atp2b1	mmu-miR-122-5p	0.0891200348734855	0.0178614852356913	0.072402611374855	0.1150695383548736	0.0167174234986305	1	2.5318	1.0624180909604275	155.0	-22.16	7.30511857775	7.316726910999999	-0.0022598114721498	0.0	0.0	0.0	False
Atp2b2	mmu-miR-122-5p	0.0662081032991409	0.0017442933347644	0.0593524239957332	0.0717281401157379	0.0068556793034076	1	0.0	0.0	152.0	-25.34	1.26765919475	0.4371804686000001	1.3482300159377276	1.0	3.372476308	3.372476308	True
Atp8a1	mmu-miR-122-5p	0.0814442545175552	0.0075185327936849	0.0712808519601821	0.0938725620508194	0.010163402557373	2	1.2386	0.7064097960815662	154.0	-23.12	0.85523883575	0.6656006796	0.3192693808797464	0.0	0.0	0.0	False
Atxn1l	mmu-miR-122-5p	0.0658285945653915	0.0036092987765942	0.0522531978785991	0.0794472992420196	0.0135753966867923	1	1.8838	0.4310512730522901	141.0	-21.12	4.7769498385	3.7957158586	0.3240906781513475	1.0	3.93676524	3.93676524	True
Aven	mmu-miR-122-5p	0.0687608391046524	0.0083420856227025	0.054649468511343	0.0922103002667427	0.0141113705933094	1	0.0689999999999999	0.1542886904474854	155.0	-21.81	6.738587175249999	7.1189984726	-0.0781003978972531	0.0	0.0	0.0	False
Avil	mmu-miR-122-5p	0.1034071773290634	0.0117549352613396	0.0951446816325187	0.119251474738121	0.0082624956965446	1	0.0752	0.1681523119079842	151.0	-23.28	0.10705475625	0.004003284	0.9933832596852712	0.0	0.0	0.0	False
Avl9	mmu-miR-122-5p	0.0943969085812568	0.0019541391436592	0.0768937617540359	0.1045721247792244	0.0175031468272209	1	3.3408	0.7069803391891462	147.0	-21.67	7.46893222075	4.9478350188	0.584425029175262	1.0	4.461548145	4.461548145	True
B3gnt3	mmu-miR-122-5p	0.0763722360134124	0.0024386981640449	0.0573213584721088	0.0828050822019577	0.0190508775413036	1	0.6148	0.5093021696399889	141.0	-21.46	0.99342612025	0.7251589484000001	0.4061117906583497	0.0	0.0	0.0	False
B4galt1	mmu-miR-122-5p	0.0724680349230766	0.0015702609554069	0.0746560990810394	0.0953575149178505	-0.0021880641579627	1	3.4794000000000005	0.3132216467615225	145.0	-20.85	15.518437815	11.007589694599998	0.4917043684101286	2.0	3.354774306	3.2804035596666665	True
B4galt6	mmu-miR-122-5p	0.1024184852838516	0.0106623987571979	0.0779805108904838	0.108735516667366	0.0244379743933677	1	0.508	0.5867499467405174	151.0	-26.72	1.58225893925	0.5521946228000001	1.3670253358647275	1.0	-3.055465025	-3.055465025	True
BC004004	mmu-miR-122-5p	0.0655195504426956	0.0048206114967276	0.0653962716460228	0.0235582925379276	0.0001232787966728	1	0.071	0.158760826402485	164.0	-24.21	78.4665211025	55.798995116	0.4910923315141003	0.0	0.0	0.0	False
Bace2	mmu-miR-122-5p	0.0754907965660095	0.003262267283604	0.0652653947472572	0.0799117311835289	0.0102254018187522	1	0.3298	0.4437033919185202	153.0	-23.79	2.62438212925	1.5745764068	0.7021328697041794	0.0	0.0	0.0	False
Bard1	mmu-miR-122-5p	0.095412440598011	0.0069356733566096	0.0797205418348312	0.1002245992422103	0.0156918987631797	1	0.3188	0.4401848475356688	144.0	-20.73	0.15774071825	0.0634979411999999	0.6566480051215552	0.0	0.0	0.0	False
Bbox1	mmu-miR-122-5p	0.1172798216342926	0.0016928938096294	0.0881257429718971	0.0983358994126319	0.0291540786623954	1	2.0896	0.2986106160202614	145.0	-21.56	38.202296255	74.38761941599999	-0.9595697696913016	1.0	2.506777399	2.506777399	True
Bcat2	mmu-miR-122-5p	0.1462432980537414	0.0026405591479024	0.1374655216932296	0.1554337590932846	0.0087777763605117	1	3.2654000000000005	0.5922113642948772	151.0	-21.45	17.074355807499998	13.514662986	0.3350947153370386	1.0	3.421385908	3.421385908	True
Bcl10	mmu-miR-122-5p	0.1220050081610679	0.0035572264489047	0.1183443889021873	0.1270121783018112	0.0036606192588806	1	2.9880000000000004	0.8112703002082599	142.0	-20.49	12.3046646525	8.768469765599999	0.4841256366168745	0.0	0.0	0.0	False
Bco2	mmu-miR-122-5p	0.1201621115207672	0.0103052404177904	0.1022068858146667	0.1229743957519531	0.0179552257061004	1	0.0	0.0	141.0	-20.71	8.915889012500001	11.967841254	-0.4206259629890047	0.0	0.0	0.0	False
Bdnf	mmu-miR-122-5p	0.1048017963767051	0.0065530846412033	0.0991287976503372	0.1171394884586334	0.0056729987263679	1	0.3283999999999999	0.4076362348957708	164.0	-21.26	0.2450832264999999	0.3726997574	-0.453979774039441	0.0	0.0	0.0	False
Bet1l	mmu-miR-122-5p	0.0860959082841873	0.009162274912224	0.0679860860109329	0.0920113548636436	0.0181098222732543	1	4.078799999999999	0.5151841418366835	156.0	-21.1	13.180504645	13.837983746	-0.0697119089619207	2.0	1.680806799	1.403077546	True
Bmp10	mmu-miR-122-5p	0.0938312068581581	0.0020954695273186	0.0653178542852401	0.0969276279211044	0.0285133525729179	1	1.3544	0.3785344105890507	149.0	-20.73	0.6637694735	0.8663931911999999	-0.3394730309043604	0.0	0.0	0.0	False
Bmp2k	mmu-miR-122-5p	0.1098290011286735	0.0040906672029999	0.08186025172472	0.0848590061068534	0.0279687494039535	1	1.127	0.3779794967984374	152.0	-20.77	1.93487411825	1.5876930972	0.2698869716064971	0.0	0.0	0.0	False
Bmp3	mmu-miR-122-5p	0.0624519422650337	0.0034821789308129	0.0587638393044471	0.0956039056181907	0.0036881029605865	1	0.0	0.0	153.0	-22.38	0.0275320604999999	0.0147052854	0.1529281047099098	0.0	0.0	0.0	False
Bmp8b	mmu-miR-122-5p	0.0686690554022789	0.0025629536219072	0.0610106848180294	0.0857173725962638	0.0076583705842494	1	0.0484	0.1082256901109898	151.0	-21.65	1.20989045175	0.0690164726	2.954210396191681	0.0	0.0	0.0	False
Btbd9	mmu-miR-122-5p	0.0655611038208007	0.0016592949498868	0.0520786568522453	0.0722877904772758	0.0134824469685554	1	1.7844000000000002	0.40262054095637	140.0	-21.08	2.16431079225	1.6975683413999998	0.3330253703421943	0.0	0.0	0.0	False
Btf3	mmu-miR-122-5p	0.0694123789668083	0.0010279627086616	0.0664498060941696	0.0732935070991516	0.0029625728726387	1	0.0	0.0	143.0	-24.93	220.7439341	243.11754404	-0.139220092077335	0.0	0.0	0.0	False
C1rl	mmu-miR-122-5p	0.0929686889052391	0.0019553847505402	0.0647836327552795	0.1071306690573692	0.0281850561499595	1	4.8404	0.5624209277756298	141.0	-24.07	30.0121305825	55.180830822	-0.8764345088203519	0.0	0.0	0.0	False
C2cd4c	mmu-miR-122-5p	0.0522539809346199	0.0032413604685687	0.049241553992033	0.0659825652837753	0.0030124269425868	1	0.0	0.0	172.0	-21.37	0.1016923989999999	0.0366946447999999	0.5611999909290222	0.0	0.0	0.0	False
Cables1	mmu-miR-122-5p	0.1256174996495246	0.0051866040971555	0.086305484175682	0.1050652861595153	0.0393120154738426	2	1.4511999999999998	0.7574887457909854	143.0	-22.63	1.26085692475	0.9153315502	0.4225644879870715	1.0	4.14420732	4.14420732	True
Cacna1d	mmu-miR-122-5p	0.0591998025774955	0.0031153578395714	0.0551249086856842	0.046030007302761	0.0040748938918113	1	0.107	0.2392592735924775	144.0	-21.84	0.6744819307500001	0.334500955	0.8338722322625931	0.0	0.0	0.0	False
Cacng8	mmu-miR-122-5p	0.0776325687766075	0.0	0.0776325687766075	0.1206375584006309	0.0	1	0.0	0.0	144.0	-24.86	0.004347435	0.0	0.0613951375532217	0.0	0.0	0.0	False
Cacul1	mmu-miR-122-5p	0.0900709882378578	0.0014875612759267	0.0590574443340301	0.0975503325462341	0.0310135439038276	1	3.6616	0.4382719475394242	160.0	-20.6	20.814392395	13.919615549999998	0.5770492975240661	0.0	0.0	0.0	False
Cadps	mmu-miR-122-5p	0.0789442881941795	0.0	0.0789442881941795	0.1452484279870987	0.0	1	0.0	0.0	151.0	-22.18	0.0	0.0	0.0	0.0	0.0	0.0	False
Calr3	mmu-miR-122-5p	0.2108668208122253	0.0222099937520998	0.0887369886040687	0.1664061248302459	0.1221298322081566	1	1.178	0.4092768011993838	155.0	-21.74	1.3952959835	1.2289985554	0.170091547769014	0.0	0.0	0.0	False
Camk1d	mmu-miR-122-5p	0.078372237086296	0.0022716027616714	0.0460232608020305	0.0757624357938766	0.0323489762842655	1	3.56	1.1961766173939363	150.0	-23.86	2.7304372195	9.6766970254	-1.7883222208208682	1.0	6.860414354	6.860414354	True
Camk2d	mmu-miR-122-5p	0.0968592122197151	0.003279034594461	0.0748298093676567	0.0926553010940551	0.0220294028520584	2	1.8544	0.6224297550728115	164.0	-25.16	2.730477021	2.254975883	0.2653329258409315	2.0	3.424315239	2.3454793175	True
Camkv	mmu-miR-122-5p	0.0720019862055778	0.0	0.0720019862055778	0.0823246166110038	0.0	1	0.0	0.0	140.0	-20.2	0.00443095725	0.0	0.0625494441939474	0.0	0.0	0.0	False
Capn5	mmu-miR-122-5p	0.081838284432888	0.0020297722543547	0.0617723278701305	0.081082560122013	0.0200659565627574	1	0.7325999999999999	0.4978205499976874	146.0	-20.05	1.43422355125	0.4950625628	1.3663954513896168	1.0	1.336852398	1.336852398	True
Capn6	mmu-miR-122-5p	0.1188034281134605	0.0132332330767121	0.0831979811191558	0.1093927025794982	0.0356054469943046	1	0.0622	0.1390834282004869	140.0	-20.75	0.57305755375	0.295597609	0.7666961698012782	0.0	0.0	0.0	False
Card6	mmu-miR-122-5p	0.071351321041584	0.0071283491578275	0.0651053264737129	0.1170234680175781	0.006245994567871	1	2.4964	0.7496551207055149	151.0	-22.4	2.3742689460000004	2.6808493024	-0.1685232397200283	0.0	0.0	0.0	False
Cars2	mmu-miR-122-5p	0.0713184967637062	0.0013689921933596	0.060662142932415	0.0649241358041763	0.0106563538312911	2	2.6358	0.4214050308195193	151.0	-20.4	6.72357549125	5.9384916298	0.1763396763198738	0.0	0.0	0.0	False
Cask	mmu-miR-122-5p	0.0908630594611168	0.0017751845801229	0.0520101562142372	0.0862339735031127	0.0388529032468795	1	1.0408	0.5494339814754817	143.0	-20.75	3.11313554225	2.3756330564	0.3761843493750523	0.0	0.0	0.0	False
Casp8	mmu-miR-122-5p	0.1243032440543174	0.0046957123848568	0.0846257656812667	0.149629533290863	0.0396774783730506	1	0.1788	0.3998089543769624	152.0	-21.96	10.21061167925	10.9157565276	-0.0954386547729024	1.0	3.796284016	3.796284016	True
Cast	mmu-miR-122-5p	0.1456133037805557	0.0032539196763616	0.0831833407282829	0.1166072934865951	0.0624299630522728	1	4.534000000000001	0.5526526938322114	155.0	-20.02	23.011997405	15.673030674	0.5511820568279041	0.0	0.0	0.0	False
Cbx6	mmu-miR-122-5p	0.070805937051773	0.0009441494530717	0.0572740212082862	0.0769357457756996	0.0135319158434867	1	0.1434	0.3206521479734698	158.0	-27.97	2.031672788	0.7583176784	1.3124023828794509	0.0	0.0	0.0	False
Cbx7	mmu-miR-122-5p	0.086150261759758	0.0024544991047304	0.0616588592529296	0.0847960710525512	0.0244914025068283	1	1.4218	0.9413950817802268	141.0	-21.22	1.1003646755	1.4772335532	-0.393923538144886	1.0	3.921814899	3.921814899	True
Ccbe1	mmu-miR-122-5p	0.0862829208374023	0.0015693385531431	0.0745101794600486	0.0795956179499626	0.0117727413773536	1	1.1008	0.6619903322556908	151.0	-24.09	0.92252291925	0.9823235174	-0.0819986190153518	1.0	4.14420732	4.14420732	True
Ccdc127	mmu-miR-122-5p	0.0629307568073272	0.0058161259932613	0.0525772273540496	0.0765124186873436	0.0103535294532775	1	2.0106	0.6189679313179319	145.0	-20.09	5.6622820405	5.8307312084	-0.0415697113502987	0.0	0.0	0.0	False
Ccdc178	mmu-miR-122-5p	0.1486356109380722	0.0	0.1486356109380722	0.137797549366951	0.0	1	0.0	0.0	152.0	-20.7	0.0	0.0	0.0	0.0	0.0	0.0	False
Ccdc3	mmu-miR-122-5p	0.1011777177453041	0.0167615676934805	0.0754438713192939	0.1069502457976341	0.0257338464260101	1	0.4836	0.3169050330935121	142.0	-23.38	1.69097167525	0.3810635776	1.8964430418553917	0.0	0.0	0.0	False
Ccdc38	mmu-miR-122-5p	0.1361358731985092	0.0020829955120983	0.078703224658966	0.126997098326683	0.0574326485395431	1	0.2482	0.2924289657335606	154.0	-23.51	0.09114566125	0.2438557932	-0.8471311986752676	0.0	0.0	0.0	False
Ccdc42	mmu-miR-122-5p	0.0575264990329742	0.0	0.0575264990329742	0.1064206287264823	0.0	1	0.0	0.0	144.0	-22.39	0.0	0.0	0.0	0.0	0.0	0.0	False
Ccdc62	mmu-miR-122-5p	0.099496404826641	0.0037866877731186	0.0614658817648887	0.1132016852498054	0.0380305230617523	1	0.0	0.0	144.0	-22.57	0.9732482775	0.3174024876	1.3624727536596497	0.0	0.0	0.0	False
Ccdc85b	mmu-miR-122-5p	0.0792423129081726	0.0049243783774249	0.0593044310808181	0.0789250507950782	0.0199378818273544	1	0.1133999999999999	0.2535701086484761	144.0	-21.53	10.22653343775	10.2280801774	-0.0002160750782706	0.0	0.0	0.0	False
Ccdc85c	mmu-miR-122-5p	0.0799813002347946	0.0009100154582327	0.059053249657154	0.0775489211082458	0.0209280505776405	1	1.8332	0.5275426049145225	145.0	-21.44	2.582525838	1.6499830636	0.6162511073696836	0.0	0.0	0.0	False
Ccdc93	mmu-miR-122-5p	0.0718947231769561	0.0017018135450415	0.0553307943046093	0.0743938088417053	0.0165639288723468	1	2.7216	0.4872502437146644	149.0	-22.91	2.78445568575	3.2937984740000004	-0.2346017999708345	1.0	2.14420732	2.14420732	True
Ccnt1	mmu-miR-122-5p	0.0837597861886024	0.0045647191798466	0.0492693856358528	0.0724467486143112	0.0344904005527496	1	2.6182	0.5364258569457666	141.0	-23.41	3.58589016875	4.1229848894	-0.1962500023893361	1.0	2.992204226	2.992204226	True
Cd300a	mmu-miR-122-5p	0.0861189007759094	0.0048847277074829	0.0652582198381424	0.0790089219808578	0.020860680937767	1	0.1754	0.392206323253463	151.0	-21.1	1.824585426	1.0276266706	0.7712582030306635	0.0	0.0	0.0	False
Cd82	mmu-miR-122-5p	0.1050399020314216	0.0002349141650072	0.0787833854556083	0.1040169596672058	0.0262565165758132	1	4.7068	0.4447068697468031	142.0	-20.12	29.8783508775	20.186857626	0.5633756089459461	0.0	0.0	0.0	False
Cdan1	mmu-miR-122-5p	0.1214013144373893	0.0105388647587627	0.0843527019023895	0.1095446944236755	0.0370486125349998	1	0.3936	0.6480874169431159	146.0	-20.91	0.40733834225	0.533192581	-0.3196961550767848	0.0	0.0	0.0	False
Cdc25a	mmu-miR-122-5p	0.0997578456997871	0.0023382705253017	0.0488089360296726	0.1071939915418624	0.0509489096701145	1	1.1558	0.602242227015011	143.0	-20.22	3.69557441625	2.0696187994	0.8068766529944238	0.0	0.0	0.0	False
Cdc42bpa	mmu-miR-122-5p	0.0845773220062255	0.0025494644522702	0.0714442133903503	0.0918469056487083	0.0131331086158752	1	2.1338	0.3312494528297367	144.0	-22.82	1.5254010165	2.3863491252	-0.6132331876299368	1.0	1.569513155	1.569513155	True
Cdc42se2	mmu-miR-122-5p	0.0967788368463516	0.0012451185475184	0.0782600119709968	0.1102567538619041	0.0185188248753547	1	2.825	0.5663024810116939	154.0	-22.72	8.935043864499999	5.6753296936	0.6456282979391018	1.0	0.609870892	0.609870892	True
Cdc6	mmu-miR-122-5p	0.0735101833939552	0.0064793020262593	0.0666943341493606	0.1008056625723838	0.0068158492445945	1	0.1133999999999999	0.2535701086484761	147.0	-20.1	0.09760970375	0.1337745158	-0.2424638744208758	0.0	0.0	0.0	False
Cdh12	mmu-miR-122-5p	0.084863007068634	0.0	0.084863007068634	0.126357764005661	0.0	1	0.0	0.0	154.0	-21.17	0.0	0.0	0.0	0.0	0.0	0.0	False
Cdh16	mmu-miR-122-5p	0.1067391633987426	0.0	0.1067391633987426	0.173188105225563	0.0	1	0.0	0.0	161.0	-22.63	0.0	0.0	0.0	0.0	0.0	0.0	False
Cdh5	mmu-miR-122-5p	0.1050739824771881	0.0006232184031147	0.064779445528984	0.0983896851539611	0.040294536948204	1	1.594	0.4532146290666267	155.0	-21.09	8.19828922225	6.4847177600000006	0.3336923369441641	1.0	2.2657693	2.2657693	True
Cdk14	mmu-miR-122-5p	0.0712547019124031	0.0021005012353495	0.0640107169747352	0.0861256420612335	0.0072439849376678	2	0.309	0.4630831458820327	155.0	-21.63	0.7899669327500001	1.874186425	-1.1494345938059496	1.0	-1.53761672	-1.53761672	True
Cdk16	mmu-miR-122-5p	0.0891224607825279	0.0019575088275161	0.0715946853160858	0.0977468937635421	0.0175277754664421	1	2.4472	0.5708342141112427	167.0	-22.26	16.4459097075	5.8828635434	1.4675665507461668	2.0	4.999817411	2.9465315785	True
Celf5	mmu-miR-122-5p	0.0655504241585731	0.0	0.0655504241585731	0.0774300098419189	0.0	1	0.0	0.0	168.0	-27.94	0.0276057054999999	0.0235840496	0.0462002827200463	0.0	0.0	0.0	False
Cenpe	mmu-miR-122-5p	0.1045809105038642	0.0276286580695997	0.0756669640541076	0.1356893330812454	0.0289139464497566	1	0.2307999999999999	0.319062219637487	142.0	-21.91	0.7446895515	0.2812455308	1.1477007800463108	0.0	0.0	0.0	False
Cep131	mmu-miR-122-5p	0.0842375993728637	0.0047950963265794	0.0649157911539077	0.0841536745429039	0.0193218082189559	1	0.8766	0.5771609827422501	142.0	-24.57	0.2770944715	0.4209999152	-0.4663571380885487	0.0	0.0	0.0	False
Cep162	mmu-miR-122-5p	0.0836502894759178	0.0073462687082186	0.0669702738523483	0.0800401717424392	0.0166800156235694	1	0.1133999999999999	0.2535701086484761	145.0	-21.19	1.26761653625	1.0251447654	0.2815531360258533	0.0	0.0	0.0	False
Cep89	mmu-miR-122-5p	0.0914136916399002	0.0071893529501597	0.0808839723467826	0.1027998477220535	0.0105297192931175	1	0.1726	0.2550250968042165	141.0	-20.41	2.2720211797500003	1.945194237	0.2138790258682766	0.0	0.0	0.0	False
Cers4	mmu-miR-122-5p	0.0797597050666809	0.0049525945432447	0.0653208047151565	0.0810633301734924	0.0144389003515243	1	0.1133999999999999	0.2535701086484761	140.0	-20.45	1.2943337215	0.7723184002000001	0.6766491723698034	0.0	0.0	0.0	False
Cers6	mmu-miR-122-5p	0.0742244392633438	0.008556667109832	0.050848864018917	0.0858925804495811	0.0233755752444267	1	2.5394	0.3210954686693664	155.0	-21.85	7.425275651000001	3.331559442200001	1.132880083221665	2.0	3.194833393	3.1715942216666666	True
Ces1b	mmu-miR-122-5p	0.0866720750927925	0.0091725484955992	0.0764929428696632	0.0976206064224243	0.0101791322231292	1	1.3448	0.3000061666032883	172.0	-29.56	22.7215746425	79.910190434	-1.8097854213027704	0.0	0.0	0.0	False
Cgnl1	mmu-miR-122-5p	0.0897970706224441	0.0016072457869007	0.0685702636837959	0.0919929444789886	0.0212268069386482	1	3.5924	0.7531339854235765	140.0	-21.66	13.0565437675	12.0763400216	0.1116999904754188	1.0	1.988929094	1.988929094	True
Cgref1	mmu-miR-122-5p	0.090265454351902	0.00554303938019	0.0587437376379966	0.0847575068473815	0.0315217167139053	1	0.3416	0.384095430850199	149.0	-20.18	8.84849444525	1.2430734968	2.736106718799889	0.0	0.0	0.0	False
Chaf1a	mmu-miR-122-5p	0.0784381613135337	0.0045233246760951	0.0638099834322929	0.0751182734966278	0.0146281778812408	2	1.8732	0.3053132817287843	149.0	-22.22	0.7175937547500001	0.2821414972	1.097277246011728	0.0	0.0	0.0	False
Chchd4	mmu-miR-122-5p	0.0925165340304374	0.01342486751154	0.0724250003695488	0.0989662408828735	0.0200915336608886	2	0.0	0.0	150.0	-22.78	17.4907098175	12.997779758000002	0.425491422245999	1.0	3.243742993	3.243742993	True
Chd5	mmu-miR-122-5p	0.0675876423716545	0.0019660938010743	0.0667083784937858	0.0800098776817321	0.0008792638778686	1	0.0	0.0	146.0	-23.51	0.0062864495	0.0040422106	0.0307887209806174	0.0	0.0	0.0	False
Chdh	mmu-miR-122-5p	0.0789604634046554	0.0006800824718638	0.0575762838125228	0.0815170556306839	0.0213841795921325	1	5.367400000000001	0.6529094883672621	140.0	-20.44	50.00751437500001	37.222102544	0.4249967106191242	1.0	3.479810352	3.479810352	True
Chek1	mmu-miR-122-5p	0.0758842498064041	0.0015182748537279	0.0690980702638626	0.081848956644535	0.0067861795425415	1	0.0078	0.0116275534829989	142.0	-20.19	0.340717934	0.1485148068	0.8265237931678576	0.0	0.0	0.0	False
Chid1	mmu-miR-122-5p	0.072383165359497	0.0029903141869393	0.0602644123136997	0.0769984796643257	0.0121187530457973	1	1.1658000000000002	0.5646606945768405	144.0	-23.9	11.33547490025	17.147164718000003	-0.5928429347989638	0.0	0.0	0.0	False
Chmp4c	mmu-miR-122-5p	0.0736738353967666	0.002908017623378	0.06342064589262	0.0843609645962715	0.0102531895041465	1	0.5836	0.5451021005279654	152.0	-21.79	3.1635189475	0.6772610882000001	2.069957217467008	0.0	0.0	0.0	False
Chordc1	mmu-miR-122-5p	0.1518349111080169	0.0142648891174493	0.0699678286910057	0.1124141290783882	0.0818670824170112	1	3.529	0.5233751044900781	147.0	-20.7	20.62227228	23.260820766	-0.1729087542060272	0.0	0.0	0.0	False
Chrm1	mmu-miR-122-5p	0.0525366306304931	0.0013469449978737	0.0512176379561424	0.0741471573710441	0.0013189926743507	1	0.0	0.0	146.0	-21.84	0.0338376647499999	0.0464842978	-0.1302618470339453	0.0	0.0	0.0	False
Chrna1	mmu-miR-122-5p	0.0778870716691017	0.0037328706380796	0.0762176811695098	0.0982081964612007	0.0016693904995918	1	0.1278	0.2857694875244731	145.0	-22.1	0.070780609	0.0586790262	0.1060327269267954	0.0	0.0	0.0	False
Chrnb4	mmu-miR-122-5p	0.0631337538361549	0.0	0.0631337538361549	0.085366241633892	0.0	1	0.0	0.0	156.0	-20.59	0.0373780259999999	0.064704865	-0.2617319100641825	0.0	0.0	0.0	False
Chst13	mmu-miR-122-5p	0.0740222945809364	0.0020589536273024	0.0668620094656944	0.1118308827280998	0.0071602851152419	1	2.6658	0.3205513999345502	144.0	-21.33	4.778187874	4.0851787518	0.2210560792545234	1.0	3.073817992	3.073817992	True
Chsy1	mmu-miR-122-5p	0.0765175089240074	0.0006167150852231	0.0695701986551284	0.0960083529353141	0.0069473102688789	1	0.8086	0.6483215251709602	145.0	-20.68	1.61279976975	0.9233203448	0.7430986633684785	0.0	0.0	0.0	False
Ciao1	mmu-miR-122-5p	0.1159671619534492	0.001310934256156	0.0616333149373531	0.1166471764445304	0.0543338470160961	1	3.819	0.5076677062803975	140.0	-20.73	11.051606629	12.32403778	-0.155882545508232	0.0	0.0	0.0	False
Ciita	mmu-miR-122-5p	0.0795122787356376	0.0040204030313673	0.0650201514363288	0.073042057454586	0.0144921272993087	1	0.5406	0.634764759576333	146.0	-20.49	1.1407092305	0.3136919654	1.5845362053217589	0.0	0.0	0.0	False
Clcn3	mmu-miR-122-5p	0.1211230248212814	0.0070466411817148	0.0674487352371215	0.1117451041936874	0.0536742895841598	1	3.8468	0.506073808846101	146.0	-21.12	9.67198282825	10.7086315748	-0.1454606488878553	1.0	-1.248110103	-1.248110103	True
Clcnkb	mmu-miR-122-5p	0.0807588919997215	0.0	0.0807588919997215	0.1805023699998855	0.0	1	0.0	0.0	167.0	-24.19	0.0	0.0	0.0	0.0	0.0	0.0	False
Cldn18	mmu-miR-122-5p	0.0623242296278476	0.0	0.0623242296278476	0.0857276991009712	0.0	1	0.0	0.0	176.0	-25.61	0.018528039	0.0	0.2452283835222075	0.0	0.0	0.0	False
Cldn6	mmu-miR-122-5p	0.1242447555065155	0.0134262572448502	0.1023847535252571	0.1132027208805084	0.0218600019812583	1	0.095	0.21242645786248	151.0	-22.75	1.969481963	0.1568772658	3.010118555180889	0.0	0.0	0.0	False
Clec14a	mmu-miR-122-5p	0.0985750988125801	0.0044168906200359	0.0747255459427833	0.1343349069356918	0.0238495528697967	1	3.0552	0.6869961426383703	143.0	-20.32	4.92133600425	6.0550908324	-0.2937088805015406	0.0	0.0	0.0	False
Clec4e	mmu-miR-122-5p	0.104711078107357	0.0187057946788511	0.0844194218516349	0.0884924754500389	0.020291656255722	1	0.1156	0.2584894581989757	154.0	-22.13	0.21561346975	0.084460967	0.774843211971984	0.0	0.0	0.0	False
Clec5a	mmu-miR-122-5p	0.075844620168209	0.0037961549884025	0.0700532272458076	0.1104988977313041	0.0057913929224014	1	0.0	0.0	155.0	-22.87	0.471519322	0.0783896415999999	1.67977042814583	0.0	0.0	0.0	False
Clic6	mmu-miR-122-5p	0.0814805746078491	0.0059780657262465	0.0734928548336029	0.0972774699330329	0.0079877197742462	1	0.0622	0.1390834282004869	145.0	-24.23	0.42686902225	0.0497587382	1.8148041730362696	0.0	0.0	0.0	False
Clmn	mmu-miR-122-5p	0.0586294367909431	0.0018596019764732	0.0545050092041492	0.0472510196268558	0.0041244275867938	1	3.4668	0.6428971146303272	141.0	-23.49	8.864651789	8.582329348599998	0.0461653963773548	0.0	0.0	0.0	False
Clptm1	mmu-miR-122-5p	0.0828621566295623	0.0070707173475714	0.0604038760066032	0.0802467912435531	0.0224582806229591	1	0.5136000000000001	0.5417529879936058	162.0	-20.05	17.4073831075	15.11610654	0.2023642021933382	0.0	0.0	0.0	False
Clstn2	mmu-miR-122-5p	0.0752724379301071	0.0003713281804569	0.0751063749194145	0.0925301760435104	0.0001660630106925	1	0.0	0.0	140.0	-21.35	0.09014083125	0.0700659016	0.1609744646272487	0.0	0.0	0.0	False
Cltc	mmu-miR-122-5p	0.1189186483621597	0.0067384758987232	0.0952258259057998	0.1471839845180511	0.0236928224563598	1	6.5638000000000005	0.5726414235802364	160.0	-22.75	32.414913265	28.621770976	0.1789568672711546	1.0	0.626359015	0.626359015	True
Cluap1	mmu-miR-122-5p	0.074067085981369	0.00071730458885	0.065695971250534	0.1246969327330589	0.0083711147308349	1	0.0	0.0	145.0	-22.1	4.5244413625	5.0030268504	-0.1420741356763701	0.0	0.0	0.0	False
Cndp1	mmu-miR-122-5p	0.1024117544293403	0.0	0.1024117544293403	0.1089719533920288	0.0	1	0.0	0.0	163.0	-25.36	0.15125703725	0.0824692856	0.461510363356311	0.0	0.0	0.0	False
Cnga3	mmu-miR-122-5p	0.0695976316928863	0.0	0.0695976316928863	0.0931670293211937	0.0	1	0.0	0.0	161.0	-23.48	0.040132777	0.0695529436	-0.2749413901086602	0.0	0.0	0.0	False
Cnga4	mmu-miR-122-5p	0.1263937503099441	0.0100437670453739	0.1219020411372184	0.1327840685844421	0.0044917091727256	1	0.0	0.0	142.0	-20.46	0.02589522475	0.014266959	0.1398152625327839	0.0	0.0	0.0	False
Cnrip1	mmu-miR-122-5p	0.1473115473985672	0.0156925450821534	0.1473539173603058	0.1395961493253708	-4.236996173859198e-05	1	0.6514	0.4403308983026288	154.0	-20.85	0.9956645275	0.8408969154000001	0.2196975638365269	1.0	-2.400113196	-2.400113196	True
Col3a1	mmu-miR-122-5p	0.2781049251556396	0.0035748414294073	0.0750816985964775	0.1434535235166549	0.2030232265591621	1	2.8674000000000004	0.2986784223876911	142.0	-20.15	50.6457214625	8.866719389	2.5006340342805045	0.0	0.0	0.0	False
Col4a3	mmu-miR-122-5p	0.1159076601266861	0.0114980425818154	0.0847052261233329	0.1243253275752067	0.0312024340033531	1	0.3312	0.2354797231185734	147.0	-24.21	0.52149619025	0.1200131126	1.498156037887993	0.0	0.0	0.0	False
Commd8	mmu-miR-122-5p	0.0677123494446277	0.007118486399348	0.0575559586286544	0.0854281485080719	0.0101563908159732	1	1.2244	0.3645508195025763	145.0	-21.85	10.667191041	10.734576349	-0.0090008158370322	0.0	0.0	0.0	False
Cox15	mmu-miR-122-5p	0.0956597685813903	0.005004717251661	0.074910394847393	0.0801768377423286	0.0207493737339973	1	3.4476	0.5133841641500058	142.0	-24.62	6.7003761435	6.0185804956	0.1524175591828518	1.0	3.178154652	3.178154652	True
Cox16	mmu-miR-122-5p	0.152125483751297	0.0399204736841209	0.1267226934432983	0.1217462345957756	0.0254027903079986	1	1.3758	0.7626789626048434	154.0	-23.85	54.347358095	54.187359018	0.0042457468536537	0.0	0.0	0.0	False
Cpa4	mmu-miR-122-5p	0.082908421754837	0.0	0.082908421754837	0.1138754710555076	0.0	1	0.0	0.0	146.0	-22.74	0.004906986	0.0	0.0691107535297395	0.0	0.0	0.0	False
Cpd	mmu-miR-122-5p	0.0962762281298637	0.0018834339913191	0.0734598040580749	0.0916358977556228	0.0228164240717887	1	3.1052000000000004	0.6028795070327072	158.0	-21.3	12.37887225	7.102552418	0.7929073997386729	2.0	5.568416465	4.576598188	True
Cpne4	mmu-miR-122-5p	0.0909946456551551	0.002795292222333	0.0897445529699325	0.0842969641089439	0.0012500926852226	1	0.0	0.0	157.0	-20.32	0.0253509759999999	0.0036043156	0.2748891300261431	0.0	0.0	0.0	False
Cpne5	mmu-miR-122-5p	0.0559291191399097	0.0035433592553061	0.0534532330930233	0.0728634148836135	0.0024758860468864	1	0.0	0.0	145.0	-21.09	0.151606272	0.15183417	-0.0013061617997185	0.0	0.0	0.0	False
Crhr1	mmu-miR-122-5p	0.0686377510428428	0.0	0.0686377510428428	0.0983994081616401	0.0	1	0.0	0.0	142.0	-21.86	0.0	0.0	0.0	0.0	0.0	0.0	False
Cryl1	mmu-miR-122-5p	0.1197166830301284	0.0031747141811241	0.0984730571508407	0.1369473785161972	0.0212436258792877	1	3.044	0.5680668974689513	141.0	-21.16	2.82400215675	7.329462722600001	-1.3453135075499598	0.0	0.0	0.0	False
Csf1r	mmu-miR-122-5p	0.0882486775517463	0.0010276467539297	0.0611315406858921	0.0821259915828704	0.0271171368658542	1	1.8446	0.564373812291109	141.0	-27.77	19.0953422875	9.4965755286	1.0001646992009976	0.0	0.0	0.0	False
Csf2rb	mmu-miR-122-5p	0.1026395380496978	0.0055279013890738	0.0622249692678451	0.0799490809440612	0.0404145687818527	1	1.598	0.7258667233039409	151.0	-20.25	4.07635270825	2.0684700158	0.9455660632364408	1.0	4.243742993	4.243742993	True
Csf2rb2	mmu-miR-122-5p	0.1010820552706718	0.0078268762105904	0.0734159871935844	0.0971563607454299	0.0276660680770874	1	0.3922	0.2572599852289508	151.0	-20.25	0.8188462402500001	0.3419147916	1.0560552398616332	0.0	0.0	0.0	False
Csf3r	mmu-miR-122-5p	0.2040038019418716	0.0109377376939444	0.1049437373876571	0.1326560974121093	0.0990600645542144	1	0.5902	0.3832873595619871	149.0	-21.14	1.6822865187499998	0.6052899576	1.3374408789448191	0.0	0.0	0.0	False
Csnk1g1	mmu-miR-122-5p	0.0716459318995475	0.0025672088032431	0.0680359005928039	0.0847700163722038	0.0036100313067436	1	0.808	0.4889452934633894	143.0	-22.18	1.991875514	0.9768674158	0.9579563645778392	1.0	4.037292116	4.037292116	True
Csnk2a2	mmu-miR-122-5p	0.0754926607012748	0.0018107213688544	0.0591034442186355	0.0722678899765014	0.0163892164826393	1	2.5086	0.5764319560884875	146.0	-21.42	3.9702486145	4.1651602044	-0.0674830135598111	0.0	0.0	0.0	False
Cst6	mmu-miR-122-5p	0.0619976744055748	0.0	0.0619976744055748	0.0917821526527404	0.0	1	0.0	0.0	148.0	-20.45	0.0066968425	0.0210161718	-0.1816823697518357	0.0	0.0	0.0	False
Ctdnep1	mmu-miR-122-5p	0.1119739904999733	0.0017095999739601	0.0671398416161537	0.1313668042421341	0.0448341488838195	1	3.983	0.6743400477503914	157.0	-22.01	21.5235337775	12.8652176564	0.7379558855903522	2.0	3.526676957	3.148244381	True
Ctdspl	mmu-miR-122-5p	0.0771926596760749	0.0030482650755024	0.0626571103930473	0.0809609815478324	0.0145355492830276	1	1.6472000000000002	0.6821588524676638	143.0	-21.11	1.277177656	1.1054997651999998	0.1920833092834384	2.0	2.999817411	2.984469012	True
Ctnna3	mmu-miR-122-5p	0.0533346623182296	0.0013658904762334	0.0527238175272941	0.0699201300740242	0.0006108447909355	1	0.0	0.0	148.0	-21.84	0.00682488875	0.0095361355999999	-0.0361590739924389	0.0	0.0	0.0	False
Ctnnd1	mmu-miR-122-5p	0.0723579250276088	0.006354634925337	0.0564518421888351	0.075990617275238	0.0159060828387737	1	4.649799999999999	0.4999376961182261	153.0	-21.92	11.4057689075	8.6460617518	0.3956519594506258	1.0	-0.307003792	-0.307003792	True
Ctsd	mmu-miR-122-5p	0.1273346468806266	0.003316260645331	0.0991772636771202	0.1035221889615058	0.0281573832035064	1	7.111	0.5740579239066385	153.0	-24.14	138.2986312	125.04062936	0.1452794095982447	0.0	0.0	0.0	False
Ctsz	mmu-miR-122-5p	0.0861808061599731	0.0040826899252196	0.0503085516393184	0.0768942460417747	0.0358722545206546	1	3.3804000000000003	0.4947335646587969	155.0	-20.92	88.7114444625	143.79745336000002	-0.6962235571397052	0.0	0.0	0.0	False
Cttnbp2nl	mmu-miR-122-5p	0.1035479366779327	0.006313572426814	0.071200355887413	0.1043323054909706	0.0323475807905197	1	0.889	0.5245917460273275	154.0	-20.51	2.154868009	1.065953161	0.9515331529762796	0.0	0.0	0.0	False
Cutal	mmu-miR-122-5p	0.117311055958271	0.0026696635799665	0.0794169828295707	0.1117466688156127	0.0378940731287002	1	4.4588	0.3315172695350876	144.0	-22.34	2.7130103989250003	7.729041919599998	-1.4767208823465474	0.0	0.0	0.0	False
Cux1	mmu-miR-122-5p	0.0755690455436706	0.0058360131396168	0.0564256571233272	0.0634571239352226	0.0191433884203433	2	0.3524	0.2926265538190272	152.0	-24.79	4.00933288	3.824697284	0.066322820255936	2.0	2.796284016	2.566568207	True
Cxcl11	mmu-miR-122-5p	0.1362921625375747	0.0046379192822405	0.0875775068998336	0.1486946493387222	0.048714655637741	1	1.225	0.6945570530921128	153.0	-20.91	0.1886197305	0.7480772324	-1.555025725508451	0.0	0.0	0.0	False
Cxcl12	mmu-miR-122-5p	0.0749413698911666	0.0020075086629723	0.0500965751707553	0.0738605335354805	0.0248447947204113	1	2.2350000000000003	0.6682065548915245	145.0	-23.4	131.69664255	72.122166284	0.8678000196294741	3.0	4.77425771	3.300111538666666	True
Cxcr3	mmu-miR-122-5p	0.1203193008899688	0.0181462184462969	0.0966278687119484	0.1497068554162979	0.0236914321780204	1	0.492	0.2977297432236154	145.0	-21.04	0.400165301	0.1941338208	0.7659322927468665	0.0	0.0	0.0	False
Cyp11b1	mmu-miR-122-5p	0.0743237569928169	0.0234043877517994	0.0638569965958595	0.1110325008630752	0.0104667603969574	1	0.3266	0.7302998014514313	164.0	-25.12	0.1784715537499999	0.3042097164	-0.5375740398414602	0.0	0.0	0.0	False
Cyp11b2	mmu-miR-122-5p	0.086399732530117	0.0104322908744561	0.080593504011631	0.1034836247563362	0.005806228518486	1	0.1278	0.2857694875244731	155.0	-25.12	0.083664996	0.0	0.8770766949891944	0.0	0.0	0.0	False
Cyp4x1	mmu-miR-122-5p	0.0756438821554184	0.0	0.0756438821554184	0.0809451714158058	0.0	1	0.0	0.0	155.0	-22.21	0.40456524125	0.761720547	-0.772179259518253	0.0	0.0	0.0	False
Cyth1	mmu-miR-122-5p	0.1044699013233184	0.005714699697531	0.0698307231068611	0.0935775265097618	0.0346391782164573	1	2.7726	0.965005077706848	158.0	-20.81	7.13163902825	7.3097210428000015	-0.0350965632130308	0.0	0.0	0.0	False
D630039A03Rik	mmu-miR-122-5p	0.093898457288742	0.0026611024633321	0.070281408727169	0.1014483273029327	0.023617048561573	2	2.1122	0.4376542013964907	154.0	-21.17	6.99313404675	5.2317472376	0.4118148239099639	1.0	3.559244819	3.559244819	True
D630045J12Rik	mmu-miR-122-5p	0.0779790058732032	0.0011102818838398	0.0607878826558589	0.0835502669215202	0.0171911232173442	1	0.8812000000000001	0.5212578056969507	152.0	-20.6	0.28268134525	0.2238466076	0.2408329435230045	0.0	0.0	0.0	False
Daam1	mmu-miR-122-5p	0.0949180334806442	0.0028517081512069	0.0676190257072448	0.1076498180627822	0.0272990077733993	1	3.261	0.5236095873835773	141.0	-20.01	10.929124256	9.12130582	0.2582752725136519	0.0	0.0	0.0	False
Daam2	mmu-miR-122-5p	0.0789856269955635	0.0041024434991296	0.0673427656292915	0.0788896903395652	0.0116428613662719	1	0.2648	0.2509037664125431	144.0	-20.6	0.60954120625	0.4764196892	0.2997668549385827	0.0	0.0	0.0	False
Dact2	mmu-miR-122-5p	0.1139925554394722	0.0036915334923755	0.0893516317009925	0.1150948777794838	0.0246409237384796	1	2.7298	0.6420714134736105	140.0	-21.52	2.5170562055000003	3.5069834896000005	-0.4628479105108934	0.0	0.0	0.0	False
Daglb	mmu-miR-122-5p	0.080807901918888	0.0001748579520646	0.0643967017531395	0.0966613739728927	0.0164112001657485	1	5.105	0.4462353639056411	155.0	-22.6	2.67210426375	2.9650252768	-0.1449174508422605	0.0	0.0	0.0	False
Dapk1	mmu-miR-122-5p	0.1128904491662979	0.0033379862535398	0.0755979791283607	0.1148094236850738	0.0372924700379371	1	3.9260000000000006	0.8366304441030102	141.0	-23.77	7.676545778749999	9.5348980092	-0.3091399201779389	0.0	0.0	0.0	False
Ddr1	mmu-miR-122-5p	0.0990463465452194	0.0048517479550554	0.0808635279536247	0.1129244416952133	0.0181828185915946	1	0.4218	0.2455314643788042	150.0	-20.95	2.54831717425	0.167423849	3.3078758794843792	1.0	-1.122579221	-1.122579221	True
Ddx11	mmu-miR-122-5p	0.0639217659831047	0.0023961603851557	0.0570943318307399	0.0725524649024009	0.0068274341523647	1	0.0766	0.1049371240314885	140.0	-21.67	1.052763101	1.1803556096	-0.1514485022142759	0.0	0.0	0.0	False
Ddx51	mmu-miR-122-5p	0.099956376850605	0.0053213068325152	0.0768502131104469	0.0908020213246345	0.023106163740158	1	1.0616	0.5730809715912752	146.0	-21.45	2.1585118065	1.4045607207999995	0.5860301236843855	1.0	2.184849304	2.184849304	True
Ddx60	mmu-miR-122-5p	0.1478527814149856	0.0055470961156061	0.0927154719829559	0.171994462609291	0.0551373094320297	1	2.2822000000000005	0.448141383940381	168.0	-20.33	2.319500741	2.1535739066	0.102494616631679	1.0	4.980708588	4.980708588	True
Dennd5b	mmu-miR-122-5p	0.0841405600309372	0.0018287505123034	0.0597146488726139	0.0781961530447006	0.0244259111583232	1	3.0864	0.5595000446827506	143.0	-21.0	8.6233198655	10.883915374	-0.3324432190346271	0.0	0.0	0.0	False
Dennd6b	mmu-miR-122-5p	0.0762406289577484	0.006095012421606	0.0694581344723701	0.0833297744393348	0.0067824944853782	2	0.3676	0.4123182023631748	158.0	-24.36	0.96156006925	0.8704755992	0.1294221650091467	0.0	0.0	0.0	False
Dgke	mmu-miR-122-5p	0.0791908308863639	0.0022696558651517	0.0547714084386825	0.0824102833867073	0.0244194224476814	2	0.9414	0.5244800282184251	153.0	-21.91	0.44037200475	0.4980947324000001	-0.1464210770423242	1.0	0.488855491	0.488855491	True
Dgkq	mmu-miR-122-5p	0.0958143636584281	0.0046998141399725	0.0825720205903053	0.0996680334210395	0.0132423430681228	1	3.4584	0.8036310098546471	142.0	-21.75	1.2963991335	1.6391187456	-0.3166450752646047	1.0	2.921814899	2.921814899	True
Dhdh	mmu-miR-122-5p	0.0779759585857391	0.0020350421673075	0.0654814913868904	0.0699812024831771	0.0124944671988487	1	3.1746000000000003	0.6301815611393276	161.0	-21.66	32.141158752500004	52.767318464000006	-0.7134725567076698	0.0	0.0	0.0	False
Dhfr	mmu-miR-122-5p	0.0903944388031959	0.001367988619365	0.0607609637081623	0.094039648771286	0.0296334750950336	1	1.4894	0.5297941109525474	152.0	-22.33	12.3181472325	15.882649354	-0.3640566336963271	2.0	5.980708588	5.158780493	True
Dhrs9	mmu-miR-122-5p	0.1021465986967086	0.0092926637734389	0.0705693364143371	0.0986726731061935	0.0315772622823715	1	0.344	0.401114073550156	148.0	-20.02	3.534494179	1.0096692304	1.7116248919911274	0.0	0.0	0.0	False
Dhx36	mmu-miR-122-5p	0.1241339862346649	0.0024080947820412	0.0655816420912742	0.1282413750886917	0.0585523441433906	1	2.4018	0.5453693244031974	140.0	-21.16	11.00643908	15.58519167	-0.498006821322281	0.0	0.0	0.0	False
Diablo	mmu-miR-122-5p	0.0811063230037689	0.006431312203821	0.0757134929299354	0.0958619192242622	0.0053928300738334	1	0.0612	0.0912315734819914	156.0	-24.09	17.416742157499996	15.037784154000002	0.2105804397190626	0.0	0.0	0.0	False
Dip2c	mmu-miR-122-5p	0.0993350595235824	0.0023320816315536	0.0761679857969284	0.107513703405857	0.023167073726654	1	1.9832	0.7551239633331734	140.0	-22.48	1.9831689535	2.217326498	-0.1536814733958139	0.0	0.0	0.0	False
Dlat	mmu-miR-122-5p	0.0770926058292389	0.0026537657473044	0.0677980333566665	0.074919156730175	0.0092945724725723	1	3.5642000000000005	0.6417680266264438	142.0	-20.17	14.1939772775	13.467249935999998	0.0752790820263351	2.0	3.584779911	2.7134338085	True
Dlg2	mmu-miR-122-5p	0.0649396777153015	0.0058982580792165	0.0623018965125083	0.0853276476264	0.0026377812027931	1	0.0	0.0	142.0	-21.19	0.0238377099999999	0.0055796916	0.2301183416140953	1.0	-4.570038198	-4.570038198	True
Dlgap2	mmu-miR-122-5p	0.055299836397171	0.0030971515152479	0.0539147481322288	0.0601741299033165	0.0013850882649421	1	0.0	0.0	155.0	-21.56	0.0	0.0054309544	-0.0762985026772156	0.0	0.0	0.0	False
Dnajb9	mmu-miR-122-5p	0.1255284368991852	0.0026817138795938	0.0946893244981765	0.1907233595848083	0.0308391124010086	1	4.8962	0.366738599004795	146.0	-22.79	46.826634375	45.439873948	0.0432766943746345	0.0	0.0	0.0	False
Dnajc12	mmu-miR-122-5p	0.099295699596405	0.0016249345622842	0.0704728588461875	0.1058224216103553	0.0288228407502174	1	0.3114	0.2861333605156868	152.0	-20.24	10.9834164065	13.6987600872	-0.3161359835106074	0.0	0.0	0.0	False
Dnajc15	mmu-miR-122-5p	0.0777051448822021	0.0025955422567788	0.0572777353227138	0.0799837633967399	0.0204274095594882	3	0.6005999999999999	0.3295061456179535	168.0	-28.0	46.78015294	52.224512408	-0.1585096862631851	0.0	0.0	0.0	False
Dnajc3	mmu-miR-122-5p	0.0917310401797294	0.0005632395686099	0.069828063249588	0.1023135855793953	0.0219029769301414	1	5.1556	0.2346130857390525	144.0	-22.11	61.404742447500006	71.735246326	-0.2239942267054578	3.0	1.632308281	1.313672086333333	True
Dnmbp	mmu-miR-122-5p	0.1118664368987083	0.0009816292038659	0.0756073370575904	0.0987433046102523	0.0362590998411178	1	2.6928	0.7853567342297384	147.0	-21.79	3.96988561175	3.2855455102	0.2655999338473184	0.0	0.0	0.0	False
Dock5	mmu-miR-122-5p	0.0803243860602378	0.000570945756679	0.0460625067353248	0.0855645686388015	0.034261879324913	1	1.1766	0.4627529578511627	152.0	-24.27	3.43177860125	2.1924688634	0.6234927676326258	2.0	4.336852398	4.173065069	True
Dok6	mmu-miR-122-5p	0.0642520561814308	0.0	0.0642520561814308	0.0952691286802291	0.0	1	0.0	0.0	144.0	-20.35	0.06583725925	0.0896925716	-0.1938950049171774	0.0	0.0	0.0	False
Donson	mmu-miR-122-5p	0.0959187105298042	0.0027558595574406	0.074165254831314	0.0922139585018158	0.0217534556984901	2	2.3086	0.2768849941762825	150.0	-21.07	1.07075513025	0.6086562132	0.7242815449920376	0.0	0.0	0.0	False
Dph6	mmu-miR-122-5p	0.1043775871396064	0.0067974966491965	0.0754341557621955	0.1268724352121353	0.0289434313774108	1	1.9194	0.5784797317106278	145.0	-20.49	3.2611071675000005	2.1652948000000003	0.5692377317677283	2.0	3.14420732	2.677764418	True
Drd4	mmu-miR-122-5p	0.0719668269157409	0.0	0.0719668269157409	0.0957419499754905	0.0	1	0.0	0.0	159.0	-23.41	0.0	0.0	0.0	0.0	0.0	0.0	False
Dsc2	mmu-miR-122-5p	0.1648227334022522	0.0027781163306168	0.0802856758236885	0.1613406389951706	0.0845370575785637	1	4.5962000000000005	0.5108910842831375	158.0	-21.1	20.27579062	15.653284064	0.3712034232986211	2.0	3.218207901	1.9090473525	True
Dtna	mmu-miR-122-5p	0.0752174109220504	0.0	0.0752174109220504	0.0807652920484542	0.0	1	0.0	0.0	152.0	-20.58	0.0878633735	0.0375695392	0.4495227590411372	1.0	-5.155000699	-5.155000699	True
Dtx2	mmu-miR-122-5p	0.1054832279682159	0.0100280064588495	0.0986886918544769	0.1191522702574729	0.006794536113739	1	0.7224	0.3495372655383114	151.0	-21.01	2.1611342005	0.664160024	1.5650999278366724	0.0	0.0	0.0	False
Dtx4	mmu-miR-122-5p	0.0837102457880973	0.001949407423727	0.0505255088210105	0.0977228134870529	0.0331847369670867	1	2.1544	0.6308005231449956	152.0	-20.86	3.237336957	3.3790796532000003	-0.0600083529243476	0.0	0.0	0.0	False
Dusp9	mmu-miR-122-5p	0.0723784729838371	0.0046055450075683	0.0703188106417656	0.1047623008489608	0.0020596623420715	1	0.0622	0.1390834282004869	143.0	-20.54	0.131996332	0.0418058637999999	0.7101848051181461	0.0	0.0	0.0	False
Dync1li1	mmu-miR-122-5p	0.1538364022970199	0.0067871144361997	0.0782583206892013	0.1607705056667328	0.0755780816078185	1	3.286	0.7812000384024568	163.0	-24.11	10.18590368875	8.3739007918	0.2795704067447139	0.0	0.0	0.0	False
Dyrk1a	mmu-miR-122-5p	0.089202731847763	0.0059888749917546	0.0693015977740287	0.1071750372648239	0.0199011340737342	1	2.6558	0.5755525171519972	145.0	-26.16	3.114777771	2.3981618628	0.3638520551789705	1.0	-0.122579221	-0.122579221	True
Dzip1l	mmu-miR-122-5p	0.0713651791214942	0.0051996659484879	0.0553379021584987	0.0782746896147728	0.0160272769629955	1	0.0348	0.0778151656169926	160.0	-23.43	0.070321772	0.1303257148	-0.4354126258012695	0.0	0.0	0.0	False
E130308A19Rik	mmu-miR-122-5p	0.0722759142518043	0.0037403986171231	0.0611724965274333	0.0741614028811454	0.0111034177243709	1	0.2795999999999999	0.3940714402237238	143.0	-24.4	0.30811458475	0.4632325297999999	-0.4647563910501253	1.0	4.506777399	4.506777399	True
E2f2	mmu-miR-122-5p	0.0838560953736305	0.0009210257102913	0.0660980194807052	0.084347128868103	0.0177580758929252	1	0.3226	0.4746238510652409	147.0	-32.95	0.52533264025	0.4389642264	0.2144343053435863	0.0	0.0	0.0	False
Eapp	mmu-miR-122-5p	0.0963304057717323	0.0057128242038964	0.0557990074157714	0.0980032086372375	0.0405313983559608	1	0.457	0.2073053303704466	145.0	-22.1	16.361251455	17.397507154000003	-0.0880753781020603	0.0	0.0	0.0	False
Ebf1	mmu-miR-122-5p	0.0783761709928512	0.0138142100275713	0.0571639090776443	0.1201539188623428	0.0212122619152069	1	0.1546	0.2728604038698177	141.0	-21.47	0.1481104477499999	0.0723804748	0.5253861149165147	0.0	0.0	0.0	False
Ebna1bp2	mmu-miR-122-5p	0.0832462459802627	0.0021669896667065	0.0718654543161392	0.0864202976226806	0.0113807916641235	1	0.0	0.0	141.0	-21.38	14.68824207	16.00457243	-0.1230197938193342	0.0	0.0	0.0	False
Ebpl	mmu-miR-122-5p	0.0699378952383995	0.0031344923811554	0.0564192719757556	0.0719962492585182	0.0135186232626438	1	0.6544	0.5140800521319613	140.0	-21.01	32.6105168925	47.551143472	-0.5427562774172774	0.0	0.0	0.0	False
Echdc1	mmu-miR-122-5p	0.0972798645496368	0.002399283623803	0.0604990497231483	0.1066189482808113	0.0367808148264885	1	4.1160000000000005	0.5703740001087009	140.0	-22.34	26.262483215	30.441764454	-0.2122971402378774	1.0	3.006703796	3.006703796	True
Edaradd	mmu-miR-122-5p	0.0559483297169208	0.0065552035702621	0.0482672974467277	0.0763287022709846	0.0076810322701931	1	0.1278	0.2857694875244731	157.0	-20.55	0.03268997375	0.04073568	-0.0849287714083421	0.0	0.0	0.0	False
Edem3	mmu-miR-122-5p	0.1233222648501396	0.0047989580692624	0.0815987512469291	0.1095142140984535	0.0417235136032104	1	4.3104	0.4102344451652005	142.0	-20.78	10.922461392	11.2345735926	-0.0402836941340215	0.0	0.0	0.0	False
Eef1a2	mmu-miR-122-5p	0.0487031824886798	0.0	0.0487031824886798	0.067697636783123	0.0	2	0.0	0.0	158.0	-23.74	0.0055632275	0.0297592468	-0.2977299848859492	0.0	0.0	0.0	False
Eef1d	mmu-miR-122-5p	0.0929872453212738	0.0036348984321469	0.0732726082205772	0.1072840169072151	0.0197146371006965	1	0.1133999999999999	0.2535701086484761	167.0	-21.3	37.984546445	33.515542302	0.1800772905178326	1.0	3.059318422	3.059318422	True
Eef1e1	mmu-miR-122-5p	0.1041727527976036	0.0026805306843467	0.095907062292099	0.0959948599338531	0.0082656905055046	1	0.0	0.0	156.0	-26.85	16.120860875	17.087228386	-0.083486526010889	0.0	0.0	0.0	False
Efhd2	mmu-miR-122-5p	0.1007906600832939	0.0026145960481891	0.0651718229055404	0.0948419645428657	0.0356188371777534	1	3.5848	0.5241580868402201	152.0	-21.95	31.0703634975	12.162945518	1.3458694281309165	1.0	0.256682049	0.256682049	True
Ehd4	mmu-miR-122-5p	0.0996845990419387	0.0020063471245619	0.0754772052168846	0.1075741797685623	0.0242073938250541	1	2.415	0.2736667681688808	151.0	-23.35	4.168250618749999	2.2927875934	0.8349525541153107	0.0	0.0	0.0	False
Ehmt1	mmu-miR-122-5p	0.0945863202214241	0.0104312090057843	0.0649403110146522	0.0887656509876251	0.0296460092067718	1	2.29	0.7544630540987411	150.0	-22.79	2.0040699337500003	2.0806184486	-0.051554701210924	0.0	0.0	0.0	False
Eif2ak2	mmu-miR-122-5p	0.0920399621129035	0.0045637901962338	0.0696423649787902	0.1117488145828247	0.0223975971341133	1	2.7749999999999995	0.3122290825659903	154.0	-20.04	5.71899038975	7.0398777002	-0.2951304989400809	1.0	3.073817992	3.073817992	True
Eif4e	mmu-miR-122-5p	0.1262435853481292	0.006054648228069	0.0769055038690567	0.1131488978862762	0.0493380814790725	1	5.424	0.2909544637911575	164.0	-23.9	19.974839385	25.450775668	-0.34797864396744	1.0	0.699422477	0.699422477	True
Eif4h	mmu-miR-122-5p	0.1053751721978187	0.0007262037236601	0.0722153335809707	0.0978728830814361	0.0331598386168479	1	5.7956	0.3623759097953395	167.0	-24.45	64.2085020075	58.605574932	0.131511969627718	3.0	3.599886804	1.2224395306666669	True
Elavl3	mmu-miR-122-5p	0.0685230061411857	0.0032387582230827	0.0670745894312858	0.0769020617008209	0.0014484167098998	1	0.0622	0.1390834282004869	152.0	-28.16	0.03068106075	0.0457649432	-0.1575937195245189	0.0	0.0	0.0	False
Elovl3	mmu-miR-122-5p	0.1279756605625152	0.006998972796209	0.0824631676077842	0.1293820738792419	0.0455124929547309	1	1.5790000000000002	1.4694851139089502	146.0	-22.62	1.06492413725	107.6741966556	-6.531631992483885	0.0	0.0	0.0	False
Elovl7	mmu-miR-122-5p	0.0689823180437088	0.0070146991104808	0.0521509759128093	0.1081720069050788	0.0168313421308994	1	0.0	0.0	148.0	-20.91	1.354097893	0.2634599562	2.00025606718538	0.0	0.0	0.0	False
Elp3	mmu-miR-122-5p	0.1424321830272674	0.0025871161179225	0.0712726488709449	0.0948957130312919	0.0711595341563224	1	2.7064	0.9195280311116132	152.0	-21.04	12.297011765	9.9371193232	0.3046471365731197	2.0	3.847814317	3.156974866	True
Eme2	mmu-miR-122-5p	0.0687566578388214	0.0018649463621615	0.0575655363500118	0.0735294595360755	0.0111911214888095	1	3.3022	0.512160814588543	144.0	-20.14	1.36763428025	2.201573015	-0.6491277034564564	0.0	0.0	0.0	False
Endod1	mmu-miR-122-5p	0.0780652374029159	0.002242236775262	0.0675575658679008	0.1026501506567001	0.0105076715350151	1	0.8465999999999999	0.3736740558294086	152.0	-21.42	3.4762732522499995	0.7750468143999999	2.031024865398092	1.0	-0.470502524	-0.470502524	True
Endou	mmu-miR-122-5p	0.1084646135568618	0.0105362007866375	0.0794937908649444	0.1164483726024627	0.0289708226919174	1	0.0	0.0	165.0	-25.75	0.1605662257499999	0.1144843056	0.2807780101319271	0.0	0.0	0.0	False
Engase	mmu-miR-122-5p	0.0883474439382553	0.0059658262967032	0.0660530552268028	0.0837499797344207	0.0222943887114524	1	0.491	0.5081869734654756	146.0	-25.88	0.85485008075	0.5806817818	0.4882937390007235	0.0	0.0	0.0	False
Epas1	mmu-miR-122-5p	0.0943229615688324	0.0074061576520811	0.0739041343331337	0.0942196622490882	0.0204188272356986	1	4.411	0.7882353709394169	147.0	-23.21	25.16362256	29.862344684000004	-0.2460890028627464	0.0	0.0	0.0	False
Epha10	mmu-miR-122-5p	0.0660792216658592	0.0	0.0660792216658592	0.0889467447996139	0.0	1	0.0	0.0	156.0	-23.71	0.0	0.0156864544	-0.2102199507549376	0.0	0.0	0.0	False
Erbb2	mmu-miR-122-5p	0.1047587037086486	0.0030634182741586	0.0820663049817085	0.1098330542445182	0.0226923987269401	2	0.1258	0.2812973515694735	146.0	-22.92	0.22657993125	0.0972875812	0.7271359936066075	0.0	0.0	0.0	False
Erh	mmu-miR-122-5p	0.0783755227923393	0.0163051895900835	0.0627416670322418	0.1276800483465194	0.0156338557600975	1	6.1946	0.3874045688940696	154.0	-22.35	31.804866335	30.435067522000004	0.0633094544742805	0.0	0.0	0.0	False
Erlin2	mmu-miR-122-5p	0.0845407471060752	0.002151141573086	0.0665113031864166	0.0804494321346283	0.0180294439196586	1	3.435	0.3901166492217423	154.0	-22.19	21.49823357	9.9802241858	1.099385600202678	1.0	1.661913382	1.661913382	True
Esd	mmu-miR-122-5p	0.0823194116353988	0.003139980017864	0.0704894885420799	0.1169110238552093	0.0118299230933189	1	0.0544	0.1216420979759885	145.0	-20.73	167.93974755	192.16425296	-0.1942880286738199	0.0	0.0	0.0	False
Esyt2	mmu-miR-122-5p	0.106728771328926	0.0025032210072063	0.0675569102168083	0.1083313897252082	0.0391718611121177	1	3.1464000000000003	0.4960436472731003	156.0	-23.44	8.31833907975	6.6481124722	0.3190516012038636	0.0	0.0	0.0	False
Etnk2	mmu-miR-122-5p	0.0751425951719284	0.0020963398031963	0.0594617277383804	0.0765287056565284	0.0156808674335479	1	0.0	0.0	142.0	-21.46	81.040145255	66.393457912	0.2872034799796217	0.0	0.0	0.0	False
Etv3l	mmu-miR-122-5p	0.0806899666786193	0.0	0.0806899666786193	0.1368723660707473	0.0	1	0.0	0.0	162.0	-22.66	0.0	0.0	0.0	0.0	0.0	0.0	False
Etv6	mmu-miR-122-5p	0.0654335305094719	0.0035476107404324	0.0766934901475906	0.0869725197553634	-0.0112599596381187	1	1.949	0.4596090730174937	155.0	-21.12	2.59680829975	2.0160649356	0.3498690724518593	2.0	5.381246517	3.3590494575000003	True
Evi5l	mmu-miR-122-5p	0.077592846751213	0.0082636886903354	0.0496773272752761	0.0837199315428733	0.0279155194759368	1	0.6862	0.4815316188995277	161.0	-24.21	1.69374596475	0.7049088036000001	1.1560783464396356	2.0	4.424315239	3.1102996275	True
Exoc5	mmu-miR-122-5p	0.0932559505105018	0.0033339694098956	0.0763896405696868	0.0774056911468505	0.0168663099408149	3	0.1734	0.1522655574974196	152.0	-21.2	6.7042486495	7.6272196198	-0.1835135394503297	0.0	0.0	0.0	False
Extl3	mmu-miR-122-5p	0.071382200717926	0.0037368270858597	0.0524862185120582	0.0722523629665374	0.0188959822058677	1	3.0268	0.5884612986424851	145.0	-22.74	5.693566821	5.100738334400001	0.1557353666163458	0.0	0.0	0.0	False
Faap100	mmu-miR-122-5p	0.1019904971122741	0.0025141288268273	0.0670665577054023	0.1068298146128654	0.0349239394068718	1	0.071	0.158760826402485	146.0	-21.95	1.31405091725	0.9546570834	0.4230600798228219	0.0	0.0	0.0	False
Faf1	mmu-miR-122-5p	0.1024475678801536	0.0024875100768939	0.0668194890022277	0.0971110612154007	0.0356280788779258	1	3.0626	0.6527118813075183	152.0	-23.14	9.181449258	8.4790055172	0.1135396740537655	0.0	0.0	0.0	False
Fam117b	mmu-miR-122-5p	0.114218433201313	0.0033169169354806	0.0680819004774093	0.1045430898666381	0.0461365327239036	3	1.61	0.4805595696685271	147.0	-23.36	2.56925530925	2.1127241442000004	0.2706136986419127	1.0	1.336852398	1.336852398	True
Fam124a	mmu-miR-122-5p	0.0861490249633789	0.0189628453227299	0.0601445995271205	0.0963955447077751	0.0260044254362583	1	2.2518	0.4943285344788423	149.0	-21.18	3.56802088475	2.3808820758	0.5641486922986301	0.0	0.0	0.0	False
Fam135b	mmu-miR-122-5p	0.0675775855779647	0.0	0.0675775855779647	0.0795280039310455	0.0	1	0.0	0.0	143.0	-20.49	0.0	0.0	0.0	0.0	0.0	0.0	False
Fam171a1	mmu-miR-122-5p	0.1118156194686889	0.0062841870706275	0.1006425842642784	0.1314947456121444	0.0111730352044105	1	1.6227999999999998	0.8483387884565929	144.0	-22.46	1.231114527	0.9886061918	0.2901525568079626	0.0	0.0	0.0	False
Fam174a	mmu-miR-122-5p	0.1118899866938591	0.0092370520438122	0.0892935916781425	0.1084549501538276	0.0225963950157165	1	0.1278	0.2857694875244731	148.0	-24.07	9.977954427	10.710975820600002	-0.1012939120318607	0.0	0.0	0.0	False
Fam174b	mmu-miR-122-5p	0.0991324633359909	0.0023974717396736	0.0789401233196258	0.0982952415943145	0.020192340016365	1	0.5861999999999999	0.5664346387713237	144.0	-23.22	0.8315771065	1.1279272299999998	-0.3984779746926827	0.0	0.0	0.0	False
Fam20b	mmu-miR-122-5p	0.1042764797806739	0.0024895236951242	0.0720217674970626	0.0761503055691719	0.0322547122836112	1	3.3322000000000003	0.6425104668408135	158.0	-20.2	6.255436897	4.8160213814	0.3705001145239365	2.0	3.94566164	3.7262195195	True
Fam210b	mmu-miR-122-5p	0.0783603653311729	0.0013953732210476	0.0656875744462013	0.0731507465243339	0.0126727908849716	1	1.0796	0.1952621315053177	143.0	-25.94	24.144041075	38.929551558	-0.6869366946656732	0.0	0.0	0.0	False
Fam53b	mmu-miR-122-5p	0.0651460215449333	0.0028224531708342	0.0599172450602054	0.073832631111145	0.0052287764847278	1	1.0134	0.1985970795354251	158.0	-20.03	1.2857241545	0.8114146245999999	0.604460674388124	0.0	0.0	0.0	False
Fam78b	mmu-miR-122-5p	0.0799194186925888	0.0067811405977803	0.0754896029829979	0.1020595282316207	0.0044298157095909	1	0.0256	0.0572433402239946	152.0	-23.43	0.02178217625	0.0067119068	0.1905818397680703	0.0	0.0	0.0	False
Fasn	mmu-miR-122-5p	0.1063440158963203	0.0022844208262771	0.0688960403203964	0.0953427851200103	0.0374479755759239	1	5.4024	0.867524812325273	147.0	-26.79	8.355348992500002	25.826962582	-1.61651699236216	0.0	0.0	0.0	False
Fbln7	mmu-miR-122-5p	0.0916140079498291	0.0072770952166599	0.0838126838207244	0.1426798403263092	0.0078013241291046	1	0.0	0.0	140.0	-20.62	0.23408801125	0.0791155349999999	0.8993377422973801	0.0	0.0	0.0	False
Fbxl14	mmu-miR-122-5p	0.1169311419129371	0.0027110891679365	0.0803084596991539	0.1065621972084045	0.0366226822137832	1	1.8966	0.5496901854681416	143.0	-21.34	5.88315655725	4.224779352800001	0.468280284180631	0.0	0.0	0.0	False
Fbxl20	mmu-miR-122-5p	0.055204539000988	0.002825359799312	0.0552169792354106	0.0561954155564308	-1.2440234422685104e-05	1	3.014	0.5951806448465876	162.0	-21.67	6.223179459999999	5.8932325394	0.0773158136036475	1.0	2.336852398	2.336852398	True
Fbxo45	mmu-miR-122-5p	0.114941793680191	0.0034512598380099	0.0805896148085594	0.0917067304253578	0.0343521788716316	1	2.1474	0.8827954462954597	154.0	-26.03	3.5670205205	3.6003582596	-0.0130566163589647	0.0	0.0	0.0	False
Fbxo48	mmu-miR-122-5p	0.0914339482784271	0.0057534537499753	0.0777668878436088	0.0818490162491798	0.0136670604348182	1	0.071	0.158760826402485	143.0	-21.44	0.0897677254999999	0.0212111732	0.6467119567095476	0.0	0.0	0.0	False
Fcnb	mmu-miR-122-5p	0.1294512748718261	0.0	0.1294512748718261	0.1374688148498535	0.0	1	0.0	0.0	163.0	-24.47	0.09176973825	0.0	0.9393750773884656	0.0	0.0	0.0	False
Fer1l4	mmu-miR-122-5p	0.1184649094939231	0.0	0.1184649094939231	0.1617680788040161	0.0	1	0.0	0.0	141.0	-21.77	0.0	0.0	0.0	0.0	0.0	0.0	False
Ffar1	mmu-miR-122-5p	0.0626685321331024	0.0018975911938041	0.0618199035525321	0.0849864855408668	0.0008486285805702	1	0.0	0.0	155.0	-22.94	0.011296216	0.0122748778	-0.0126306090816446	0.0	0.0	0.0	False
Ffar4	mmu-miR-122-5p	0.086692875623703	0.0060929080181642	0.0728157609701156	0.090551808476448	0.0138771146535873	1	0.0	0.0	140.0	-22.91	0.31023095775	0.3381847264	-0.0951028301090976	0.0	0.0	0.0	False
Fgf2	mmu-miR-122-5p	0.088733085989952	0.0016724294989796	0.0705931335687637	0.0935544818639755	0.0181399524211883	1	3.2382	0.1638938680976198	143.0	-21.43	0.04059043325	0.0996865222	-0.506238534913228	0.0	0.0	0.0	False
Fgf3	mmu-miR-122-5p	0.0636129528284072	0.0	0.0636129528284072	0.1020573899149894	0.0	1	0.0	0.0	146.0	-22.97	0.0	0.0	0.0	0.0	0.0	0.0	False
Fgf4	mmu-miR-122-5p	0.0634825676679611	0.0	0.0634825676679611	0.0889545157551765	0.0	1	0.0	0.0	145.0	-26.49	0.0	0.0	0.0	0.0	0.0	0.0	False
Fign	mmu-miR-122-5p	0.0880948916077613	0.0039934662353308	0.0708806067705154	0.0774198919534683	0.0172142848372459	1	0.5124	0.3760628936760445	140.0	-20.27	0.5515744549999999	0.7241489712	-0.3389750950295976	0.0	0.0	0.0	False
Fignl2	mmu-miR-122-5p	0.0925381436944007	0.001259273309789	0.0649247244000434	0.0866343602538108	0.0276134192943573	1	1.6968	0.5434534938704507	153.0	-21.84	1.61689859325	1.8659968384	-0.1954561709821025	0.0	0.0	0.0	False
Fkbp14	mmu-miR-122-5p	0.1109881624579429	0.0033389381291586	0.0609914362430572	0.1192229613661766	0.0499967262148857	1	0.5561999999999999	0.6456308542812991	152.0	-20.49	1.51060799075	1.7197235794	-0.176113921848288	1.0	3.658780493	3.658780493	True
Fkbp5	mmu-miR-122-5p	0.0819684028625488	0.0013480393425636	0.0662464499473571	0.0899354293942451	0.0157219529151916	1	4.0112000000000005	0.718066640361464	140.0	-26.79	14.6748148975	18.713959424	-0.3486634419181771	1.0	5.243742993	5.243742993	True
Fmnl2	mmu-miR-122-5p	0.1763389408588409	0.0066921312175358	0.0830326676368713	0.1280974298715591	0.0933062732219696	1	2.6354	0.3093304058769522	145.0	-21.73	1.3657451155000002	1.3655379748	0.0002038976461488	0.0	0.0	0.0	False
Fmo2	mmu-miR-122-5p	0.1086595386266708	0.0126744895840853	0.0609446763992309	0.1045203804969787	0.0477148622274398	1	3.3672000000000004	1.3747144067041708	154.0	-25.02	12.6432054835	4.728672849600001	1.400029598265244	1.0	4.132032606	4.132032606	True
Fnbp1	mmu-miR-122-5p	0.0861272171139717	0.0022034513709829	0.0580817908048629	0.0902662053704261	0.0280454263091087	1	0.5092	0.3091944372073987	154.0	-22.05	1.535918422	1.4438834336000002	0.0835369772517895	3.0	3.638021933	2.275202043666667	True
Fnip2	mmu-miR-122-5p	0.0784695670008659	0.0065268389644886	0.066115915775299	0.0906510055065155	0.0123536512255668	1	2.9806	0.5647271907744483	140.0	-20.76	3.57236804425	5.165406280799999	-0.519834201749665	0.0	0.0	0.0	False
Fosl2	mmu-miR-122-5p	0.0682815968990326	0.0023693613997084	0.0575958527624607	0.0779274180531501	0.0106857441365718	1	0.5486	0.3646893198326488	142.0	-21.86	2.478777093	1.3937444806	0.7877536910198832	2.0	6.01733751	5.1238424726666665	True
Foxk1	mmu-miR-122-5p	0.0588234491646289	0.0013560339444567	0.0554784424602985	0.0735535770654678	0.0033450067043304	1	2.2794	0.6155800516585962	140.0	-22.33	2.85502291825	2.6550073082	0.1011131737112392	0.0	0.0	0.0	False
Foxn2	mmu-miR-122-5p	0.0970926165580749	0.0063959752395798	0.0806491672992706	0.1091751456260681	0.0164434492588043	1	2.9750000000000005	0.269164447875272	160.0	-21.58	4.267503592500001	5.7253104852000005	-0.4155260566740745	0.0	0.0	0.0	False
Foxo1	mmu-miR-122-5p	0.072899006307125	0.0016964914641284	0.0658965781331062	0.0765289366245269	0.0070024281740188	1	3.4012	0.2972283633841157	143.0	-21.0	3.73484529725	4.1290695382	-0.141171903994113	1.0	1.474355922	1.474355922	True
Foxo3	mmu-miR-122-5p	0.0813944533467292	0.0011950896808177	0.0666383802890777	0.074696235358715	0.0147560730576515	1	3.015	0.4581440821401058	164.0	-28.87	8.85017927675	4.7012010736	0.8985212234795806	1.0	4.901637017	4.901637017	True
Foxp2	mmu-miR-122-5p	0.1130611613392829	0.0116023087380311	0.0633545219898223	0.1139998733997345	0.0497066393494605	1	1.5605999999999998	0.5446905543517347	156.0	-21.24	0.87453383775	0.8209504094	0.081588806268386	2.0	4.037292116	3.8832309685	True
Frem1	mmu-miR-122-5p	0.126130311191082	0.0116015621739084	0.0956484153866767	0.1249596625566482	0.0304818958044052	1	0.0622	0.1390834282004869	141.0	-20.54	0.1903882915	0.0575530192	0.8821458837325981	0.0	0.0	0.0	False
Frrs1l	mmu-miR-122-5p	0.0614430859684944	0.0022652841612384	0.0604300200939178	0.0712979957461357	0.0010130658745765	2	0.006	0.0134164078649987	162.0	-26.91	0.029615251	0.020178164	0.1090606942930639	2.0	-3.663147602	-4.185344662	True
Fut8	mmu-miR-122-5p	0.1276323154568672	0.0062842528616224	0.0802718326449394	0.1581317633390426	0.0473604828119277	1	1.4822	0.6433896175724318	141.0	-20.83	3.5509482340000003	2.3032886318	0.6032612886112219	0.0	0.0	0.0	False
Fyco1	mmu-miR-122-5p	0.0737707793712616	0.0017171107810504	0.0674773529171943	0.0912758857011795	0.0062934264540672	1	1.5026	0.5709196966299201	142.0	-21.19	6.289044014000001	7.4402413518	-0.2390106243695464	1.0	3.694404402	3.694404402	True
Fzd3	mmu-miR-122-5p	0.0759834319353103	0.0075594464380293	0.0688719749450683	0.073162704706192	0.007111456990242	1	0.103	0.2303150016824783	147.0	-21.35	0.11344548975	0.0761225436	0.2772880925163725	0.0	0.0	0.0	False
G6pdx	mmu-miR-122-5p	0.0653041630983352	0.0061731439446934	0.0564968511462211	0.0822374448180198	0.0088073119521141	1	0.0	0.0	144.0	-20.74	2.81623789075	1.4538155288	0.9082931765472438	0.0	0.0	0.0	False
Gabrb1	mmu-miR-122-5p	0.0638280794024467	0.0044263016831461	0.0618485771119594	0.079092152416706	0.0019795022904872	1	0.0	0.0	157.0	-20.56	0.13988652225	0.0851036124	0.3740190532570338	0.0	0.0	0.0	False
Gabrg3	mmu-miR-122-5p	0.0723491832613945	0.0	0.0723491832613945	0.0797946602106094	0.0	1	0.0	0.0	146.0	-22.05	0.0057531325	0.005935923	-0.0024914940717214	0.0	0.0	0.0	False
Gabrr2	mmu-miR-122-5p	0.1087111383676529	0.0	0.1087111383676529	0.137485072016716	0.0	1	0.0	0.0	153.0	-21.4	0.0	0.049561305	-0.5807369646265484	0.0	0.0	0.0	False
Gabrr3	mmu-miR-122-5p	0.0840706229209899	0.0	0.0840706229209899	0.1074540317058563	0.0	1	0.0	0.0	157.0	-21.31	0.0	0.0	0.0	0.0	0.0	0.0	False
Galc	mmu-miR-122-5p	0.0955508679151535	0.0100093471879458	0.0957758203148841	0.1093219667673111	-0.0002249523997306	1	0.1372	0.1711657091826514	150.0	-23.33	4.5951758835	1.9477671712	1.1971275110511606	1.0	3.162822998	3.162822998	True
Galnt10	mmu-miR-122-5p	0.0780800521373748	0.003125981113765	0.0691082626581192	0.0732211321592331	0.0089717894792556	1	1.1638	0.8143722735948222	144.0	-22.73	3.72130796125	1.4413440102	1.3098776392659688	0.0	0.0	0.0	False
Gas2l1	mmu-miR-122-5p	0.1111321553587913	0.0054389895618062	0.0747867077589035	0.1137620210647583	0.0363454475998878	1	2.8646000000000003	0.530708771361469	153.0	-26.55	4.798827368	3.047810889	0.638087582056711	0.0	0.0	0.0	False
Gas7	mmu-miR-122-5p	0.0691282793879509	0.001856921317646	0.057461392134428	0.0743200108408927	0.0116668872535228	1	0.3072	0.3084148180616489	146.0	-20.18	0.93585815975	0.5321430652	0.7125034600767027	1.0	-1.53761672	-1.53761672	True
Gatc	mmu-miR-122-5p	0.0822118282318115	0.0015563653756484	0.0590782538056373	0.0746436268091201	0.0231335744261741	1	0.0622	0.1390834282004869	166.0	-20.86	9.745157454249998	12.87821206	-0.3986054599797059	0.0	0.0	0.0	False
Gba2	mmu-miR-122-5p	0.0870292901992797	0.0047200097099027	0.0599916204810142	0.0862498059868812	0.0270376697182655	1	4.3168	0.5730285333209859	143.0	-20.46	2.7457647192500003	2.2671511992	0.2656645287694869	0.0	0.0	0.0	False
Gbx1	mmu-miR-122-5p	0.0715183466672897	0.0	0.0715183466672897	0.1037241145968437	0.0	1	0.0	0.0	147.0	-23.49	0.00357073475	0.0	0.0506164084732658	0.0	0.0	0.0	False
Gcc1	mmu-miR-122-5p	0.0899604603648185	0.0010366191340544	0.0752477347850799	0.0796147063374519	0.0147127255797386	1	0.8150000000000001	0.6950546741084473	147.0	-21.08	3.537489114	3.6836644498000006	-0.0568412200572055	2.0	4.211321516	4.003802766	True
Gcgr	mmu-miR-122-5p	0.1564162820577621	0.0017037602640195	0.0941614955663681	0.1589171290397644	0.062254786491394	1	6.626	0.4346763163550551	154.0	-20.08	75.77276455	72.26460260399999	0.0682979350925371	1.0	1.381246517	1.381246517	True
Gcnt4	mmu-miR-122-5p	0.0950860396027565	0.0037818557289897	0.0625758841633796	0.0982134193181991	0.0325101554393768	1	1.902	0.8858208058066822	158.0	-21.55	2.6062704625	1.892641456	0.4416238847038189	0.0	0.0	0.0	False
Gdf2	mmu-miR-122-5p	0.0981428325176239	0.0057673373407171	0.0750444903969764	0.1003119051456451	0.0230983421206474	1	2.7966	0.641459897421499	162.0	-21.1	10.19814461625	7.773179207	0.3873662131602188	1.0	-0.428682349	-0.428682349	True
Gdf7	mmu-miR-122-5p	0.08626149892807	0.0094496013837597	0.0812467485666275	0.111038900911808	0.0050147503614425	1	0.0	0.0	167.0	-21.23	0.0	0.0	0.0	0.0	0.0	0.0	False
Gdpd4	mmu-miR-122-5p	0.0910776630043983	0.0	0.0910776630043983	0.1088980808854103	0.0	1	0.0	0.0	157.0	-21.31	0.0	0.0	0.0	0.0	0.0	0.0	False
Gfpt1	mmu-miR-122-5p	0.1057223796844482	0.0033624222094518	0.0702266469597816	0.0984091237187385	0.0354957327246665	1	2.6512	0.6940973995052856	150.0	-22.0	12.02916027925	5.0946910594000006	1.2233698175829832	1.0	4.255715635	4.255715635	True
Gfra2	mmu-miR-122-5p	0.0953327775001526	0.0137975436380176	0.0774872899055481	0.0860489755868911	0.0178454875946044	1	0.2642	0.3827854490442394	154.0	-21.17	0.6812558237499999	0.3042959786	0.9503831853831288	0.0	0.0	0.0	False
Ggnbp1	mmu-miR-122-5p	0.1322040915489196	0.0264167424101447	0.0854457914829254	0.1243989840149879	0.0467583000659942	1	1.1032	0.7336468496490666	162.0	-24.72	4.1023833495	8.787642637400001	-1.080593035236189	0.0	0.0	0.0	False
Gin1	mmu-miR-122-5p	0.103475783765316	0.0070487525149116	0.0978697463870048	0.1333398818969726	0.0056060373783111	1	0.3350000000000001	0.3112643570985923	154.0	-26.22	4.8893355815	5.814425806600001	-0.2453904054924041	1.0	1.599886804	1.599886804	True
Gipc3	mmu-miR-122-5p	0.0555109210312366	0.0040134366338618	0.0487224906682968	0.0666760802268982	0.0067884303629398	1	0.2163999999999999	0.2968876892024996	156.0	-20.71	0.1471701425	0.075803173	0.4915433706865242	0.0	0.0	0.0	False
Gldc	mmu-miR-122-5p	0.071758921444416	0.0056484516551904	0.0587589107453823	0.0859208106994628	0.0130000106990337	1	1.7433999999999998	0.4045600079098279	141.0	-20.1	19.4410492325	45.760858562	-1.2307554307785251	0.0	0.0	0.0	False
Glg1	mmu-miR-122-5p	0.0858584940433502	0.0026125476151566	0.0557581894099712	0.0711349099874496	0.0301003046333789	1	3.3218000000000005	0.4984638402131092	159.0	-22.56	8.528557675999998	6.0250021866	0.4944090638003298	2.0	3.037292116	2.938322427	True
Glis3	mmu-miR-122-5p	0.0805491909384727	0.0063841931546116	0.0644026845693588	0.0873197242617607	0.0161465063691139	1	0.3137999999999999	0.3058630412455875	145.0	-21.44	0.60086482425	0.0970062182	1.8308950517103384	0.0	0.0	0.0	False
Gm10033	mmu-miR-122-5p	0.0783870339393615	0.0020300994018439	0.0658740252256393	0.0872186720371246	0.0125130087137222	1	0.6536	0.3747376415573968	144.0	-21.06	4.34830544525	6.548673459200001	-0.5798106684776013	0.0	0.0	0.0	False
Gm10310	mmu-miR-122-5p	0.0808737128973007	0.0	0.0808737128973007	0.1049303710460662	0.0	1	0.0	0.0	141.0	-21.45	0.0	0.0	0.0	0.0	0.0	0.0	False
Gm13889	mmu-miR-122-5p	0.1357372641563415	0.0083757872420415	0.094328224658966	0.0973462462425232	0.0414090394973754	1	1.5548	0.4221358785983489	145.0	-21.51	4.44088018375	1.1377292870000002	1.8752761636607305	0.0	0.0	0.0	False
Gm14399	mmu-miR-122-5p	0.0965041846036911	0.0018310971493492	0.0854232609272003	0.1022551730275154	0.0110809236764907	1	0.3936	0.3493383746455576	145.0	-22.1	0.41693491675	3.9681049246	-2.9763023310912877	0.0	0.0	0.0	False
Gm19345	mmu-miR-122-5p	0.0554343879222869	0.0035882589114338	0.0518798604607582	0.0779162943363189	0.0035545274615287	1	0.0	0.0	152.0	-25.56	0.26612941075	0.0272899702	1.5242349216015985	0.0	0.0	0.0	False
Gm20517	mmu-miR-122-5p	0.0705999836325645	0.0027727920273809	0.058169174939394	0.0747348368167877	0.0124308086931705	1	0.0	0.0	140.0	-21.76	0.1900673942499999	0.4431336821999999	-0.9049191992342884	2.0	3.546305763	2.5730962835	True
Gm28047	mmu-miR-122-5p	0.1204833716154098	0.0170023458713488	0.0952141806483268	0.1645402908325195	0.0252691909670829	1	0.6654	0.4105171129197905	143.0	-20.03	0.02048102625	0.0	0.2688059639627844	0.0	0.0	0.0	False
Gm28635	mmu-miR-122-5p	0.1203574046492576	0.002804706230026	0.0834414064884185	0.1122433766722679	0.036915998160839	1	4.649799999999999	0.4999376961182261	153.0	-21.92	0.0	0.0	0.0	0.0	0.0	0.0	False
Gm38393	mmu-miR-122-5p	0.1330335840582847	0.0119726231171303	0.1038597077131271	0.1697528213262558	0.0291738763451576	1	0.0	0.0	150.0	-21.51	0.517445756	0.5192345925999999	-0.0041736694443519	0.0	0.0	0.0	False
Gm6526	mmu-miR-122-5p	0.1052109524607658	0.0	0.1052109524607658	0.1828791350126266	0.0	1	0.0	0.0	154.0	-20.68	0.0	0.0	0.0	0.0	0.0	0.0	False
Gmcl1	mmu-miR-122-5p	0.0811142653226852	0.0066526827799403	0.0701382830739021	0.086728848516941	0.0109759822487831	1	0.1133999999999999	0.2535701086484761	150.0	-23.88	10.165214408250002	6.0350717254	0.7426116454400242	0.0	0.0	0.0	False
Gmeb1	mmu-miR-122-5p	0.0888538867235183	0.0061145820865049	0.0647963434457779	0.0841562524437904	0.0240575432777404	1	0.0	0.0	145.0	-22.1	0.864413932	0.8235882030000001	0.0624027467040914	1.0	4.921814899	4.921814899	True
Gmfb	mmu-miR-122-5p	0.0927586555480957	0.0040448399961274	0.0731181651353836	0.1203104108572006	0.019640490412712	1	4.7366	0.6199929838312689	145.0	-21.0	33.25275808	17.167090904	0.9497810254879964	3.0	3.320364275	2.2100236683333336	True
Gna12	mmu-miR-122-5p	0.0765613302588462	0.0003769085961365	0.0633760690689086	0.0857721641659736	0.0131852611899375	1	5.0492	0.5971161528547024	151.0	-20.32	28.9489073175	39.669183174	-0.4531670334027007	1.0	4.860414354	4.860414354	True
Gng2	mmu-miR-122-5p	0.1036329686641693	0.0046850273924367	0.0617731921374797	0.1012123748660087	0.0418597765266895	1	1.1226	0.5911660511226943	155.0	-21.11	1.38375216225	0.936089385	0.5181016604075978	0.0	0.0	0.0	False
Golga1	mmu-miR-122-5p	0.1193668127059936	0.0025519610647753	0.0728682503104209	0.0916107296943664	0.0464985623955726	1	2.0986	0.9522947547897131	153.0	-23.68	2.38396430775	2.637368789	-0.1401453697744619	0.0	0.0	0.0	False
Gpalpp1	mmu-miR-122-5p	0.0947388187050819	0.0061753488921525	0.0547409765422344	0.1029582098126411	0.0399978421628475	2	2.5256	0.6526448498226275	165.0	-25.6	5.6885364085	5.4586165094	0.0584727652720292	0.0	0.0	0.0	False
Gpatch8	mmu-miR-122-5p	0.0779537454247474	0.005152473148122	0.072898156940937	0.09974305331707	0.0050555884838104	1	2.0806	0.6202026281788882	150.0	-24.31	2.49676243575	2.5438369462	-0.025919168606297	1.0	4.314132321	4.314132321	True
Gpc1	mmu-miR-122-5p	0.0591194905340671	0.0014844289292511	0.0524437390267849	0.0658713579177856	0.0066757515072822	1	0.1278	0.2857694875244731	154.0	-26.32	0.6904927842499999	0.2115739792	1.3431775403355417	0.0	0.0	0.0	False
Gpc6	mmu-miR-122-5p	0.0804308384656906	0.00336001999771	0.063960961997509	0.0896195247769355	0.0164698764681816	1	0.2937999999999999	0.287653784956847	151.0	-22.74	0.8897573165	0.4617610054	0.817118343641477	0.0	0.0	0.0	False
Gpkow	mmu-miR-122-5p	0.110200323164463	0.0060691064487898	0.0885912850499153	0.1142309457063674	0.0216090381145477	1	2.8296	0.4126709342805718	159.0	-22.81	8.269223382	7.2996335212	0.1776399340951022	0.0	0.0	0.0	False
Gpr107	mmu-miR-122-5p	0.0633714869618415	0.0020105218676126	0.060732502490282	0.0714341029524803	0.0026389844715595	1	2.4462	0.3814697891052448	147.0	-22.23	5.466217379000001	2.8267436026	0.9274008877610171	1.0	2.439214115	2.439214115	True
Gprin2	mmu-miR-122-5p	0.0601074516773223	0.0016412018946535	0.0591169074177742	0.0539391227066516	0.0009905442595481	2	0.0237999999999999	0.0532184178644949	148.0	-24.49	0.05690133425	0.0	0.6498576206786925	0.0	0.0	0.0	False
Gprin3	mmu-miR-122-5p	0.0836061835289001	0.0047265642041383	0.0561286062002182	0.0882969051599502	0.0274775773286819	1	2.6456	0.7230859561628894	146.0	-22.24	2.82596962525	4.302499732799999	-0.5894081236862408	0.0	0.0	0.0	False
Grhl3	mmu-miR-122-5p	0.065859417617321	0.004392950019764	0.0638948306441307	0.1021257564425468	0.0019645869731903	1	0.0	0.0	140.0	-21.72	0.0763100327499999	0.0043712358	0.7563904051263803	0.0	0.0	0.0	False
Gria2	mmu-miR-122-5p	0.0714122250676155	0.0037198391824138	0.0697486624121666	0.086362138390541	0.0016635626554489	2	0.0	0.0	146.0	-22.51	0.031110047	0.0656898578	-0.33770705115421	0.0	0.0	0.0	False
Grin3a	mmu-miR-122-5p	0.0719585239887237	0.0060821118842953	0.067895583808422	0.0740476995706558	0.0040629401803016	2	0.0	0.0	165.0	-25.96	0.01189499175	0.011188834	0.0091335504337447	0.0	0.0	0.0	False
Grk5	mmu-miR-122-5p	0.0744567468762397	0.0055376265193821	0.0528006367385387	0.0772770196199417	0.021656110137701	1	0.7374	0.5777285694857058	142.0	-20.33	2.32701058025	1.4177612676	0.6772355142022983	0.0	0.0	0.0	False
Grpel2	mmu-miR-122-5p	0.0895340204238891	0.0027607761306782	0.0704161524772644	0.090624526143074	0.0191178679466247	2	4.658600000000001	1.137568591338562	146.0	-24.43	21.51862223	29.472386938	-0.4519761133916672	0.0	0.0	0.0	False
Grxcr2	mmu-miR-122-5p	0.0839589834213256	0.0	0.0839589834213256	0.1186247244477272	0.0	1	0.0	0.0	153.0	-21.09	0.0	0.0	0.0	0.0	0.0	0.0	False
Gsk3b	mmu-miR-122-5p	0.0690416045486927	0.0083219024133093	0.0540196150541305	0.0826929807662963	0.0150219894945621	1	2.8958	0.478625845520277	142.0	-24.19	5.92771093	4.935684174	0.25942242796082	1.0	1.479810352	1.479810352	True
Gskip	mmu-miR-122-5p	0.1263665646314621	0.0057231675473539	0.0751220360398292	0.099884957075119	0.0512445285916328	1	2.9154000000000004	0.3957869376318525	166.0	-22.25	8.8136104005	5.0195413856	0.7999953267266937	2.0	3.069568519	0.8257667075	True
Gsta3	mmu-miR-122-5p	0.1258319720625877	0.0017404944396345	0.0927650406956672	0.1676187217235565	0.0330669313669204	1	6.4628	0.2665927605918811	140.0	-20.93	641.5729155	856.20834724	-0.4162922993293433	0.0	0.0	0.0	False
Gtf2b	mmu-miR-122-5p	0.2021376401185989	0.0037608465177773	0.1126560121774673	0.1725798100233078	0.0894816279411316	1	4.9468	0.8608508581630154	150.0	-21.58	32.7880941175	29.267250524	0.1633572043778726	0.0	0.0	0.0	False
Gtf3c2	mmu-miR-122-5p	0.1038043737411499	0.0023268245591377	0.0767231956124305	0.1090195253491401	0.0270811781287193	1	3.975600000000001	0.6134103846528849	161.0	-21.03	6.28464612925	5.9598398034	0.0753270049467487	1.0	0.810783586	0.810783586	True
Gtf3c4	mmu-miR-122-5p	0.0917022719979286	0.0004621212512231	0.0570306479930877	0.0836756378412246	0.0346716240048408	1	1.848	0.7858107278473616	154.0	-26.37	4.83375777225	5.1839855422	-0.0989396323265244	1.0	6.417225814	6.417225814	True
Gtf3c6	mmu-miR-122-5p	0.0742864176630973	0.0032323108992586	0.0765860080718994	0.1185756027698516	-0.002299590408802	1	1.3788	0.6442279875944541	145.0	-22.86	16.8206072025	14.877912158	0.175944807325322	0.0	0.0	0.0	False
Guca1b	mmu-miR-122-5p	0.0742684751749038	0.0	0.0742684751749038	0.1086806654930114	0.0	3	0.0	0.0	145.0	-23.53	0.0160225009999999	0.0851434296	-0.6742387280810309	0.0	0.0	0.0	False
Gucy1a2	mmu-miR-122-5p	0.0828952372074127	0.0082395287224837	0.0614772364497184	0.1179807484149932	0.0214180007576942	2	0.2678	0.2074167302798884	167.0	-24.29	0.1102991194999999	0.1608846423999999	-0.3109692092802987	1.0	0.626359015	0.626359015	True
Gxylt2	mmu-miR-122-5p	0.0592748470604419	0.0021449823441801	0.0577866211533546	0.0778930857777595	0.0014882259070873	2	0.0	0.0	162.0	-23.18	0.028843565	0.0	0.3656204846215199	0.0	0.0	0.0	False
Gypc	mmu-miR-122-5p	0.0795741006731987	0.0026542198796171	0.0577645823359489	0.0843824446201324	0.0218095183372497	2	0.4267999999999999	0.4231804579609035	143.0	-25.65	4.396767547750001	4.8188107884	-0.1294212516363254	0.0	0.0	0.0	False
H2-T24	mmu-miR-122-5p	0.1392892599105835	0.0023803038735632	0.0828416645526886	0.1176203712821006	0.0564475953578949	1	1.8294	0.569242742597567	149.0	-20.18	6.601455692249999	6.7693638318	-0.0357019857259014	1.0	5.796284016	5.796284016	True
H6pd	mmu-miR-122-5p	0.0946708843111991	0.0002723448700807	0.0711096748709678	0.0789119750261306	0.0235612094402313	1	7.0528	0.4166685733289707	143.0	-23.11	92.7680553325	96.362501736	-0.0547858015591057	1.0	0.59527755	0.59527755	True
Haghl	mmu-miR-122-5p	0.1578133225440979	0.0069969566134064	0.091952808201313	0.130969613790512	0.0658605143427848	1	1.1776	0.5221630971257927	151.0	-20.15	2.10186631075	1.0796803741999998	0.9003308515831416	0.0	0.0	0.0	False
Hapln1	mmu-miR-122-5p	0.1175662204623222	0.0104927483308042	0.1023940965533256	0.1289598494768142	0.0151721239089965	1	0.0	0.0	141.0	-20.33	0.43934718675	0.1474116064	1.1243010781911542	0.0	0.0	0.0	False
Hapln3	mmu-miR-122-5p	0.0770158573985099	0.0044479797473796	0.0738517045974731	0.097221128642559	0.0031641528010368	1	0.0	0.0	143.0	-20.52	0.07662281775	0.0430441904	0.3042108303570315	0.0	0.0	0.0	False
Haus7	mmu-miR-122-5p	0.0696807906031608	0.0006227709736561	0.0644324496388435	0.1106130480766296	0.0052483409643173	1	0.0	0.0	142.0	-20.45	7.827105248	7.008382074800001	0.157272902992226	0.0	0.0	0.0	False
Hdac4	mmu-miR-122-5p	0.0698384046554565	0.0030174849677278	0.059533879160881	0.0699444115161895	0.0103045254945755	1	0.0	0.0	151.0	-21.47	1.230574863	1.0294039044	0.2364881600323129	2.0	2.658780493	1.9978164455	True
Hdac9	mmu-miR-122-5p	0.069574923813343	0.0044424595570106	0.0652821436524391	0.0925583764910698	0.0042927801609039	1	0.0945999999999999	0.2115320306714801	151.0	-26.42	0.479851663	0.2431413309999999	0.7568809714076526	0.0	0.0	0.0	False
Heatr6	mmu-miR-122-5p	0.103808619081974	0.0025829446537305	0.0679941102862358	0.0964945927262306	0.0358145087957382	1	1.5582	0.3864979948201543	143.0	-25.44	2.626475713	1.683592308	0.6122514212761332	0.0	0.0	0.0	False
Hebp2	mmu-miR-122-5p	0.1041652604937553	0.0094950771929523	0.0918816700577735	0.1136505156755447	0.0122835904359817	1	0.0	0.0	146.0	-20.46	0.348248977	0.2077189655999999	0.5426869267253676	0.0	0.0	0.0	False
Heca	mmu-miR-122-5p	0.1312536805868148	0.005281548707075	0.0660937130451202	0.1124859154224395	0.0651599675416946	1	3.7796	0.6656427720632142	152.0	-20.3	9.385075774	13.296263994	-0.4980995078228337	0.0	0.0	0.0	False
Hepacam	mmu-miR-122-5p	0.0612942636013031	0.0031671885089497	0.0598778538405895	0.084109216928482	0.0014164097607135	1	0.0	0.0	141.0	-23.74	0.00875623775	0.0036967292	0.0687277601729676	0.0	0.0	0.0	False
Herc2	mmu-miR-122-5p	0.0835573136806488	0.0117708570855725	0.0611143037676811	0.0974870324134826	0.0224430099129676	1	0.0	0.0	144.0	-20.57	2.0847186055	1.8016995262	0.2001581563720206	1.0	3.847814317	3.847814317	True
Hgh1	mmu-miR-122-5p	0.1110451385378837	0.0022843761580932	0.097359225153923	0.0929670482873916	0.0136859133839607	1	0.0887999999999999	0.1326563228798386	144.0	-21.51	2.36646169175	2.2356346466000003	0.078628262840505	0.0	0.0	0.0	False
Hhat	mmu-miR-122-5p	0.1310793042182922	0.015654456869683	0.0827360823750495	0.129684180021286	0.0483432218432426	1	0.7634	0.5625711510555798	142.0	-24.29	2.40090106875	1.9311688748	0.3001377954525635	2.0	5.194833393	5.050927979666667	True
Hhla1	mmu-miR-122-5p	0.1284265518188476	0.0	0.1284265518188476	0.1193031296133995	0.0	1	0.0	0.0	157.0	-21.45	0.0	0.0	0.0	0.0	0.0	0.0	False
Hif3a	mmu-miR-122-5p	0.0672698587179184	0.0036331680730149	0.0633753985166549	0.0758272856473922	0.0038944602012634	1	0.0	0.0	148.0	-21.14	0.05191709975	0.0240208816	0.2927012183628104	0.0	0.0	0.0	False
Hipk2	mmu-miR-122-5p	0.0610132858157157	0.0016665027280723	0.0563214160501956	0.05481618642807	0.00469186976552	1	1.7729999999999997	0.6949683446028315	147.0	-24.23	3.2706469350000003	2.2111826196	0.5443942575270193	0.0	0.0	0.0	False
Hmgcr	mmu-miR-122-5p	0.1076155140995979	0.007052332572003	0.0534996315836906	0.1114649698138237	0.0541158825159072	1	0.543	0.054644304369257	140.0	-20.28	11.350189688	18.829988030000003	-0.7253020000524115	0.0	0.0	0.0	False
Hnrnpr	mmu-miR-122-5p	0.0759519428014755	0.0042215831031553	0.0641190409660339	0.0757257044315338	0.0118329018354415	1	0.3534	0.3240652712031945	158.0	-27.13	7.929749160249999	7.7199937968	0.0381874572636275	0.0	0.0	0.0	False
Homer3	mmu-miR-122-5p	0.1016519695520401	0.0012847406826181	0.0731564238667488	0.092556819319725	0.0284955456852912	1	3.7128	0.6874345059712961	152.0	-21.93	1.0364389665	0.3178712156	1.4433899155503576	0.0	0.0	0.0	False
Hpse	mmu-miR-122-5p	0.0885981291532516	0.0074428056419818	0.0716176703572273	0.1031003519892692	0.0169804587960243	1	1.6271999999999998	0.977994478512021	146.0	-23.26	2.771876782	2.0619854492000003	0.4096370382525287	0.0	0.0	0.0	False
Hs3st3b1	mmu-miR-122-5p	0.0837468057870864	0.0014844318900899	0.0528563894331455	0.0862404406070709	0.0308904163539409	1	4.4766	0.6199050733781746	146.0	-20.36	17.616883987500003	21.287055356	-0.2716129732245488	0.0	0.0	0.0	False
Hsd17b14	mmu-miR-122-5p	0.0742216005921363	0.0087300832889918	0.0704630240797996	0.1201021075248718	0.0037585765123367	1	0.1034	0.2312094288734782	162.0	-24.81	0.40918953625	0.5182754002	-0.2800468326905375	0.0	0.0	0.0	False
Hsd3b7	mmu-miR-122-5p	0.1217040047049522	0.0002801244023799	0.0776041448116302	0.1258236467838287	0.0440998598933219	1	8.451200000000002	0.566489364419139	143.0	-21.12	253.13710372500003	276.1117354	-0.1252858159881733	1.0	6.005287983	6.005287983	True
Htr5b	mmu-miR-122-5p	0.0666998773813247	0.0	0.0666998773813247	0.1167680993676185	0.0	1	0.0	0.0	152.0	-21.8	0.0	0.0	0.0	0.0	0.0	0.0	False
Htt	mmu-miR-122-5p	0.0722073778510093	0.0022714385249235	0.0519525781273841	0.0752237811684608	0.0202547997236251	1	1.933	0.4837271958449308	149.0	-21.44	1.97551206675	1.680990157	0.2207877764847128	0.0	0.0	0.0	False
Hvcn1	mmu-miR-122-5p	0.0766909658908844	0.0005860064726089	0.0657494664192199	0.077738232910633	0.0109414994716644	1	1.0012	0.7497504251415933	146.0	-20.86	1.4062929455000002	0.6768452605999999	0.9553032115129284	0.0	0.0	0.0	False
Hykk	mmu-miR-122-5p	0.1011768549680709	0.0022564305089725	0.0818686112761497	0.0892944633960723	0.0193082436919212	1	3.882800000000001	0.5565525132456056	149.0	-23.77	23.476928907500003	19.60466289	0.2588387395732462	1.0	4.930376912	4.930376912	True
Iars2	mmu-miR-122-5p	0.1116295844316482	0.0029452555160607	0.0747693479061126	0.1046229600906372	0.0368602365255355	1	1.3750000000000002	0.7871127619344003	145.0	-21.14	14.6857996525	13.704495278	0.0990741292124226	1.0	2.243742993	2.243742993	True
Idh3a	mmu-miR-122-5p	0.1007239818572998	0.0011152234599031	0.0839565247297287	0.1083378195762634	0.0167674571275711	2	3.7588	0.5602777882443671	156.0	-21.74	33.9594210375	24.548774642	0.4665379833581944	3.0	5.998954297	3.288152864666667	True
Iffo1	mmu-miR-122-5p	0.0880381569266319	0.0006722683676642	0.0670535415410995	0.0828000232577323	0.0209846153855323	1	1.0866	0.7624924917663124	163.0	-20.04	0.62455014675	0.6887193438	-0.1224264826202374	0.0	0.0	0.0	False
Iffo2	mmu-miR-122-5p	0.0798262536525726	0.001158491566787	0.0530111119151115	0.0792116820812225	0.026815141737461	2	2.6376	0.5988270200984588	154.0	-23.85	2.02251183	2.4962497514	-0.2906565781427349	2.0	5.211321516	4.692337590999999	True
Igdcc3	mmu-miR-122-5p	0.0811142548918724	0.0	0.0811142548918724	0.0918292477726936	0.0	1	0.0	0.0	142.0	-22.5	0.0	0.0	0.0	0.0	0.0	0.0	False
Igf1	mmu-miR-122-5p	0.082174827158451	0.0016978872990631	0.0587714575231075	0.0889771282672882	0.0234033696353435	1	5.7012	0.5152928293698641	146.0	-20.49	217.8043447	190.64495924	0.1920500301167106	2.0	2.493356883	2.252404497	True
Igfbp4	mmu-miR-122-5p	0.0888971030712127	0.0043013849341505	0.0512191317975521	0.0804471597075462	0.0376779712736606	1	1.1498000000000002	0.9287786065580969	145.0	-22.1	227.156880175	245.55882896	-0.1123321178717065	0.0	0.0	0.0	False
Igsf11	mmu-miR-122-5p	0.0996728554368019	0.0051308583751635	0.0778196528553962	0.0904015824198722	0.0218532025814056	1	3.4016	0.6847089162556598	147.0	-21.04	6.56777892625	8.5575749926	-0.3767567074179663	0.0	0.0	0.0	False
Igsf9b	mmu-miR-122-5p	0.0584080055356025	0.0026095016882475	0.0565598756074905	0.0757971182465553	0.001848129928112	1	0.0	0.0	143.0	-21.96	0.0	0.0	0.0	0.0	0.0	0.0	False
Ikzf1	mmu-miR-122-5p	0.0986219391226768	0.0050128183484875	0.0713267624378204	0.0816376432776451	0.0272951766848564	1	0.0404	0.0903371462909915	144.0	-24.65	1.221345928	0.5270653206	1.0753205735156628	0.0	0.0	0.0	False
Ikzf4	mmu-miR-122-5p	0.0761289820075035	0.0017073596196488	0.0644729807972908	0.0827723443508148	0.0116560012102127	1	0.1446	0.2333019502704596	146.0	-23.97	0.21002617975	0.2161689371999999	-0.0283055863977314	1.0	5.00927774	5.00927774	True
Il12b	mmu-miR-122-5p	0.1308989942073822	0.0096556811946147	0.1221541315317154	0.1279840320348739	0.0087448626756668	1	0.0046	0.010285912696499	172.0	-21.93	0.0763387535	0.0340221764	0.3958778262661911	0.0	0.0	0.0	False
Il16	mmu-miR-122-5p	0.1057843446731567	0.0073762458582705	0.073182463645935	0.1249569579958915	0.0326018810272216	1	1.0168	0.6759975591671912	166.0	-23.88	1.85482097775	1.1807266202000002	0.610073936276363	0.0	0.0	0.0	False
Il22ra1	mmu-miR-122-5p	0.1349892705678939	0.0061303520224347	0.0779743492603302	0.1119855418801307	0.0570149213075637	1	2.0766	1.034618432080156	140.0	-21.3	4.01888512725	3.3234832299999995	0.2667889456606923	0.0	0.0	0.0	False
Il6ra	mmu-miR-122-5p	0.0661344468593597	0.0018441919760693	0.0527298599481582	0.0483269318938255	0.0134045869112014	1	1.1831999999999998	0.4801663253498729	145.0	-21.44	3.7228713045	12.076752256	-1.6714008552664226	1.0	3.933219662	3.933219662	True
Immt	mmu-miR-122-5p	0.108170972764492	0.0118171924025917	0.088579811155796	0.1110300347208976	0.0195911616086959	1	0.2482	0.5549920720154479	152.0	-23.78	27.76048851	21.316023422	0.3795299326727152	0.0	0.0	0.0	False
Imp4	mmu-miR-122-5p	0.0636103443801403	0.0028955951354757	0.0643420442938804	0.0799625441431999	-0.0007316999137401	1	2.023	0.6247355440504406	144.0	-24.45	6.15594974725	8.0650335384	-0.3842298879407066	0.0	0.0	0.0	False
Impa2	mmu-miR-122-5p	0.0770586803555488	0.0062086618376269	0.0576539225876331	0.0877377390861511	0.0194047577679157	1	0.1636	0.1770672188746409	141.0	-20.08	1.0499524875	1.9452591738	-0.8307094173702319	0.0	0.0	0.0	False
Impg1	mmu-miR-122-5p	0.1032169088721275	0.0	0.1032169088721275	0.1070488020777702	0.0	1	0.0	0.0	160.0	-22.2	0.01072165975	0.0	0.1469374746691645	0.0	0.0	0.0	False
Ints10	mmu-miR-122-5p	0.0594500444829464	0.0039413359491442	0.0524308793246746	0.0781973376870155	0.0070191651582717	1	0.103	0.2303150016824783	149.0	-25.43	2.0201326325	1.3428043382	0.5552788544576764	0.0	0.0	0.0	False
Ipmk	mmu-miR-122-5p	0.1005804613232612	0.0011694999696107	0.0670804232358932	0.1053621172904968	0.033500038087368	1	4.3408	0.346843913021405	140.0	-20.51	10.206690792	12.589298984	-0.3000311746578281	1.0	2.658780493	2.658780493	True
Iqcc	mmu-miR-122-5p	0.0915095031261444	0.0018991260565763	0.0743554532527923	0.1190481036901474	0.017154049873352	1	1.5240000000000002	0.6268033982039344	170.0	-23.05	3.44767042575	2.2474181034	0.5957971651686179	1.0	2.860414354	2.860414354	True
Iqsec1	mmu-miR-122-5p	0.0721360683441162	0.0015854110377241	0.0611931011080741	0.0789763703942298	0.010942967236042	2	0.6062000000000001	0.1761936434721752	161.0	-21.94	2.657731029	2.5915180248	0.0350616657404276	1.0	0.29313102	0.29313102	True
Irs2	mmu-miR-122-5p	0.0998675748705864	0.001866859597161	0.0625395402312278	0.0936441868543624	0.0373280346393585	1	1.8816	0.8039000559771097	144.0	-20.68	2.1308513875	1.2592291886000002	0.714805669905033	0.0	0.0	0.0	False
Irx4	mmu-miR-122-5p	0.0783543363213539	0.0	0.0783543363213539	0.1219068616628646	0.0	1	0.0	0.0	157.0	-22.86	0.0	0.0	0.0	0.0	0.0	0.0	False
Itch	mmu-miR-122-5p	0.0957605168223381	0.0008429123944932	0.0719691291451454	0.0790793821215629	0.0237913876771926	2	3.7622	0.5629926287261672	163.0	-23.74	15.7785573675	15.940786494	-0.0146650365120096	2.0	5.796284016	5.548304831333334	True
Itga2b	mmu-miR-122-5p	0.0813816279172897	0.013768499014316	0.0654350221157074	0.0867155417799949	0.0159466058015823	1	0.0	0.0	145.0	-22.1	0.62824895	0.5140302986	0.2461218708332587	0.0	0.0	0.0	False
Itih1	mmu-miR-122-5p	0.1083659678697586	0.002035942869032	0.0924775823950767	0.1202999129891395	0.0158883854746818	1	3.3328	0.4484497742222644	140.0	-20.48	140.998938125	209.66025046	-0.5720341826770353	0.0	0.0	0.0	False
Itih5	mmu-miR-122-5p	0.0864683628082275	0.0013071135139366	0.0750823095440864	0.0917209386825561	0.011386053264141	1	2.138	0.7285509590962048	148.0	-21.4	15.2342816825	3.8543055432	1.955264331383593	0.0	0.0	0.0	False
Itpkb	mmu-miR-122-5p	0.0765238568186759	0.0019423865763669	0.0564380586147308	0.0833895057439804	0.0200857982039451	1	1.1270000000000002	0.5977235983295288	145.0	-20.12	1.2259242552499998	1.0588022236	0.1943640043271853	0.0	0.0	0.0	False
Jade3	mmu-miR-122-5p	0.1146575629711151	0.0042336902604659	0.1099023148417472	0.1223198994994163	0.0047552481293678	1	1.8558	0.6096172569735867	151.0	-23.59	1.23361844075	1.2553646885999998	-0.0233351318382263	0.0	0.0	0.0	False
Kank4	mmu-miR-122-5p	0.083075375854969	0.0078745859055626	0.0639616549015045	0.1012011542916297	0.0191137209534645	1	0.0436	0.0974925638189908	143.0	-21.59	0.1005145185	0.0587347842	0.3370883941092213	0.0	0.0	0.0	False
Kat6a	mmu-miR-122-5p	0.1162461325526237	0.0060052338698991	0.0699667185544967	0.1076226755976677	0.0462794139981269	1	2.16	0.4386809774767992	155.0	-21.43	2.481078329	2.6347484254	-0.0834341987881206	1.0	3.921814899	3.921814899	True
Kcnb1	mmu-miR-122-5p	0.0706020027399063	0.0021120422466022	0.0599475428462028	0.056197065860033	0.0106544598937034	1	0.4796	0.2825965321797137	158.0	-20.5	0.17264412425	0.1542262633999999	0.1009059854825074	0.0	0.0	0.0	False
Kcnf1	mmu-miR-122-5p	0.0709867104887962	0.0	0.0709867104887962	0.0965805798768997	0.0	1	0.0	0.0	150.0	-27.18	0.0	0.0	0.0	0.0	0.0	0.0	False
Kcng1	mmu-miR-122-5p	0.0639060661196708	0.0	0.0639060661196708	0.0784810408949852	0.0	2	0.0	0.0	143.0	-20.79	0.00547015675	0.0	0.0768348396958229	0.0	0.0	0.0	False
Kcng3	mmu-miR-122-5p	0.0661865234375	0.0069735914097145	0.0630678385496139	0.1002368927001953	0.003118684887886	1	0.0567999999999999	0.127008661121988	146.0	-23.71	0.00942087675	0.0036019242	0.0788372222055429	0.0	0.0	0.0	False
Kcnh1	mmu-miR-122-5p	0.0627070739865303	0.0	0.0627070739865303	0.0771153271198272	0.0	1	0.0	0.0	151.0	-20.88	0.00432019825	0.0	0.0610185163804404	0.0	0.0	0.0	False
Kcnj9	mmu-miR-122-5p	0.068662405014038	0.0032703053652569	0.0663033947348594	0.0850952193140983	0.0023590102791786	1	0.0	0.0	144.0	-21.04	0.013019535	0.013623972	-0.0076950832729252	0.0	0.0	0.0	False
Kcnma1	mmu-miR-122-5p	0.0658129960298538	0.0042012448270253	0.0628386735916137	0.0736541301012039	0.00297432243824	1	0.0	0.0	147.0	-21.38	0.01482249575	0.1165700572	-0.9154284718078834	0.0	0.0	0.0	False
Kcnt1	mmu-miR-122-5p	0.0582782194018364	0.0032176413696825	0.0559472739696502	0.0794966071844101	0.0023309454321861	1	0.0	0.0	153.0	-22.66	0.00883929	0.0096480698	-0.0106809651350571	0.0	0.0	0.0	False
Kctd10	mmu-miR-122-5p	0.0938834384083747	0.0051420066176366	0.066478781402111	0.0944874212145805	0.0274046570062637	1	1.5294	0.3483292982222426	156.0	-21.87	7.38683248675	3.972742151	0.8783549964984441	1.0	1.822279225	1.822279225	True
Kctd11	mmu-miR-122-5p	0.1165233701467514	0.0108646311563439	0.0880245417356491	0.1161481440067291	0.0284988284111022	1	0.5822	0.4011404990773183	160.0	-24.35	0.88152275225	0.5473695110000001	0.6004322896629224	0.0	0.0	0.0	False
Kctd13	mmu-miR-122-5p	0.1443869262933731	0.0082192493750698	0.0879200622439384	0.1196710616350174	0.0564668640494346	1	1.1678	0.412728361031805	159.0	-23.2	2.42635651475	1.0785042422	1.1001012921516045	1.0	0.641706979	0.641706979	True
Kdm2a	mmu-miR-122-5p	0.0812214598059654	0.0017363593166544	0.0633092820644378	0.0895614251494407	0.0179121777415275	1	2.6332	0.8710870794587646	141.0	-22.46	7.735609429749999	7.014076854000001	0.1393689274262471	0.0	0.0	0.0	False
Kif21a	mmu-miR-122-5p	0.1650373667478561	0.0032683858094505	0.0880185738205909	0.1748223602771759	0.0770187929272651	1	4.2336	0.4237803676434291	141.0	-20.38	4.721052469	7.469358648400001	-0.6508229347543311	0.0	0.0	0.0	False
Klhdc10	mmu-miR-122-5p	0.0772349715232849	0.0011233541083415	0.0465080067515373	0.0878456011414527	0.0307269647717475	1	3.2958	0.850043351835658	149.0	-22.38	12.6175846075	11.7191401918	0.1056996047396361	1.0	5.828705494	5.828705494	True
Klhl14	mmu-miR-122-5p	0.0842659100890159	0.0	0.0842659100890159	0.1088988929986953	0.0	1	0.0	0.0	152.0	-21.91	0.01366920575	0.0044112712	0.1225640057670146	0.0	0.0	0.0	False
Klhl32	mmu-miR-122-5p	0.0810815081000328	0.0060460405697648	0.0746819749474525	0.0986872613430023	0.0063995331525802	1	0.0	0.0	166.0	-24.05	0.0786262485	0.0433768635999999	0.317131856619779	0.0	0.0	0.0	False
Klk13	mmu-miR-122-5p	0.0663810297846794	0.0	0.0663810297846794	0.1011648625135421	0.0	1	0.0	0.0	160.0	-24.71	0.0	0.0	0.0	0.0	0.0	0.0	False
Klri2	mmu-miR-122-5p	0.0841985255479812	0.0065478625561219	0.0775700509548187	0.1138329952955246	0.0066284745931625	1	0.0	0.0	148.0	-30.34	0.1271303349999999	0.0774128474	0.3564099153329582	0.0	0.0	0.0	False
Kmt2a	mmu-miR-122-5p	0.0859619304537773	0.0018496086528478	0.0627896636724472	0.0743590295314788	0.0231722667813301	1	1.8014	0.6608065526309497	142.0	-20.38	1.4218580765	1.0599634746000002	0.3917544461980133	2.0	4.658780493	3.009000352	True
Kmt2e	mmu-miR-122-5p	0.1937862128019332	0.0128267314511287	0.1176644936203956	0.181611105799675	0.0761217191815376	1	0.2937999999999999	0.3423312723079795	143.0	-22.85	4.14166405575	3.1719890878	0.3744624255815973	0.0	0.0	0.0	False
Knop1	mmu-miR-122-5p	0.0714839041233062	0.0023173049390669	0.0645453929901123	0.0868506208062172	0.0069385111331939	1	3.2772	0.5974643922444249	143.0	-21.77	5.97643959475	7.3070376972	-0.2856704355016807	0.0	0.0	0.0	False
Krt2	mmu-miR-122-5p	0.1130940690636634	0.0	0.1130940690636634	0.1712163239717483	0.0	1	0.0	0.0	147.0	-25.91	0.0	0.0	0.0	0.0	0.0	0.0	False
Krt222	mmu-miR-122-5p	0.090660285949707	0.0095800070052546	0.0775139257311821	0.1143077984452247	0.0131463602185249	1	0.0902	0.201693331570481	151.0	-23.14	0.4731402875	0.174976684	1.0595790166540016	1.0	2.796284016	2.796284016	True
Krtap4-13	mmu-miR-122-5p	0.1278544962406158	0.0	0.1278544962406158	0.1744063198566436	0.0	1	0.0	0.0	170.0	-24.58	0.0	0.0	0.0	0.0	0.0	0.0	False
Krtap5-5	mmu-miR-122-5p	0.0789123997092247	0.0	0.0789123997092247	0.1307633370161056	0.0	1	0.0	0.0	155.0	-20.89	0.0	0.0	0.0	0.0	0.0	0.0	False
Ksr2	mmu-miR-122-5p	0.0551734499633312	0.0014222175505329	0.0518163666129112	0.05874690040946	0.0033570833504199	1	0.0	0.0	155.0	-24.35	0.0646420885	0.0533752958	0.1022670619032429	0.0	0.0	0.0	False
Kynu	mmu-miR-122-5p	0.1465846002101898	0.0024292165205618	0.0910872817039489	0.1400937288999557	0.0554973185062408	1	5.1044	0.3155072106941455	140.0	-22.43	43.7589871325	80.99596189799999	-0.886757583312104	0.0	0.0	0.0	False
Lamc1	mmu-miR-122-5p	0.0919708579778671	0.004516927927066	0.0561051815748214	0.0922747999429702	0.0358656764030456	1	2.4142	0.4801507055081769	166.0	-20.65	4.6750602305	2.2499235298	1.0229051207878714	2.0	1.073817992	0.2423354854999999	True
Lamp5	mmu-miR-122-5p	0.0908999592065811	0.0	0.0908999592065811	0.1311029195785522	0.0	2	0.0	0.0	164.0	-21.89	0.0	0.0	0.0	0.0	0.0	0.0	False
Larp4	mmu-miR-122-5p	0.0856625065207481	0.003375634102919	0.0764769837260246	0.1060875803232193	0.0091855227947235	1	4.3794	0.7140618320565805	158.0	-20.37	14.912216515	17.34230976	-0.2164540956414023	0.0	0.0	0.0	False
Lars2	mmu-miR-122-5p	0.1134886637330055	0.0024448623066396	0.06360724568367	0.1118467152118682	0.0498814180493354	1	2.6492	0.5746183080967748	158.0	-24.66	128.777396475	183.88364865	-0.5135782992458006	0.0	0.0	0.0	False
Lca5	mmu-miR-122-5p	0.0848837062716484	0.010076972689777	0.0692777037620544	0.1078385189175605	0.0156060025095939	1	0.3258	0.3034974464472477	140.0	-20.67	0.21577245775	0.1232850132	0.4999989208905681	0.0	0.0	0.0	False
Lelp1	mmu-miR-122-5p	0.0921695083379745	0.0	0.0921695083379745	0.1393682360649109	0.0	1	0.0	0.0	167.0	-25.54	0.0	0.0	0.0	0.0	0.0	0.0	False
Lgals12	mmu-miR-122-5p	0.0783457115292549	0.0070419574049462	0.0751964524388313	0.1031954959034919	0.0031492590904235	1	0.0	0.0	140.0	-21.35	0.02554382175	0.0229961798	0.0295775257203021	0.0	0.0	0.0	False
Lhpp	mmu-miR-122-5p	0.0854777887463569	0.0032018336233196	0.0657012909650802	0.098920539021492	0.0197764977812767	1	5.233599999999999	0.9489140108566214	149.0	-24.34	45.885754482500005	46.334484556	-0.0140096097065833	0.0	0.0	0.0	False
Lhx1	mmu-miR-122-5p	0.0828230127692222	0.0070651014834568	0.0796634033322334	0.104105569422245	0.0031596094369888	1	0.0	0.0	142.0	-21.19	0.0	0.0322638396	-0.4034186885219119	0.0	0.0	0.0	False
Lima1	mmu-miR-122-5p	0.1274224668741226	0.0018134237218741	0.0755544379353523	0.1006102859973907	0.0518680289387702	1	4.167399999999999	0.7259120470139616	142.0	-22.18	17.27614164	16.617122532000003	0.0557812262652219	1.0	6.402941588	6.402941588	True
Limd1	mmu-miR-122-5p	0.0939984008669853	0.001979605671217	0.0640171766281127	0.1020358204841613	0.0299812242388725	1	3.0454	0.4316958419998968	154.0	-20.18	9.29740603	8.7919451454	0.0797635356375944	1.0	1.445786769	1.445786769	True
Lingo2	mmu-miR-122-5p	0.0680989325046539	0.0	0.0680989325046539	0.0945906341075897	0.0	1	0.0	0.0	145.0	-21.95	0.0	0.0	0.0	0.0	0.0	0.0	False
Lipt2	mmu-miR-122-5p	0.0939226865768432	0.0044296521005456	0.0775196105241775	0.1004744246602058	0.0164030760526657	1	2.28	1.0088538050679097	151.0	-21.75	3.38664560875	1.7316782311999996	0.9286736433674296	1.0	0.704308833	0.704308833	True
Llgl1	mmu-miR-122-5p	0.1337421894073486	0.0034706991147945	0.0702103376388549	0.1226807609200477	0.0635318517684936	1	1.5752	0.4103909112054018	150.0	-21.36	1.874899617	0.7938140542000001	1.1437326890553663	2.0	3.763117153	3.4139450025	True
Lmx1b	mmu-miR-122-5p	0.0657242387533187	0.0	0.0657242387533187	0.073129802942276	0.0	1	0.0	0.0	140.0	-23.14	0.0	0.0	0.0	0.0	0.0	0.0	False
Lnpep	mmu-miR-122-5p	0.0763621598482131	0.003268969140758	0.0768919363617897	0.0865762308239936	-0.0005297765135765	1	2.2648	0.6306648872420281	145.0	-20.03	3.3908373915	3.3103278492	0.0336627172571869	2.0	3.295855026	2.2513234415	True
Lpar2	mmu-miR-122-5p	0.0763653695583343	0.0058616765541889	0.0599827989935874	0.0787617117166519	0.0163825705647468	1	0.4034	0.5532339468976936	144.0	-21.87	0.5883907420000001	0.3931710054	0.4811397120100078	2.0	2.211321516	1.3852831675	True
Lpl	mmu-miR-122-5p	0.1235956013202667	0.0030864431346252	0.0621905960142612	0.1397038400173187	0.0614050053060054	1	5.2332	0.2528887107009724	155.0	-22.2	49.963547895	22.312327042	1.159468085590473	0.0	0.0	0.0	False
Lrrc20	mmu-miR-122-5p	0.0839259222149848	0.0013377190580686	0.064265564084053	0.0811183005571365	0.0196603581309318	1	1.5066	0.5048834518975642	155.0	-20.6	3.897340964	2.4561732028	0.6450550419395925	2.0	5.0917399	4.006777399500001	True
Lrrc24	mmu-miR-122-5p	0.0898604661226272	0.0020192667560796	0.063301146030426	0.0914308354258537	0.0265593200922012	1	1.531	0.7777814603087425	140.0	-21.13	7.840171596999999	11.0439319206	-0.4890162582548312	1.0	2.211321516	2.211321516	True
Lrrc59	mmu-miR-122-5p	0.0652415335178375	0.0028577418449924	0.0603100918233394	0.0754450187087059	0.004931441694498	1	5.097	0.6844150787351196	146.0	-21.2	30.25509316	24.76204193	0.2879938104277211	0.0	0.0	0.0	False
Lrrc75a	mmu-miR-122-5p	0.0800999164581298	0.0023451413843159	0.0541627071797847	0.0753797069191932	0.0259372092783451	2	0.509	0.17089616730635	162.0	-21.41	0.7313595927500001	0.4467097746	0.6046974595304548	0.0	0.0	0.0	False
Lvrn	mmu-miR-122-5p	0.0667910173535347	0.0011080335876967	0.0662954896688461	0.1146425455808639	0.0004955276846885	1	0.0	0.0	149.0	-24.57	0.00773469725	0.0114777848	-0.0492732777815169	0.0	0.0	0.0	False
Lynx1	mmu-miR-122-5p	0.0823589205741882	0.0028253657739579	0.0713695511221885	0.0788389444351196	0.0109893694519996	1	0.5056	0.5041322247188728	145.0	-22.93	1.87449811425	0.174949836	2.844245658764931	0.0	0.0	0.0	False
Lyz2	mmu-miR-122-5p	0.0855991095304489	0.0001828418474008	0.0675022527575492	0.1093686521053314	0.0180968567728996	1	0.0	0.0	155.0	-21.5	199.7901903	85.025131364	1.2315506483315726	0.0	0.0	0.0	False
Mag	mmu-miR-122-5p	0.0659751839935779	0.0035608476180402	0.0552172251045703	0.0777946561574935	0.0107579588890075	1	0.0	0.0	140.0	-23.4	0.451265131	0.6525316764	-0.4490059606950131	0.0	0.0	0.0	False
Mageb18	mmu-miR-122-5p	0.1190192550420761	0.0	0.1190192550420761	0.1759333908557891	0.0	1	0.0	0.0	140.0	-22.79	0.0	0.0	0.0	0.0	0.0	0.0	False
Malt1	mmu-miR-122-5p	0.1214174970984458	0.0069781668018332	0.0633872151374816	0.100347988307476	0.0580302819609642	1	1.2994	0.3740164434887857	142.0	-23.26	2.5503940485	1.9916905092	0.3415374656709775	1.0	4.037292116	4.037292116	True
Maml3	mmu-miR-122-5p	0.0840785294771194	0.0090114179838058	0.0559157878160476	0.0797802507877349	0.0281627416610717	1	0.1832	0.2612158111600444	155.0	-20.32	0.26525584575	0.1635149944	0.4710223071584726	0.0	0.0	0.0	False
Man1a2	mmu-miR-122-5p	0.0900317087769508	0.0029742212176863	0.0593881718814373	0.0901490598917007	0.0306435368955135	2	2.9080000000000004	0.4108174777197289	145.0	-24.59	6.5261615885	7.8442210496	-0.2617323806681129	0.0	0.0	0.0	False
Man1c1	mmu-miR-122-5p	0.1024605095386505	0.0069608977980134	0.0746700093150138	0.0915475934743881	0.0277905002236366	1	0.7355999999999999	0.5793619766605329	140.0	-21.2	0.5494959545	0.3544749986	0.5151196079911283	0.0	0.0	0.0	False
Map3k2	mmu-miR-122-5p	0.0841056272387504	0.0021822983553173	0.0734059959650039	0.087846890091896	0.0106996312737464	1	1.8156000000000003	0.4739982067476627	141.0	-23.0	4.1225916235	4.356334045	-0.0777286530223966	2.0	6.676702401	3.078972354	True
Map3k7cl	mmu-miR-122-5p	0.0829045370221138	0.0037581282602046	0.0808974280953407	0.1074281334877014	0.002007108926773	1	0.0	0.0	163.0	-20.58	0.0250048105	0.0076459918	0.2156890127596713	0.0	0.0	0.0	False
Map4k3	mmu-miR-122-5p	0.1457646995782852	0.0019892126033723	0.1241860538721084	0.1472252011299133	0.0215786457061767	1	3.6686	0.4322537449230486	145.0	-20.17	11.2934790745	9.9968087806	0.1743089671512353	0.0	0.0	0.0	False
Mapkbp1	mmu-miR-122-5p	0.0952510192990303	0.0032481662454985	0.0708125904202461	0.085309125483036	0.0244384288787841	2	0.6172000000000001	0.2378407029925702	146.0	-21.08	0.7591510912499999	0.5346001854	0.437063924859878	0.0	0.0	0.0	False
Mapre2	mmu-miR-122-5p	0.0921712547540664	0.0045863431417724	0.064928114414215	0.0827536210417747	0.0272431403398513	1	0.8782	0.4919580266648771	172.0	-23.76	2.13054484475	2.2037053956	-0.0465600790720461	1.0	0.559244819	0.559244819	True
Mark1	mmu-miR-122-5p	0.0911208555102348	0.0101068285833138	0.0692363455891609	0.1084595248103141	0.0218845099210739	1	0.4184	0.3582007816853559	161.0	-25.02	0.41248697125	0.3182960144	0.2929910762405021	0.0	0.0	0.0	False
Marveld2	mmu-miR-122-5p	0.1095618262887001	0.0123821266375024	0.0718631148338317	0.1119817793369293	0.0376987114548683	1	2.6364	0.3027380055427465	163.0	-25.47	7.27194361725	3.358224	1.0920137169799913	0.0	0.0	0.0	False
Matk	mmu-miR-122-5p	0.0699789702892303	0.0044085807121251	0.062913104891777	0.072534792125225	0.0070658653974533	1	0.0514	0.1149338940434892	151.0	-20.93	0.22175063075	0.1715637668	0.244651974787369	0.0	0.0	0.0	False
Mbd4	mmu-miR-122-5p	0.1255669057369232	0.0197529956706902	0.0735713019967079	0.1134562045335769	0.0519956037402153	1	0.4347999999999999	0.438462313089734	150.0	-20.97	1.283372918	0.4317060078	1.3794894456919289	0.0	0.0	0.0	False
Mbnl3	mmu-miR-122-5p	0.0944002464413642	0.0059538811456953	0.0569287724792957	0.082665205001831	0.0374714739620685	1	0.0	0.0	142.0	-20.78	0.45576410225	0.2793304462	0.5510174801048273	0.0	0.0	0.0	False
Mboat2	mmu-miR-122-5p	0.0755271777510643	0.0036685111120796	0.0685762539505958	0.0881998538970947	0.0069509238004684	1	0.0	0.0	144.0	-22.54	0.08482467725	0.0354974824	0.4478913480843303	0.0	0.0	0.0	False
Mcc	mmu-miR-122-5p	0.0825318589806556	0.0005972897287962	0.0619511269032955	0.0790474191308021	0.0205807320773601	1	1.4602	0.5896335302541741	150.0	-22.62	2.15408067125	2.31145635	-0.0973655469571506	0.0	0.0	0.0	False
Mcm10	mmu-miR-122-5p	0.0753780171275138	0.0037461533474354	0.0764521434903144	0.1116199716925621	-0.0010741263628006	1	4.3932	0.2716481179761787	151.0	-20.11	19.16358213925	24.467114294	-0.3508524026206185	0.0	0.0	0.0	False
Me3	mmu-miR-122-5p	0.0808444693684578	0.0	0.0808444693684578	0.1203862279653549	0.0	1	0.0	0.0	150.0	-20.12	51.5441181575	37.288513194	0.4660089457148855	0.0	0.0	0.0	False
Mecp2	mmu-miR-122-5p	0.0727538734674453	0.0023235952599274	0.0511936992406845	0.0702850297093391	0.0215601742267608	1	2.1238	0.6210661800484711	160.0	-29.9	1.35721649975	1.3150437892000002	0.0423685369834234	1.0	0.336852398	0.336852398	True
Mef2d	mmu-miR-122-5p	0.0880600601434707	0.0010714178482236	0.058610763400793	0.0790823698043823	0.0294492967426776	1	2.7774	0.5139331668612175	145.0	-21.64	5.083235896	3.4989265254000004	0.5262864052623285	3.0	2.073817992	1.035806244	True
Megf6	mmu-miR-122-5p	0.0761193677783012	0.0070476327286882	0.0638868734240531	0.0934415459632873	0.012232494354248	1	0.0	0.0	159.0	-23.19	0.2741961377499999	0.0567223684	1.2555835629413608	0.0	0.0	0.0	False
Mei1	mmu-miR-122-5p	0.0640752166509628	0.0	0.0640752166509628	0.0763157531619072	0.0	1	0.0	0.0	146.0	-20.15	0.0	0.0	0.0	0.0	0.0	0.0	False
Mei4	mmu-miR-122-5p	0.1148415982723236	0.0079790993285701	0.1112732365727424	0.1720896363258361	0.0035683616995811	1	0.0	0.0	163.0	-21.38	0.04212743975	0.0635093136	-0.2021877004041335	0.0	0.0	0.0	False
Mettl16	mmu-miR-122-5p	0.0800278022885322	0.0020675762436437	0.066531553864479	0.0833143666386604	0.0134962484240531	1	0.0632	0.1113090292833425	149.0	-24.22	3.978779753	3.3493598892	0.2418089458776018	2.0	4.336852398	3.9393040386666662	True
Mettl21e	mmu-miR-122-5p	0.0776418522000312	0.0	0.0776418522000312	0.1017630696296691	0.0	1	0.0	0.0	159.0	-21.82	0.00386858575	0.004315249	-0.0061906808977701	0.0	0.0	0.0	False
Mfap5	mmu-miR-122-5p	0.0612800329923629	0.0039005365667992	0.058528833091259	0.0669257342815399	0.0027511999011039	1	0.0	0.0	164.0	-24.93	0.080174407	0.0375544244	0.3893915527886074	0.0	0.0	0.0	False
Mgat4a	mmu-miR-122-5p	0.079268316924572	0.0043440596021498	0.062386505305767	0.0792238861322403	0.0168818116188049	2	0.1356	0.1473237930546183	157.0	-25.77	0.3478346487	0.0813760306	1.3039823410859497	0.0	0.0	0.0	False
Mgat4e	mmu-miR-122-5p	0.0677043691277504	0.0042511238976022	0.063368059694767	0.0779926478862762	0.0043363094329833	1	0.056	0.1252198067399882	145.0	-22.1	0.01043146425	0.0094674926	0.0126487733042258	0.0	0.0	0.0	False
Mgat5	mmu-miR-122-5p	0.0698726058006286	0.0033385161564128	0.0574565678834915	0.0709118470549583	0.0124160379171371	1	0.5172	0.5228381202628591	155.0	-22.77	1.0801031845	1.0735970874	0.007975814117196	0.0	0.0	0.0	False
Micall1	mmu-miR-122-5p	0.0776658430695533	0.0016285637231853	0.0667676702141761	0.0759380608797073	0.0108981728553771	1	1.4541999999999995	0.613360171514258	156.0	-21.43	1.6577988305	2.0671598882	-0.302035624004034	0.0	0.0	0.0	False
Micu3	mmu-miR-122-5p	0.1541472911834716	0.0072420257976468	0.080221027135849	0.1403762400150299	0.0739262640476226	1	1.5623999999999998	0.2978964585220846	154.0	-20.5	1.87297166375	1.352900506	0.4414343246897804	1.0	2.407241726	2.407241726	True
Mis12	mmu-miR-122-5p	0.1029265478253364	0.0037462022365993	0.0591916032135486	0.1191834583878517	0.0437349446117878	1	3.0592	0.453774393283711	152.0	-27.15	6.7162555095	7.985079603599999	-0.2462825617119932	0.0	0.0	0.0	False
Mkln1	mmu-miR-122-5p	0.0763598501682281	0.0086086360071516	0.068874791264534	0.0730148404836654	0.0074850589036941	1	1.7153999999999996	0.999012412335302	144.0	-22.21	27.831844605	29.743797168	-0.0955202565907617	1.0	4.180549167	4.180549167	True
Mllt1	mmu-miR-122-5p	0.0830702573060989	0.0041122300979966	0.0682413503527641	0.0753196701407432	0.0148289069533348	1	2.1344000000000003	0.6213210120380608	158.0	-21.28	4.0306170245	3.475880015	0.2080589758824357	1.0	5.381246517	5.381246517	True
Mlxip	mmu-miR-122-5p	0.0671399623155593	0.0020481545874063	0.0601425692439079	0.0758427754044532	0.0069973930716514	1	1.2144	0.3366025846603083	159.0	-25.55	0.959511776	0.7091979265999999	0.3888350942999197	2.0	4.059318422	3.625611242	True
Mmab	mmu-miR-122-5p	0.0814600825309753	0.0016099405205434	0.0642744228243827	0.0880504846572876	0.0171856597065925	2	2.6870000000000003	0.3676928065654806	145.0	-22.52	6.91161975775	7.023110876999999	-0.0227596867487216	0.0	0.0	0.0	False
Mmgt1	mmu-miR-122-5p	0.0984116584062576	0.0062063366613975	0.0663888975977897	0.1054285317659378	0.0320227608084678	1	3.9304	0.3954159834908042	147.0	-20.87	10.40504727175	9.7909697666	0.0868987710103953	2.0	1.559244819	1.4068175285	True
Mmp17	mmu-miR-122-5p	0.0672229684889316	0.0044586115089899	0.0561483353376388	0.0720510780811309	0.0110746331512927	3	0.22	0.1543000324044036	152.0	-26.01	0.24501985925	0.1243967843999999	0.6206274031051154	0.0	0.0	0.0	False
Mnt	mmu-miR-122-5p	0.0752990871667862	0.0019185743605052	0.063391737639904	0.0828328058123588	0.0119073495268821	1	2.0076	0.3695298364137867	140.0	-22.22	1.6895793685	1.5714378014	0.0985308597519098	2.0	5.037292116	3.085825825	True
Mob3b	mmu-miR-122-5p	0.0830115467309951	0.0009644993819719	0.0572220124304294	0.0827200338244438	0.0257895343005657	1	2.5138000000000003	0.4249443492976461	146.0	-21.77	9.78507230775	6.808532491400001	0.5168722328125396	2.0	4.224377669	2.83038287	True
Mogat2	mmu-miR-122-5p	0.0854933321475982	0.0202451561863718	0.0597840473055839	0.1022554114460945	0.0257092848420143	1	0.1122	0.2508868270754764	144.0	-20.4	4.947194295	0.1288649975999999	4.462912884742985	0.0	0.0	0.0	False
Morc2a	mmu-miR-122-5p	0.1140983924269676	0.0039799225723621	0.0798321813344955	0.115485668182373	0.034266211092472	1	2.5264	0.7193749370112918	155.0	-20.44	2.8482566262500004	2.3350567262000004	0.2759067257645621	1.0	2.284384978	2.284384978	True
Mprip	mmu-miR-122-5p	0.0765073552727699	0.0013578329624664	0.057678397744894	0.0747715011239051	0.0188289575278759	2	0.8478	0.5505181195928068	146.0	-20.91	7.63499996225	6.7370015814	0.1780375256132709	0.0	0.0	0.0	False
Mrpl19	mmu-miR-122-5p	0.0918519154191017	0.0016813688132879	0.0751875340938568	0.0936090499162674	0.0166643813252449	1	1.339	0.4911766484677381	143.0	-20.44	3.3987509732500003	3.8193628731999993	-0.1637791675581059	0.0	0.0	0.0	False
Mrpl24	mmu-miR-122-5p	0.1154005318880081	0.0023096352116906	0.0824982374906539	0.0934121906757354	0.0329022943973541	1	4.021199999999999	0.5293776534762304	142.0	-27.75	18.20542728	21.226042234	-0.2203448008172961	0.0	0.0	0.0	False
Mrpl35	mmu-miR-122-5p	0.0971676230430603	0.0024836724780047	0.0912270694971084	0.1014784425497055	0.0059405535459518	1	4.647399999999999	0.8096062623275588	142.0	-21.5	7.39809561625	9.4314159674	-0.346166330748141	0.0	0.0	0.0	False
Mrps2	mmu-miR-122-5p	0.0830546632409095	0.003358318768355	0.0685107409954071	0.0806840434670448	0.0145439222455024	1	0.051	0.1140394668524892	152.0	-21.2	11.37971356975	20.354838526	-0.8333555025999019	0.0	0.0	0.0	False
Mrps25	mmu-miR-122-5p	0.0769403427839279	0.0015907585911738	0.0584277547895908	0.0778925344347953	0.018512587994337	1	1.9536	0.5277265390332383	148.0	-20.23	10.04377404975	7.738928593	0.3718661266076879	1.0	2.14420732	2.14420732	True
Mrs2	mmu-miR-122-5p	0.0653753995895385	0.0011283278857927	0.0555429682135582	0.0731059610843658	0.0098324313759803	1	2.7496	0.5482520405798778	147.0	-20.66	9.10793202125	5.5824165534	0.6963725894840203	1.0	2.321085082	2.321085082	True
Ms4a15	mmu-miR-122-5p	0.0822199136018753	0.0	0.0822199136018753	0.1105680167675018	0.0	1	0.0	0.0	144.0	-20.22	0.0	0.0074103908	-0.1031335653020062	0.0	0.0	0.0	False
Msn	mmu-miR-122-5p	0.096056643128395	0.0017433040887197	0.0728364214301109	0.1033554002642631	0.0232202216982841	1	2.9914	0.7549564888124348	150.0	-20.81	11.530744787500002	7.335518929599999	0.6454381468192407	1.0	0.658780493	0.658780493	True
Mt3	mmu-miR-122-5p	0.0676579773426055	0.0	0.0676579773426055	0.1183563917875289	0.0	1	0.0	0.0	167.0	-31.18	0.0	0.0	0.0	0.0	0.0	0.0	False
Mtfr1l	mmu-miR-122-5p	0.0854535847902298	0.0048429378218387	0.0697116553783416	0.1113937199115753	0.0157419294118881	1	0.2835999999999999	0.4308738794589433	145.0	-23.98	17.6604644325	23.765785364	-0.4262745043381979	0.0	0.0	0.0	False
Mtmr10	mmu-miR-122-5p	0.1155031248927116	0.0006932506981123	0.0772936195135116	0.1000811904668808	0.0382095053791999	1	3.842200000000001	0.5335772671319499	140.0	-22.17	8.51359420825	12.74985706	-0.5770650471342329	1.0	1.599886804	1.599886804	True
Mtor	mmu-miR-122-5p	0.1213878571987152	0.0034896540906989	0.1029957979917526	0.1354011595249176	0.0183920592069625	1	3.9538	0.9512479697744431	143.0	-24.88	5.45808561325	7.951437254199999	-0.5346582832233171	1.0	1.313393425	1.313393425	True
Mtpap	mmu-miR-122-5p	0.1100392937660217	0.0257790013689574	0.0639324784278869	0.0939823016524314	0.0461068153381347	1	0.1202	0.2502023181347447	165.0	-20.49	6.62579146425	8.4965126174	-0.3540474662264565	0.0	0.0	0.0	False
Mtr	mmu-miR-122-5p	0.0840545117855072	0.0022563049776546	0.0498014912009239	0.0829393938183784	0.0342530205845832	2	1.4644	0.417877733314423	147.0	-22.09	1.7039630055	1.5231264238000002	0.1523943786145478	1.0	1.629634147	1.629634147	True
Mvb12b	mmu-miR-122-5p	0.0642518162727356	0.0012318580790869	0.0495705157518386	0.0744600892066955	0.0146813005208969	1	0.1278	0.2857694875244731	148.0	-23.27	0.8982288355000001	0.2972297908	1.329396755244353	1.0	1.751889897	1.751889897	True
Myo6	mmu-miR-122-5p	0.086390708386898	0.0015244295086083	0.0668306276202201	0.0901783779263496	0.0195600807666778	1	3.802	0.4302191302115702	171.0	-20.91	3.3937673265	2.9893083918000003	0.177499636743914	1.0	4.183080212	4.183080212	True
Myod1	mmu-miR-122-5p	0.0776848495006561	0.0	0.0776848495006561	0.1304919570684433	0.0	1	0.0	0.0	142.0	-21.1	0.0	0.0	0.0	0.0	0.0	0.0	False
N4bp2l2	mmu-miR-122-5p	0.0909873649477958	0.0043077960009991	0.0811061412096023	0.098462238907814	0.0098812237381935	2	1.6229999999999998	0.4486423965699184	144.0	-21.91	8.18902726075	8.6363689994	-0.0758309853039179	1.0	2.517424643	2.517424643	True
Naa16	mmu-miR-122-5p	0.0575079180300235	0.0071774305516424	0.0510345697402954	0.0694489553570747	0.0064733482897281	1	0.0	0.0	171.0	-21.65	1.83607092775	2.2782414710000003	-0.2967633977298075	2.0	4.291048708	3.9566516625	True
Nacc1	mmu-miR-122-5p	0.0798204734921455	0.0046798522926977	0.0571914948523044	0.0693265125155448	0.022628978639841	2	2.2146	0.6460071981023121	166.0	-24.16	9.347674693999998	4.7797282598	0.9531584803083248	1.0	2.219495447	2.219495447	True
Nacc2	mmu-miR-122-5p	0.0753530845046043	0.0019569534754654	0.0623891651630401	0.0820370092988014	0.0129639193415641	1	1.4274	0.4725212164548805	140.0	-20.8	5.9945310655	3.680695977	0.6888633788181716	0.0	0.0	0.0	False
Nanog	mmu-miR-122-5p	0.0945044010877609	0.0	0.0945044010877609	0.1309879273176193	0.0	1	0.0	0.0	145.0	-22.1	0.07943316975	0.1118432104	-0.239550281516665	0.0	0.0	0.0	False
Nap1l5	mmu-miR-122-5p	0.0890556544065475	0.0099596506286934	0.0776663050055503	0.1090643480420112	0.0113893494009971	1	0.0898	0.1367121062671481	164.0	-28.23	0.14514896675	0.0570958054	0.642014021103339	1.0	-7.823018939	-7.823018939	True
Natd1	mmu-miR-122-5p	0.0660615012049675	0.0051333063411341	0.0587904788553714	0.0708711966872215	0.007271022349596	1	1.0038	0.7302435894959982	145.0	-25.13	4.2172826615	1.8046853854	1.1805708381049922	0.0	0.0	0.0	False
Nck2	mmu-miR-122-5p	0.1302305147051811	0.01636187903454	0.0783392116427421	0.1191775500774383	0.0518913030624389	1	1.2836	0.8978047115046791	152.0	-22.89	3.17343636	1.2335715118	1.2955107408366482	1.0	0.751889897	0.751889897	True
Ncoa1	mmu-miR-122-5p	0.0913619592785835	0.0030546743176254	0.0704689025878906	0.0909419953823089	0.0208930566906929	1	1.7144	0.304459028442252	145.0	-26.04	2.52665828225	3.0051318678	-0.2414260138654486	0.0	0.0	0.0	False
Ncoa4	mmu-miR-122-5p	0.1560325890779495	0.0018770893966207	0.0691623166203498	0.1301144659519195	0.0868702724575996	1	6.507199999999999	0.5593408620867959	141.0	-23.68	50.2376189275	77.462141968	-0.6237156700003963	1.0	3.987904089	3.987904089	True
Ncs1	mmu-miR-122-5p	0.0607088632881641	0.0046845367786185	0.0560740232467651	0.0816018879413604	0.004634840041399	1	0.0	0.0	152.0	-20.5	0.13619286525	0.053287755	0.6237229298652104	1.0	-5.055465025	-5.055465025	True
Ndnf	mmu-miR-122-5p	0.0692465454339981	0.0	0.0692465454339981	0.0773643627762794	0.0	1	0.0	0.0	140.0	-22.16	0.00332053175	0.0110986994	-0.1047149540470622	0.0	0.0	0.0	False
Ndrg4	mmu-miR-122-5p	0.0905398443341255	0.0079994134035798	0.0829313173890113	0.1018371284008026	0.0076085269451141	1	0.1133999999999999	0.2535701086484761	150.0	-20.03	0.0345321735	0.0882381968	-0.4846081696916592	1.0	-4.911075116	-4.911075116	True
Ndufaf4	mmu-miR-122-5p	0.1064660727977752	0.0047018493756418	0.0757141038775444	0.0939410328865051	0.0307519689202308	2	2.3812	0.2789887094489667	147.0	-21.09	8.64020643625	19.15272323	-1.139323263909346	0.0	0.0	0.0	False
Ndufb9	mmu-miR-122-5p	0.0805254474282264	0.0077662896662298	0.0546820163726806	0.085435576736927	0.0258434310555458	1	0.0	0.0	149.0	-21.75	285.224796675	459.841012	-0.6888437131938611	0.0	0.0	0.0	False
Neb	mmu-miR-122-5p	0.2628852128982544	0.0059200133308252	0.1088062673807144	0.1784187853336334	0.1540789455175399	1	2.4948	0.6066149520082736	144.0	-23.17	0.6316396475	0.7826353058000001	-0.2706842001578415	0.0	0.0	0.0	False
Nedd4l	mmu-miR-122-5p	0.0805940210819244	0.0029891089815936	0.0684093907475471	0.0820395052433013	0.0121846303343772	1	1.5861999999999998	0.4795453054717562	158.0	-23.18	4.51846195275	5.062105262600001	-0.1605470771980487	1.0	2.796284016	2.796284016	True
Neil1	mmu-miR-122-5p	0.1415865421295166	0.0047884932692567	0.0704844966530799	0.1497633606195449	0.0711020454764366	1	2.1740000000000004	0.7134441113359897	152.0	-21.51	4.35426399225	2.8379205024000003	0.6003917069791744	0.0	0.0	0.0	False
Nek3	mmu-miR-122-5p	0.159536138176918	0.0105415737062571	0.1177680566906929	0.1804345399141311	0.0417680814862251	1	1.2364000000000002	0.4571441785695187	150.0	-20.74	2.02723325675	0.5054718702000001	1.8128463973118032	0.0	0.0	0.0	False
Neu2	mmu-miR-122-5p	0.0579226844012737	0.0006384262722096	0.0519726984202861	0.0960736870765686	0.0059499859809875	1	0.0	0.0	146.0	-21.11	0.28814907232725	0.204771342058	0.3488835883247471	0.0	0.0	0.0	False
Neu4	mmu-miR-122-5p	0.0637156516313552	0.0	0.0637156516313552	0.0961905196309089	0.0	1	0.0	0.0	148.0	-20.26	0.0	0.0	0.0	0.0	0.0	0.0	False
Neurl4	mmu-miR-122-5p	0.1357452034950256	0.009497887336143	0.0747733861207962	0.1511335968971252	0.0609718173742294	1	1.9292	0.9381384226221628	145.0	-21.71	2.66329198425	1.8427711974	0.5082720101762045	1.0	1.254390238	1.254390238	True
Neurod1	mmu-miR-122-5p	0.1102383583784103	0.0	0.1102383583784103	0.1618884205818176	0.0	1	0.0	0.0	154.0	-20.85	0.0	0.0	0.0	0.0	0.0	0.0	False
Nf2	mmu-miR-122-5p	0.0928240835666656	0.0011067256758779	0.0729500874876976	0.0830277949571609	0.019873996078968	2	2.3716	0.0759624907437875	151.0	-22.91	7.608367143999999	4.3555279704	0.7908288896904889	4.0	6.037292116	2.553521138	True
Nfic	mmu-miR-122-5p	0.0713723093271255	0.0009617183976266	0.0540229529142379	0.0656796768307685	0.0173493564128875	1	2.2216	0.5481877415630525	142.0	-21.79	8.526465637	10.5699106412	-0.3067065971873324	2.0	2.073817992	1.8662992425	True
Nfrkb	mmu-miR-122-5p	0.0656302809715271	0.0004089186861748	0.0607490614056587	0.0872395634651184	0.0048812195658683	2	0.6878	0.2931240351796488	160.0	-21.82	1.32392948125	1.326177461	-0.0022758092770429	1.0	3.999817411	3.999817411	True
Ngfr	mmu-miR-122-5p	0.0675666458904743	0.0062863520698361	0.0623476393520832	0.0761080309748649	0.0052190065383911	1	1.1404	0.5172115621290769	152.0	-21.2	3.0984372585	1.1660487636	1.337034209995045	0.0	0.0	0.0	False
Nhsl2	mmu-miR-122-5p	0.0614987291395664	0.0061548042515167	0.0465451590716838	0.0718390345573425	0.0149535700678825	2	0.0436	0.0974925638189908	155.0	-21.69	0.0	0.043333486	-0.5193756957307349	0.0	0.0	0.0	False
Nipal1	mmu-miR-122-5p	0.1090699806809425	0.0108521412835925	0.0770904794335365	0.1187624484300613	0.031979501247406	1	3.1142	1.3999541778215456	145.0	-26.22	2.4164020385	6.3565240522	-1.3593952456191276	0.0	0.0	0.0	False
Nkain2	mmu-miR-122-5p	0.11360824406147	0.0060018267204233	0.1055213063955307	0.109808824956417	0.0080869376659393	1	0.0567999999999999	0.127008661121988	151.0	-20.79	0.16678368425	0.163445334	0.0181668102837431	0.0	0.0	0.0	False
Nkain3	mmu-miR-122-5p	0.0754378840327262	0.0028591466882956	0.0741592347621917	0.0709062740206718	0.0012786492705345	1	0.0	0.0	146.0	-21.88	0.0685404435	0.0459046548	0.2080689163062931	0.0	0.0	0.0	False
Nlk	mmu-miR-122-5p	0.1154611557722091	0.001294887293037	0.0876800939440727	0.1372631043195724	0.0277810618281364	1	1.6374000000000002	0.7140828383318002	144.0	-23.93	3.22463294725	3.228741734	-0.001781870796649	0.0	0.0	0.0	False
Nmd3	mmu-miR-122-5p	0.0781065925955772	0.0038024126599538	0.0643525049090385	0.0799501091241836	0.0137540876865386	1	0.0972	0.2068881340241629	152.0	-24.43	13.5514185875	25.592774088	-0.9123117920065278	0.0	0.0	0.0	False
Nmur2	mmu-miR-122-5p	0.0669401288032531	0.0	0.0669401288032531	0.0906374081969261	0.0	1	0.0	0.0	152.0	-21.42	0.0	0.0	0.0	0.0	0.0	0.0	False
Nol4l	mmu-miR-122-5p	0.0753357350826263	0.0010868005963602	0.0626385957002639	0.0778269246220588	0.0126971393823623	2	0.1072	0.1499056369854049	153.0	-21.75	0.99062630675	0.2400369259999999	1.681393531774026	0.0	0.0	0.0	False
Nop9	mmu-miR-122-5p	0.0997049912810325	0.0018522711972581	0.0729826092720031	0.078471764922142	0.0267223820090293	1	6.816800000000001	0.4088480157711419	151.0	-25.17	5.18796383125	5.8239134104	-0.1638382438694975	0.0	0.0	0.0	False
Nostrin	mmu-miR-122-5p	0.0819680958986282	0.0016391396405555	0.0599955357611179	0.0821805372834205	0.0219725601375102	1	0.7802	0.652370830126547	151.0	-24.51	14.951601387499998	16.590842845999997	-0.1491398210055269	0.0	0.0	0.0	False
Npbwr1	mmu-miR-122-5p	0.0745715126395225	0.0	0.0745715126395225	0.0940915644168853	0.0	1	0.0	0.0	144.0	-21.28	0.00335279975	0.0182639916	-0.1944334054941205	0.0	0.0	0.0	False
Npepps	mmu-miR-122-5p	0.088366912305355	0.001922091388045	0.0886313393712043	0.1124725118279457	-0.0002644270658493	1	2.6262	0.8034377387203068	156.0	-21.95	10.3894709525	6.3627583884000005	0.698719953633289	1.0	3.25741793	3.25741793	True
Nptxr	mmu-miR-122-5p	0.0663219228386879	0.005517250769005	0.0552249625325202	0.0677383467555046	0.0110969603061676	1	0.2162	0.4834378967354546	140.0	-23.96	0.15614522425	0.084262699	0.4751979431590347	0.0	0.0	0.0	False
Nr4a3	mmu-miR-122-5p	0.0982006788253784	0.0063802584186527	0.0918748378753662	0.1082981973886489	0.0063258409500122	1	0.0	0.0	144.0	-21.06	0.0879219055	0.0158699014	0.6976273896213974	0.0	0.0	0.0	False
Nrg1	mmu-miR-122-5p	0.0741256311535835	0.0032717260476469	0.0594991706311702	0.0916987806558609	0.0146264605224132	1	0.0	0.0	167.0	-25.44	0.67633660575	0.0661499949999999	2.224196065366277	0.0	0.0	0.0	False
Nrxn3	mmu-miR-122-5p	0.0853680595755577	0.013289984846843	0.0737153887748718	0.1236599534749984	0.0116526708006858	1	0.103	0.2303150016824783	142.0	-22.46	0.03470177675	0.0079155568	0.3198660257975699	1.0	-4.707541722	-4.707541722	True
Nsd1	mmu-miR-122-5p	0.06670493632555	0.0031132272180963	0.05430893227458	0.0897369012236595	0.01239600405097	1	3.3262	0.4989886772262474	151.0	-21.49	6.349636275	5.8009557004	0.1282691747522671	1.0	2.268980285	2.268980285	True
Ntn4	mmu-miR-122-5p	0.1176074668765068	0.000833924521265	0.0949498564004898	0.1097492575645446	0.022657610476017	1	2.9342	0.9960254514820392	144.0	-22.69	2.7362940842500003	2.8197170372	-0.0418214301251261	0.0	0.0	0.0	False
Ntrk3	mmu-miR-122-5p	0.0664382830262184	0.0036888228751817	0.0630842521786689	0.0786219760775566	0.0033540308475494	1	0.1133999999999999	0.2535701086484761	147.0	-24.85	0.02970309225	0.0198556744	0.1139146622846468	0.0	0.0	0.0	False
Nudcd1	mmu-miR-122-5p	0.0937500089406967	0.0115849866200126	0.0700796470046043	0.1158527955412864	0.0236703619360923	1	0.704	0.4398312176278532	141.0	-21.61	5.8713964385	7.3949879838	-0.3278578133902172	0.0	0.0	0.0	False
Nudcd3	mmu-miR-122-5p	0.1062334343791008	0.0016308518127389	0.0753702893853187	0.0965056642889976	0.030863144993782	1	3.1855999999999995	0.908660717759935	146.0	-23.14	3.981985539	4.8896609786	-0.2896707238679892	2.0	1.156280152	0.576047816	True
Nudt1	mmu-miR-122-5p	0.1379100650548935	0.0017585721271815	0.1171573996543884	0.1704883128404617	0.020752665400505	1	2.8308	0.3961397480687844	160.0	-23.17	13.4975943975	15.715685077999998	-0.2180046081696933	1.0	2.291048708	2.291048708	True
Nufip1	mmu-miR-122-5p	0.0837030902504921	0.0035704527939604	0.0678747743368148	0.1154416278004646	0.0158283159136772	1	0.0	0.0	148.0	-22.86	3.60038495125	3.8511722496	-0.0946053791431352	0.0	0.0	0.0	False
Nup50	mmu-miR-122-5p	0.0934425488114357	0.0014093581250721	0.0608819648623466	0.0896609649062156	0.032560583949089	1	3.0832	0.445576817170732	153.0	-20.73	9.34984489325	9.669475692400002	-0.0479904882152919	1.0	2.851425571	2.851425571	True
Nup62cl	mmu-miR-122-5p	0.1321774333715439	0.0262991270309701	0.0912481918931007	0.1684127897024154	0.0409292414784431	1	0.6078	0.6909972503563238	154.0	-20.81	0.9993421465	0.424681325	1.0671271177322073	1.0	2.796284016	2.796284016	True
Nus1	mmu-miR-122-5p	0.0941292852163314	0.0023403045566085	0.0659838989377021	0.1108517721295356	0.0281453862786293	1	4.176799999999999	0.4903618052010167	144.0	-21.25	17.487434515	18.766961486	-0.1013170446399906	0.0	0.0	0.0	False
Nusap1	mmu-miR-122-5p	0.1103933542966842	0.0089716717412987	0.0799073576927185	0.1256265193223953	0.0304859966039657	1	1.0581999999999998	0.3676665608945149	166.0	-21.72	2.5306186957500003	0.6023588041999999	1.9051220138088087	0.0	0.0	0.0	False
Nwd1	mmu-miR-122-5p	0.0534814707934856	0.0	0.0534814707934856	0.0668807104229927	0.0	1	0.0	0.0	141.0	-20.67	0.013981092	0.0051236858	0.1167067548580191	0.0	0.0	0.0	False
Nwd2	mmu-miR-122-5p	0.1115650400519371	0.0077163941270171	0.1056923419237136	0.0972715690732002	0.0058726981282234	1	0.0538	0.1203004571894886	152.0	-22.53	0.0183685562499999	0.0668101534	-0.4949212150455921	0.0	0.0	0.0	False
Nxf3	mmu-miR-122-5p	0.0868603810667991	0.0	0.0868603810667991	0.1392805874347686	0.0	1	0.0	0.0	140.0	-26.04	0.0	0.0	0.0	0.0	0.0	0.0	False
Nxpe3	mmu-miR-122-5p	0.0972476974129676	0.0066772695380358	0.0781929418444633	0.0943910256028175	0.0190547555685043	1	0.0216	0.0482990683139954	146.0	-21.28	0.30332975925	0.2799342668	0.0862100208204946	0.0	0.0	0.0	False
Nyap2	mmu-miR-122-5p	0.0768759101629257	0.0	0.0768759101629257	0.1125408932566642	0.0	1	0.0	0.0	148.0	-22.71	0.00321394475	0.0094375658	-0.0844701464260538	0.0	0.0	0.0	False
Olfml1	mmu-miR-122-5p	0.1087676957249641	0.0006452870981338	0.0809377506375312	0.1038646101951599	0.0278299450874328	1	4.145599999999999	0.421287668938933	145.0	-20.86	20.434184255	16.168395612	0.335955656126365	1.0	3.839352738	3.839352738	True
Olfml2a	mmu-miR-122-5p	0.058308145403862	0.0047541771621343	0.0480006001889705	0.0901811271905899	0.0103075452148914	1	0.0	0.0	150.0	-22.2	0.18199002575	0.0625190078	0.7950356721936485	0.0	0.0	0.0	False
Orai2	mmu-miR-122-5p	0.080947570502758	0.0053419247507026	0.0565719120204448	0.0756161361932754	0.0243756584823131	1	0.2392	0.2413828908601436	140.0	-20.1	0.89213503925	0.304670225	1.2937897971594932	1.0	-0.833072604	-0.833072604	True
Orai3	mmu-miR-122-5p	0.1041241079568862	0.0019245554562476	0.0748089700937271	0.1374160498380661	0.0293151378631591	1	3.383	0.3301688961728527	158.0	-20.41	8.48734503275	7.8465125098	0.1118903163391942	1.0	1.336852398	1.336852398	True
Otud4	mmu-miR-122-5p	0.1139554843306541	0.0038335303621049	0.0683092027902603	0.1001341044902801	0.0456462815403938	1	3.2056	0.5069046261378958	145.0	-23.41	5.3028038155	5.430395273	-0.0336743013040374	1.0	3.987904089	3.987904089	True
Otud6b	mmu-miR-122-5p	0.1339429169893264	0.0032739107562201	0.0882523506879806	0.128629982471466	0.0456905663013458	1	3.9868	0.5981151226979636	148.0	-21.57	10.129923292	15.156564072	-0.5766347624401019	0.0	0.0	0.0	False
Oxnad1	mmu-miR-122-5p	0.1575060576200485	0.0021493134259907	0.1143512055277824	0.1637506037950515	0.043154852092266	1	4.0472	0.3018661955237784	159.0	-27.08	8.41855814725	8.7442867084	-0.0541365339910316	0.0	0.0	0.0	False
Oxsr1	mmu-miR-122-5p	0.0751337990164756	0.0052108455031243	0.0529521293938159	0.0907459557056427	0.0221816696226596	1	2.9077999999999995	0.6837438847989793	145.0	-24.35	7.93897721275	7.1873337542	0.1416208945958054	0.0	0.0	0.0	False
Pak3	mmu-miR-122-5p	0.0634357944130897	0.002541766923315	0.0606666691601276	0.0813799127936363	0.0027691252529621	1	0.0	0.0	140.0	-21.14	0.0741603335	0.0055573684	0.7223887861725332	1.0	-3.911075116	-3.911075116	True
Pakap	mmu-miR-122-5p	0.0932927921414375	0.0032377657119454	0.0651189982891082	0.088640958070755	0.0281737938523292	1	1.4844000000000002	0.7933724220062102	154.0	-24.44	0.45454377825	0.2169068268	0.8072426193399961	0.0	0.0	0.0	False
Palm	mmu-miR-122-5p	0.0883321061730384	0.0033297886601988	0.0740680024027824	0.0875453501939773	0.014264103770256	1	0.4118	0.4843616417512848	152.0	-21.95	1.315886534	0.369339421	1.5930021095211144	0.0	0.0	0.0	False
Paox	mmu-miR-122-5p	0.0939595609903335	0.0011764012059472	0.060736421495676	0.0794307962059974	0.0332231394946575	1	1.9642	0.4710872530646525	145.0	-22.1	6.31433944875	13.005843524	-1.0308376032574549	0.0	0.0	0.0	False
Papola	mmu-miR-122-5p	0.1219569489359855	0.0019828563553663	0.0706134438514709	0.1326070874929428	0.0513435050845146	1	4.8544	0.5873553438932857	162.0	-23.76	11.706750555	21.402520644000003	-0.8648938284726845	1.0	4.069302511	4.069302511	True
Papss2	mmu-miR-122-5p	0.137889289855957	0.0058914819482073	0.045609813183546	0.1026006042957305	0.0922794766724109	1	5.978199999999999	0.9751380415100211	142.0	-24.63	33.55743137	59.663020838	-0.8283279949029332	0.0	0.0	0.0	False
Pard6g	mmu-miR-122-5p	0.073978391289711	0.0009158286532153	0.0636440515518188	0.1017109379172325	0.0103343397378921	1	0.0	0.0	163.0	-20.8	0.4582743367499999	0.2708845704	0.5900039887004435	0.0	0.0	0.0	False
Parp11	mmu-miR-122-5p	0.104674319922924	0.0042601111955525	0.0747335776686668	0.0989375710487365	0.0299407422542572	1	0.96	0.6772123005380218	144.0	-20.36	1.74026943725	1.4917729294000002	0.2092824630818468	0.0	0.0	0.0	False
Pax5	mmu-miR-122-5p	0.0596785269677639	0.0042565624160427	0.0518748089671134	0.0509344488382339	0.0078037180006504	5	0.125	0.1585307541141465	165.0	-23.13	0.070933315	0.0	0.7734336065002569	0.0	0.0	0.0	False
Pax7	mmu-miR-122-5p	0.0533367358148098	0.0	0.0533367358148098	0.0755350887775421	0.0	1	0.0	0.0	147.0	-22.55	0.0	0.0	0.0	0.0	0.0	0.0	False
Pcdhb14	mmu-miR-122-5p	0.0660280026495456	0.002802871835203	0.0559378676116466	0.0836377590894699	0.010090135037899	1	0.0	0.0	158.0	-20.36	0.0625653375	0.0720489048	-0.0817990325004627	0.0	0.0	0.0	False
Pcdhb16	mmu-miR-122-5p	0.1038562133908271	0.0138273531520595	0.0802762433886528	0.1437934935092926	0.0235799700021743	1	0.0618	0.138189001009487	143.0	-24.18	0.12688607925	0.1149470538	0.0779867582204983	0.0	0.0	0.0	False
Pcdhb19	mmu-miR-122-5p	0.088243544101715	0.0087554572101501	0.0749979689717292	0.1062481105327606	0.0132455751299858	1	0.103	0.2303150016824783	156.0	-21.4	0.05578681875	0.0280165184	0.2832431929493488	0.0	0.0	0.0	False
Pcdhga1	mmu-miR-122-5p	0.0931937560439109	0.0009747901582658	0.0673462897539138	0.0889295041561126	0.025847466289997	1	1.929	0.6512200089063604	165.0	-22.22	0.042166893	0.0512806714	-0.0896421336196457	0.0	0.0	0.0	False
Pcdhga10	mmu-miR-122-5p	0.0931937560439109	0.0009747901582658	0.0673462897539138	0.0889295041561126	0.025847466289997	1	1.929	0.6512200089063604	165.0	-22.22	0.0774060965	0.0374546546	0.3680998268367327	0.0	0.0	0.0	False
Pcdhga11	mmu-miR-122-5p	0.0931937560439109	0.0009747901582658	0.0673462897539138	0.0889295041561126	0.025847466289997	1	1.929	0.6512200089063604	165.0	-22.22	0.0340419329999999	0.0051887178	0.3497044225619888	0.0	0.0	0.0	False
Pcdhga12	mmu-miR-122-5p	0.0931937560439109	0.0009747901582658	0.0673462897539138	0.0889295041561126	0.025847466289997	1	1.929	0.6512200089063604	165.0	-22.22	0.03817533425	0.0422407718	-0.0418349549048275	0.0	0.0	0.0	False
Pcdhga2	mmu-miR-122-5p	0.0931937560439109	0.0009747901582658	0.0673462897539138	0.0889295041561126	0.025847466289997	1	1.929	0.6512200089063604	165.0	-22.22	0.06831481975	0.014946744	0.550196607765763	0.0	0.0	0.0	False
Pcdhga3	mmu-miR-122-5p	0.0931937560439109	0.0009747901582658	0.0673462897539138	0.0889295041561126	0.025847466289997	1	1.929	0.6512200089063604	165.0	-22.22	0.0476814044999999	0.0287973033999999	0.1973857902892483	0.0	0.0	0.0	False
Pcdhga4	mmu-miR-122-5p	0.0931937560439109	0.0009747901582658	0.0673462897539138	0.0889295041561126	0.025847466289997	1	1.929	0.6512200089063604	165.0	-22.22	0.0180634155	0.01751068	0.0067701011560086	0.0	0.0	0.0	False
Pcdhga5	mmu-miR-122-5p	0.0931937560439109	0.0009747901582658	0.0673462897539138	0.0889295041561126	0.025847466289997	1	1.929	0.6512200089063604	165.0	-22.22	0.06704158	0.0186962634	0.4929327439886265	0.0	0.0	0.0	False
Pcdhga6	mmu-miR-122-5p	0.0931937560439109	0.0009747901582658	0.0673462897539138	0.0889295041561126	0.025847466289997	1	1.929	0.6512200089063604	165.0	-22.22	0.0632666855	0.0634226006	-0.0013770758223108	0.0	0.0	0.0	False
Pcdhga7	mmu-miR-122-5p	0.0931937560439109	0.0009747901582658	0.0673462897539138	0.0889295041561126	0.025847466289997	1	1.929	0.6512200089063604	165.0	-22.22	0.0381861715	0.046323865	-0.082551837797271	0.0	0.0	0.0	False
Pcdhga8	mmu-miR-122-5p	0.0931937560439109	0.0009747901582658	0.0673462897539138	0.0889295041561126	0.025847466289997	1	1.929	0.6512200089063604	165.0	-22.22	2.67440524125	1.5505913818	0.749195516340494	0.0	0.0	0.0	False
Pcdhga9	mmu-miR-122-5p	0.0931937560439109	0.0009747901582658	0.0673462897539138	0.0889295041561126	0.025847466289997	1	1.929	0.6512200089063604	165.0	-22.22	0.03781681675	0.0047325926	0.3960414636927344	2.0	-0.525644078	-1.444615699	True
Pcdhgb1	mmu-miR-122-5p	0.0931937560439109	0.0009747901582658	0.0673462897539138	0.0889295041561126	0.025847466289997	1	1.929	0.6512200089063604	165.0	-22.22	0.012893359	0.007220809	0.0743756958118529	0.0	0.0	0.0	False
Pcdhgb2	mmu-miR-122-5p	0.0931937560439109	0.0009747901582658	0.0673462897539138	0.0889295041561126	0.025847466289997	1	1.929	0.6512200089063604	165.0	-22.22	0.11209782575	0.1100045476	0.0143092621803194	0.0	0.0	0.0	False
Pcdhgb4	mmu-miR-122-5p	0.0931937560439109	0.0009747901582658	0.0673462897539138	0.0889295041561126	0.025847466289997	1	1.929	0.6512200089063604	165.0	-22.22	0.1017125305	0.0936774082	0.0586450294245703	0.0	0.0	0.0	False
Pcdhgb5	mmu-miR-122-5p	0.0931937560439109	0.0009747901582658	0.0673462897539138	0.0889295041561126	0.025847466289997	1	1.929	0.6512200089063604	165.0	-22.22	0.04961890275	0.0085791365999999	0.4625455388492406	0.0	0.0	0.0	False
Pcdhgb6	mmu-miR-122-5p	0.0931937560439109	0.0009747901582658	0.0673462897539138	0.0889295041561126	0.025847466289997	1	1.929	0.6512200089063604	165.0	-22.22	0.14837606775	0.0769081047999999	0.4895260249063382	0.0	0.0	0.0	False
Pcdhgb7	mmu-miR-122-5p	0.0931937560439109	0.0009747901582658	0.0673462897539138	0.0889295041561126	0.025847466289997	1	1.929	0.6512200089063604	165.0	-22.22	0.075109241	0.0195510074	0.5506289337845228	0.0	0.0	0.0	False
Pcdhgb8	mmu-miR-122-5p	0.0936876252293586	0.0010545837736467	0.068025529384613	0.0895439088344574	0.0256620958447456	1	1.929	0.6512200089063604	165.0	-22.22	0.0967999785	0.0338240186	0.5563929903948379	0.0	0.0	0.0	False
Pcdhgc3	mmu-miR-122-5p	0.0931937560439109	0.0009747901582658	0.0673462897539138	0.0889295041561126	0.025847466289997	1	1.929	0.6512200089063604	165.0	-22.22	1.30431868925	0.8380911122000001	0.5820704144205113	0.0	0.0	0.0	False
Pcdhgc5	mmu-miR-122-5p	0.0931937560439109	0.0009747901582658	0.0673462897539138	0.0889295041561126	0.025847466289997	1	1.929	0.6512200089063604	165.0	-22.22	0.009579238	0.0306908254	-0.2541833898728406	0.0	0.0	0.0	False
Pcp4l1	mmu-miR-122-5p	0.0928178146481513	0.0031394250461818	0.0758091658353805	0.069840557873249	0.0170086488127708	1	4.416	1.3976256651907908	144.0	-22.27	35.4713849425	31.014001706000005	0.1931531875941143	0.0	0.0	0.0	False
Pcsk2	mmu-miR-122-5p	0.0660853534936904	0.0	0.0660853534936904	0.0811095163226127	0.0	1	0.0	0.0	154.0	-21.74	0.06472483875	0.1000633917999999	-0.2803990882210128	0.0	0.0	0.0	False
Pcyox1l	mmu-miR-122-5p	0.0844088166952133	0.003670878551882	0.0697857216000557	0.1146046817302703	0.0146230950951576	1	0.0	0.0	148.0	-21.77	1.21395431475	0.3935693218	1.4125904845487596	0.0	0.0	0.0	False
Pdcd11	mmu-miR-122-5p	0.1273875474929809	0.0022830253060673	0.0984010845422744	0.1048312932252883	0.0289864629507064	1	0.542	0.2536483786662158	153.0	-24.12	2.9014233505	3.0002517446000003	-0.0467385437308483	0.0	0.0	0.0	False
Pdcd6ip	mmu-miR-122-5p	0.0931289747357368	0.0008987348765897	0.0661217048764228	0.095667190849781	0.0270072698593139	1	3.6974	0.4562129984996043	141.0	-24.44	14.81809548	13.426879054	0.1412343490582782	0.0	0.0	0.0	False
Pde12	mmu-miR-122-5p	0.0921507075428962	0.0157099305123445	0.0558153875172138	0.1184118166565895	0.0363353200256824	1	0.3658	0.510241315457696	153.0	-25.72	1.6983690925	2.1832814668000005	-0.3444195696293869	0.0	0.0	0.0	False
Pde3a	mmu-miR-122-5p	0.0885909646749496	0.0045251092753338	0.0715358406305313	0.0785646885633468	0.0170551240444183	1	0.6302	0.6103471962743828	148.0	-22.14	0.5055201392500001	0.3230750372	0.5172613794043863	0.0	0.0	0.0	False
Pde5a	mmu-miR-122-5p	0.095739996433258	0.0073020164584042	0.0570014491677284	0.0855091735720634	0.0387385472655296	1	0.6033999999999999	0.4960738856259217	151.0	-24.3	0.4379959635	0.3186829546	0.3617371641623593	0.0	0.0	0.0	False
Pde6a	mmu-miR-122-5p	0.0659232810139656	0.0028150576518931	0.0646643489599227	0.1058347299695015	0.0012589320540428	1	0.0	0.0	148.0	-22.05	0.10796126	0.0297798169999999	0.6802487645701698	0.0	0.0	0.0	False
Pde6d	mmu-miR-122-5p	0.1516277760267257	0.0107380972037392	0.1151638031005859	0.1519104838371276	0.0364639729261398	1	3.0222	0.6959311747579641	142.0	-21.4	13.0411396675	6.7448179172	0.9410063298759644	1.0	4.243742993	4.243742993	True
Pdlim7	mmu-miR-122-5p	0.0918021962046623	0.0077196907419342	0.0568116568028926	0.0991129428148269	0.0349905394017696	1	0.985	0.774221221615631	146.0	-20.27	3.0084100302500003	1.6628486228	0.8182682275296944	0.0	0.0	0.0	False
Pds5a	mmu-miR-122-5p	0.0820038720965385	0.0056869404209904	0.0573899857699871	0.09837356954813	0.0246138863265514	1	0.7257999999999999	0.4176753523970501	143.0	-24.04	10.1656795335	12.919976884000002	-0.3428977577461344	0.0	0.0	0.0	False
Pea15a	mmu-miR-122-5p	0.0930562987923622	0.0013001037711367	0.0688519105315208	0.0946961641311645	0.0242043882608413	1	2.7084	0.7761325917650926	151.0	-20.99	14.729103102500002	7.727323136599999	0.9218404327684896	0.0	0.0	0.0	False
Peg10	mmu-miR-122-5p	0.1035230010747909	0.0091626916386952	0.079124629497528	0.0825152471661567	0.0243983715772628	1	0.0048	0.0107331262919989	150.0	-20.37	0.881639468	0.1861793669999999	1.778273595277532	0.0	0.0	0.0	False
Pex11a	mmu-miR-122-5p	0.1190618976950645	0.000769043083796	0.0804047212004661	0.1126571223139762	0.0386571764945983	1	5.534000000000001	0.9200736383572784	144.0	-21.51	29.0984710575	52.634019882	-0.8528411505597271	1.0	2.980708588	2.980708588	True
Pex2	mmu-miR-122-5p	0.1060773208737373	0.0064950429861165	0.0793960094451904	0.083885908126831	0.0266813114285469	1	0.2176	0.3404780462819886	147.0	-21.31	18.237349932500003	20.6562088	-0.1787577947024598	0.0	0.0	0.0	False
Pex7	mmu-miR-122-5p	0.0673859342932701	0.0016071095546745	0.0608907602727413	0.0770342797040939	0.0064951740205287	1	0.0	0.0	160.0	-22.77	36.290537205	49.198070482000006	-0.4379678321586733	1.0	3.243742993	3.243742993	True
Pf4	mmu-miR-122-5p	0.134570300579071	0.0117580117860278	0.1185416281223297	0.143854022026062	0.0160286724567413	1	0.0	0.0	144.0	-20.51	2.1363572535	0.921569198	1.1303637430064952	0.0	0.0	0.0	False
Pfdn4	mmu-miR-122-5p	0.0931884199380874	0.0006139439280361	0.0847505182027816	0.1264577060937881	0.0084379017353057	1	0.0	0.0	151.0	-22.99	10.22461256325	7.740904946399999	0.3969955691696393	0.0	0.0	0.0	False
Pfkfb4	mmu-miR-122-5p	0.0843526437878608	0.0044845220938573	0.0687585100531578	0.0911401882767677	0.015594133734703	1	0.0	0.0	153.0	-22.2	0.68275560025	0.1827990228	1.468784790224176	0.0	0.0	0.0	False
Pgbd1	mmu-miR-122-5p	0.0890487119555473	0.0025696497651534	0.0947287231683731	0.1494539529085159	-0.0056800112128257	1	0.2307999999999999	0.319062219637487	143.0	-21.5	0.137137182	0.3151021206	-0.8077444137600823	0.0	0.0	0.0	False
Pgrmc1	mmu-miR-122-5p	0.1638521999120712	0.0006290154037282	0.126858964562416	0.1229052767157554	0.0369932353496551	1	10.1198	0.4342242508197814	155.0	-21.94	798.7217003999999	933.43964602	-0.2248377679710029	0.0	0.0	0.0	False
Pgrmc2	mmu-miR-122-5p	0.0620830431580543	0.0003232653962302	0.0538987517356872	0.0705113038420677	0.008184291422367	1	0.0	0.0	143.0	-21.09	13.474798305	19.412062066	-0.5234354897715101	0.0	0.0	0.0	False
Phactr1	mmu-miR-122-5p	0.07775399684906	0.0058398286067281	0.0646618381142616	0.0837770998477935	0.0130921587347984	1	0.1278	0.2857694875244731	159.0	-25.78	0.161555865	0.117352212	0.2670843426206951	0.0	0.0	0.0	False
Phf19	mmu-miR-122-5p	0.0770562663674354	0.0037167839077588	0.0619907528162002	0.0867273807525634	0.0150655135512351	1	0.5039999999999999	0.4371778814167066	150.0	-22.0	0.141749305	0.2276018108	-0.4384315892796834	0.0	0.0	0.0	False
Phf2	mmu-miR-122-5p	0.0879592731595039	0.0029083875439536	0.0684895887970924	0.0956165194511413	0.0194696843624115	1	2.2336	0.6399510137502713	146.0	-20.66	3.3225938025	3.3474309444	-0.0104315716126831	1.0	1.050548213	1.050548213	True
Phldb2	mmu-miR-122-5p	0.1184784337878227	0.0079073289749174	0.0851015597581863	0.0963332429528236	0.0333768740296363	1	3.5488	0.4190163481297597	145.0	-21.62	15.958066675	17.147086308	-0.1030544473711606	0.0	0.0	0.0	False
Piezo2	mmu-miR-122-5p	0.0917653411626815	0.0132469934836249	0.0723235383629798	0.1050044447183609	0.0194418027997016	1	0.0	0.0	153.0	-26.44	0.1562556084999999	0.1751774348	-0.1027785901948042	0.0	0.0	0.0	False
Pigv	mmu-miR-122-5p	0.0920037493109703	0.00471125842721	0.0717668458819389	0.0899510458111763	0.0202369034290313	1	1.8716	0.7835376825654271	145.0	-22.51	2.059091155	1.3276253436	0.5968067361606746	1.0	4.729169821	4.729169821	True
Pik3ap1	mmu-miR-122-5p	0.1001250967383384	0.0035580063689542	0.0856005772948265	0.1151546537876129	0.0145245194435119	1	2.7678000000000003	0.6399298399043445	140.0	-20.07	25.70770947	15.749877548	0.7033304080504097	0.0	0.0	0.0	False
Pip4k2a	mmu-miR-122-5p	0.1106142058968544	0.0053797900905619	0.0656002163887023	0.1036973446607589	0.045013989508152	1	1.2529999999999997	0.7604784678082608	150.0	-20.02	3.515537472	1.8207786714	0.9125188397781158	0.0	0.0	0.0	False
Pip4k2c	mmu-miR-122-5p	0.0928366631269455	0.0020693596655332	0.0614094175398349	0.0958316326141357	0.0314272455871105	1	2.8998	0.4264389757046135	140.0	-21.42	10.386352347749998	7.132546580799999	0.535937312311159	2.0	1.211321516	0.9816057065	True
Pja2	mmu-miR-122-5p	0.1199199944734573	0.0033732694565092	0.0774487778544426	0.1072045117616653	0.0424712166190147	1	3.4736	0.511409131713543	148.0	-20.14	4.408338237	5.1218128246	-0.2119549878849903	0.0	0.0	0.0	False
Pknox1	mmu-miR-122-5p	0.0981805980205536	0.0020888042152292	0.0678193643689155	0.0943797454237937	0.030361233651638	1	2.6626000000000003	0.6546551000335978	158.0	-24.65	2.98771932725	3.3803865179999995	-0.1727059169681352	0.0	0.0	0.0	False
Pkp1	mmu-miR-122-5p	0.0772881582379341	0.0070556191931323	0.0722317025065422	0.0903298556804657	0.0050564557313919	1	0.1122	0.2508868270754764	155.0	-25.09	0.014950427	0.0273407106	-0.1476818948695501	0.0	0.0	0.0	False
Plcb1	mmu-miR-122-5p	0.163726195693016	0.0049647602957494	0.0984360799193382	0.1255142986774444	0.0652901157736778	1	2.163	0.2261161206106278	150.0	-22.9	1.51601405125	2.4275298788	-0.6452884044387548	0.0	0.0	0.0	False
Plekhb1	mmu-miR-122-5p	0.0938356861472129	0.0028347376625736	0.066116876900196	0.0972524136304855	0.0277188092470169	1	4.6288	0.42257567369644	149.0	-21.7	12.6587325815	14.52680884	-0.1971300254189272	1.0	1.436388071	1.436388071	True
Plekhf2	mmu-miR-122-5p	0.0888441264629364	0.0031419700874276	0.0792419239878654	0.1063058078289032	0.0096022024750709	1	0.221	0.2069190663037121	152.0	-24.16	11.076350745	9.3999009564	0.2344648249014887	0.0	0.0	0.0	False
Plscr3	mmu-miR-122-5p	0.0921930223703384	0.0061946472929363	0.0698191076517105	0.0870339423418045	0.0223739147186279	2	1.0958	0.3566373508201294	166.0	-24.76	3.7588427275	1.5173092110000002	1.2545727140825762	1.0	4.424315239	4.424315239	True
Plxna1	mmu-miR-122-5p	0.054814787954092	0.0014551949978896	0.0465204678475856	0.0529077835381031	0.0082943201065063	1	0.0	0.0	142.0	-20.47	1.42347464825	0.7240501158	0.886561507931431	2.0	3.921814899	2.6293336485000003	True
Plxna2	mmu-miR-122-5p	0.0943188101053238	0.0024455240902137	0.0709031373262405	0.0884256586432457	0.0234156727790832	1	2.1218	0.6066363820279823	148.0	-22.51	1.3507541740000002	2.2987129338	-0.7254574335845047	0.0	0.0	0.0	False
Pnpla8	mmu-miR-122-5p	0.0815644189715385	0.0015745159044192	0.0683269798755645	0.0784737542271614	0.0132374390959739	1	2.015	0.6372436739584003	154.0	-27.3	38.78639806	54.68202494	-0.4944369861179485	0.0	0.0	0.0	False
Pole3	mmu-miR-122-5p	0.09365094602108	0.0029070840964299	0.0792494341731071	0.0916142240166664	0.0144015118479728	1	3.1910000000000003	0.605581951514409	143.0	-22.47	12.04036854	11.368576446	0.0821258917247096	0.0	0.0	0.0	False
Polr1a	mmu-miR-122-5p	0.0746914148330688	0.0041555330243579	0.062272373586893	0.0679678916931152	0.0124190412461757	1	1.941	0.7351941920336422	143.0	-21.56	4.77041205425	2.5460401474	0.8802088833556792	1.0	6.711891829	6.711891829	True
Polr1e	mmu-miR-122-5p	0.0938953712582588	0.005480741291302	0.0868172496557235	0.1148480176925659	0.0070781216025352	1	0.2162	0.4834378967354546	143.0	-25.62	1.97918069025	2.1962693746	-0.1432767536194731	0.0	0.0	0.0	False
Polr3f	mmu-miR-122-5p	0.0965903148055076	0.0049309014932454	0.0703372210264206	0.1033159047365188	0.026253093779087	1	2.0872	0.6143433079313227	145.0	-22.44	4.01472748575	4.5144683852	-0.1653675646346375	2.0	4.173353666	3.6840935295	True
Popdc2	mmu-miR-122-5p	0.1106712654232978	0.023040878829443	0.0912469923496246	0.1476658880710601	0.0194242730736732	1	0.3283999999999999	0.4858109714693565	162.0	-20.72	0.2350001	0.3004527472	-0.2574704906852367	0.0	0.0	0.0	False
Pou4f3	mmu-miR-122-5p	0.0845390111207962	0.0	0.0845390111207962	0.1056015342473983	0.0	1	0.0	0.0	146.0	-21.84	0.0	0.0	0.0	0.0	0.0	0.0	False
Ppfia2	mmu-miR-122-5p	0.0987643882632255	0.0194485684962123	0.0701825395226478	0.1202004104852676	0.0285818487405777	1	1.384	0.7985245769542727	142.0	-23.47	0.0255558475	0.0448740522	-0.2064700021468119	0.0	0.0	0.0	False
Ppfia4	mmu-miR-122-5p	0.0836393296718597	0.0015484221947009	0.0657684952020645	0.0839554220438003	0.0178708344697952	1	0.0	0.0	155.0	-25.35	0.98718946575	0.3712378488	1.2060760593227469	0.0	0.0	0.0	False
Ppib	mmu-miR-122-5p	0.1457581341266632	0.0021008730902224	0.0983183085918426	0.1330954879522323	0.0474398255348205	1	7.0664	0.396903388748446	140.0	-22.68	279.51433605	311.00575264	-0.1539667411816488	0.0	0.0	0.0	False
Ppip5k1	mmu-miR-122-5p	0.1433600187301635	0.0086472910090405	0.0856183245778083	0.1413643211126327	0.0577416941523551	1	0.5622	0.4037297363336022	143.0	-20.53	0.3986362077499999	0.5022251194	-0.272315239686408	1.0	2.658780493	2.658780493	True
Ppm1e	mmu-miR-122-5p	0.0807320922613143	0.0061596375584349	0.0751756653189659	0.1012348011136055	0.0055564269423484	1	0.0	0.0	145.0	-21.43	0.10492921575	0.0322657502	0.631686148311497	0.0	0.0	0.0	False
Ppm1l	mmu-miR-122-5p	0.0621226280927658	0.0036272108595175	0.0538225397467613	0.0701907724142074	0.0083000883460044	2	0.9158	0.4949052434557548	147.0	-24.13	0.73575951575	1.4685795150000005	-0.9082988834381748	1.0	2.751889897	2.751889897	True
Ppme1	mmu-miR-122-5p	0.1117307752370834	0.0015392874105102	0.0624972842633724	0.0955664590001106	0.049233490973711	1	3.0654000000000003	0.4806972019889444	142.0	-22.5	12.3679764725	9.7473827846	0.3404150933016946	1.0	1.921814899	1.921814899	True
Ppp1cb	mmu-miR-122-5p	0.1070820152759552	0.0083025485086157	0.068696029484272	0.1102234125137329	0.0383859857916832	1	0.4288	0.4236740492406869	145.0	-22.19	34.0836778975	36.735367908	-0.1077840240766024	0.0	0.0	0.0	False
Ppp1cc	mmu-miR-122-5p	0.1011176198720932	0.0008135915828262	0.0856346115469932	0.1199662387371063	0.0154830083250999	1	5.0018	0.5566082105035822	153.0	-22.66	50.91095524	33.507930308	0.6020054178892007	1.0	4.020378733	4.020378733	True
Ppp1r16b	mmu-miR-122-5p	0.0703587606549263	0.002636961583147	0.0549889616668224	0.0743100270628929	0.0153697989881038	1	0.3114	0.2861333605156868	145.0	-22.1	0.445619671	0.3688533034	0.2187590607400451	0.0	0.0	0.0	False
Ppp1r26	mmu-miR-122-5p	0.0531307272613048	0.0030792814150098	0.0509394742548465	0.1031089127063751	0.0021912530064582	1	0.0	0.0	146.0	-20.35	0.135997509	0.0259796809999999	0.9055805685243736	0.0	0.0	0.0	False
Ppp2r3a	mmu-miR-122-5p	0.098099347949028	0.0036521194519098	0.069991759955883	0.0972002148628234	0.0281075879931449	1	2.1658	0.7319437819942185	155.0	-22.94	4.24981100625	4.0119255454000005	0.0811385771586426	2.0	4.424315239	4.247260988500001	True
Ppp4r2	mmu-miR-122-5p	0.0816115260124206	0.0108590276359034	0.0994744077324867	0.1213476806879043	-0.017862881720066	1	4.648	0.7007392525040965	142.0	-23.47	17.563366445	17.492274434000002	0.0058183160580085	0.0	0.0	0.0	False
Pqbp1	mmu-miR-122-5p	0.0933215841650962	0.0026615416604207	0.0809572711586952	0.1212126761674881	0.012364313006401	1	3.1122000000000005	0.4772930965350326	157.0	-21.03	15.1480761425	12.145080275999998	0.3164249966746936	1.0	4.885289022	4.885289022	True
Prdm12	mmu-miR-122-5p	0.0868184939026832	0.0	0.0868184939026832	0.0906010195612907	0.0	1	0.0	0.0	154.0	-23.85	0.0	0.0181934412	-0.241149979586748	0.0	0.0	0.0	False
Prdm15	mmu-miR-122-5p	0.089545701444149	0.0020937899008883	0.0702311694622039	0.0930065810680389	0.019314531981945	2	0.718	0.7650807146961686	147.0	-23.73	0.7239643284999999	0.5642212816000001	0.3109179334208656	2.0	4.980708588	4.388496302	True
Prdm16	mmu-miR-122-5p	0.0703148186206817	0.002602460034309	0.0610255897045135	0.0765252634882927	0.0092892289161682	1	0.0	0.0	142.0	-23.5	0.0831428675	0.071048961	0.0985601755813318	0.0	0.0	0.0	False
Prex2	mmu-miR-122-5p	0.0906633377075195	0.0022436525156258	0.0681607127189636	0.1036067754030227	0.0225026249885559	1	1.4385999999999997	0.6435637497559974	153.0	-21.2	1.096764485	1.3621241018	-0.2889265014166438	1.0	2.609870892	2.609870892	True
Prickle1	mmu-miR-122-5p	0.079752904176712	0.0024946147203355	0.0711660534143447	0.0981945097446441	0.0085868507623672	1	0.9496	0.804678382958061	142.0	-20.76	0.0483084949	0.8086613363999999	-2.61514145770827	2.0	3.860414354	3.484928128	True
Prokr1	mmu-miR-122-5p	0.0834052875638008	0.004138336154163	0.0773165002465248	0.1025267764925956	0.0060887873172759	1	0.1008	0.2253956521319788	154.0	-21.06	0.03169730125	0.035175947	-0.0376126814281805	0.0	0.0	0.0	False
Prpf4	mmu-miR-122-5p	0.085539661347866	0.0038942088771019	0.0540383271872997	0.1019438952207565	0.0315013341605663	1	0.7204	0.4550453823521341	148.0	-24.27	3.2745873345	3.3698412784	-0.0401585796043064	1.0	1.796284016	1.796284016	True
Prpf40a	mmu-miR-122-5p	0.0893738508224487	0.0062057992070913	0.0555617101490497	0.0861801654100418	0.0338121406733989	1	4.4426	0.5715044181806471	147.0	-24.97	15.5427543325	16.721709728	-0.1048297852208982	1.0	2.921814899	2.921814899	True
Prr13	mmu-miR-122-5p	0.0811683267354965	0.007020186277851	0.0708360821008682	0.0938319042325019	0.0103322446346282	1	0.071	0.158760826402485	149.0	-21.91	31.213494105	19.557798674	0.6716827256885454	1.0	4.194833393	4.194833393	True
Prr18	mmu-miR-122-5p	0.0843652263283729	0.0047056440713723	0.0802843943238258	0.0822800174355506	0.0040808320045471	1	0.0	0.0	154.0	-25.99	0.04378035025	0.0314123166	0.1297660248692284	0.0	0.0	0.0	False
Prrc2a	mmu-miR-122-5p	0.130068576335907	0.0008237656930167	0.0755748823285102	0.1004519090056419	0.0544936940073967	1	0.0	0.0	151.0	-20.26	8.798437996	5.9147202572	0.5650544724676301	0.0	0.0	0.0	False
Prrt1	mmu-miR-122-5p	0.0307253800332546	0.0016252579874638	0.0289822947233915	0.0679767429828643	0.001743085309863	1	0.0	0.0	155.0	-22.33	0.20593449675	0.1183033386	0.4868885981545089	0.0	0.0	0.0	False
Prrt3	mmu-miR-122-5p	0.0726722240447998	0.0067214342258136	0.0540418401360511	0.0732198730111122	0.0186303839087486	2	1.791	0.2191962590921661	146.0	-21.37	0.0238042384999999	0.0345484729999999	-0.1200653110409899	0.0	0.0	0.0	False
Prrx1	mmu-miR-122-5p	0.0872584551572799	0.0063946420051822	0.0807177796959877	0.1029204651713371	0.0065406754612922	1	0.1278	0.2857694875244731	170.0	-23.29	0.27468102525	0.0683479606	1.1542166737810284	0.0	0.0	0.0	False
Prrx2	mmu-miR-122-5p	0.0592394851148128	0.0027352840117537	0.0580345429480075	0.081042043864727	0.0012049421668052	1	0.0	0.0	157.0	-20.91	0.02203808925	0.0215285282	0.006036478069836	0.0	0.0	0.0	False
Prss53	mmu-miR-122-5p	0.1172092825174331	0.0037266790137811	0.0840938687324523	0.122574433684349	0.0331154137849807	1	0.9434	0.6217469742588217	163.0	-20.62	2.52078777425	1.4006854411999998	0.8043789268385275	0.0	0.0	0.0	False
Prss57	mmu-miR-122-5p	0.0764020398259162	0.0073322327769069	0.0666228532791137	0.0928704887628555	0.0097791865468025	1	0.0	0.0	143.0	-21.84	0.04028401725	0.0	0.4883506501007702	0.0	0.0	0.0	False
Prune2	mmu-miR-122-5p	0.0826080054044723	0.0077850553187419	0.071068450808525	0.0940132886171341	0.0115395545959472	1	0.5298	0.4316824064054498	140.0	-21.1	0.06501300725	0.0387191708	0.2504125703371753	0.0	0.0	0.0	False
Psmb1	mmu-miR-122-5p	0.0783838912844658	0.0027707071096819	0.0697853416204452	0.0950053185224533	0.0085985496640205	1	0.1278	0.2857694875244731	146.0	-20.05	180.016199725	195.64609476	-0.1200555815960709	0.0	0.0	0.0	False
Ptdss2	mmu-miR-122-5p	0.0885462164878845	0.0024071865421342	0.076304867863655	0.0966150984168052	0.0122413486242294	1	1.6872	0.824061405478985	145.0	-20.91	6.54464880275	2.6463018618	1.2747027400066966	1.0	4.658780493	4.658780493	True
Ptger1	mmu-miR-122-5p	0.0798724353313446	0.0030574779998713	0.0648419484496116	0.0750370621681213	0.0150304868817329	1	0.8951999999999998	0.7041659605519143	147.0	-21.16	1.4272671295	0.8226086764	0.7271616564883681	0.0	0.0	0.0	False
Ptger3	mmu-miR-122-5p	0.0819081142544746	0.0048975532623161	0.0737760663032531	0.1134415045380592	0.0081320479512214	1	0.0	0.0	154.0	-26.93	0.013122868	0.0709919406	-0.5960377255381814	0.0	0.0	0.0	False
Ptges	mmu-miR-122-5p	0.0673043377697467	0.0052875004069864	0.0612862147390842	0.090180292725563	0.0060181230306625	1	0.1122	0.2508868270754764	158.0	-23.21	0.0	0.268889353	-1.8831881501176704	0.0	0.0	0.0	False
Ptpn4	mmu-miR-122-5p	0.0859173968434333	0.0024278566276617	0.0658872872591018	0.079083576798439	0.0200301095843315	1	1.65	0.8145191833222837	153.0	-26.33	2.63797649	2.7620866122	-0.0639572726731389	0.0	0.0	0.0	False
Ptprf	mmu-miR-122-5p	0.0929926589131355	0.0022375008861431	0.0727232173085212	0.084031231701374	0.0202694416046142	1	2.9368	0.2759623162680005	146.0	-23.88	22.7407779	16.502107705999997	0.4602453768558839	1.0	-0.92094536	-0.92094536	True
Ptprg	mmu-miR-122-5p	0.1030116289854049	0.0051894389329517	0.0766254290938377	0.0914196223020553	0.0263861998915672	1	3.067	0.4266485673244433	152.0	-22.01	4.13834293075	3.4118946786000004	0.2712507438452215	0.0	0.0	0.0	False
Pum2	mmu-miR-122-5p	0.1315807998180389	0.0023695170860219	0.0723384693264961	0.1243418678641319	0.0592423304915428	1	4.29	0.3895625752045492	140.0	-20.2	10.457755284	11.3741573648	-0.1200850778074318	1.0	3.719322035	3.719322035	True
Purg	mmu-miR-122-5p	0.1013792589306831	0.014569526193906	0.0724817067384719	0.1093316674232482	0.0288975521922111	1	0.1278	0.2857694875244731	142.0	-21.91	1.296001404	1.1283040222	0.184632700665707	0.0	0.0	0.0	False
Pus1	mmu-miR-122-5p	0.0858521625399589	0.0026833206657329	0.0632201507687568	0.0990295633673667	0.022632011771202	1	0.4902	0.302260979949447	158.0	-26.18	4.23630058325	6.3388328554	-0.5703344350310571	0.0	0.0	0.0	False
Pwp2	mmu-miR-122-5p	0.0977386206388473	0.0033595044437315	0.064015008509159	0.1121478229761123	0.0337236121296882	1	2.3872000000000004	0.6087435420602013	147.0	-25.29	3.33412373125	2.7397954908	0.2741549833700582	0.0	0.0	0.0	False
Pxk	mmu-miR-122-5p	0.1077825516462326	0.0025266094485869	0.0736477077007293	0.1043673306703567	0.0341348439455032	1	2.9292	0.6245724137359895	153.0	-24.79	16.2927556875	10.4939880066	0.6298126171236119	3.0	4.614837145	3.509027668	True
Pygb	mmu-miR-122-5p	0.1049060851335525	0.0082730737405743	0.0563080534338951	0.1077963709831237	0.0485980316996574	1	1.0716	0.6099125347129702	158.0	-21.29	11.106976229750002	1.3119459998	2.9886402564661942	0.0	0.0	0.0	False
Qrfp	mmu-miR-122-5p	0.057186122238636	0.0034708468192519	0.052866231650114	0.0804320126771926	0.0043198905885219	1	0.0714	0.0750353250142891	152.0	-23.49	0.0417083165	0.0347610218	0.0725211562597455	0.0	0.0	0.0	False
R3hcc1	mmu-miR-122-5p	0.0862242922186851	0.0093627543731406	0.0752363428473472	0.0904897078871727	0.0109879493713378	1	1.5338	0.438730783054939	145.0	-20.82	4.2142159365	4.4007750272	-0.0610750643800955	0.0	0.0	0.0	False
Rab11fip1	mmu-miR-122-5p	0.0764966934919357	0.0079328425639853	0.0619750767946243	0.0771771967411041	0.0145216166973114	2	0.3706	0.1924507729264811	153.0	-26.0	1.7719122307500002	1.4113929341999998	0.3086340088840398	0.0	0.0	0.0	False
Rab29	mmu-miR-122-5p	0.1164520233869552	0.021161254614068	0.0828165337443351	0.1143792644143104	0.03363548964262	1	0.3846	0.355075062486793	157.0	-23.84	6.725499372250001	6.4989901464	0.0486893378951824	0.0	0.0	0.0	False
Rab37	mmu-miR-122-5p	0.0731478855013847	0.0077234216861876	0.0598477944731712	0.0938741490244865	0.0133000910282135	1	0.095	0.21242645786248	146.0	-20.89	0.29929495375	0.1386139028	0.7427767355768796	0.0	0.0	0.0	False
Rab3c	mmu-miR-122-5p	0.0609283655881881	0.0038037089780069	0.0592272952198982	0.0872660726308822	0.0017010703682899	1	0.0	0.0	147.0	-23.88	0.01688146375	0.0314818751999999	-0.1698177866813263	1.0	-4.663147602	-4.663147602	True
Rab5c	mmu-miR-122-5p	0.0689710609614849	0.0088958164829483	0.0543949827551841	0.0756353810429573	0.0145760782063007	1	0.0	0.0	155.0	-20.75	56.0841819075	48.199491502	0.2181560108852222	1.0	0.102387144	0.102387144	True
Rab6b	mmu-miR-122-5p	0.0648999363183975	0.0	0.0648999363183975	0.073128804564476	0.0	1	0.0	0.0	163.0	-23.16	0.02604788075	0.0172446542	0.1044497180979386	0.0	0.0	0.0	False
Rabgap1	mmu-miR-122-5p	0.1226882666349411	0.0033343555368623	0.0837058871984481	0.1111477613449096	0.0389823794364929	1	2.664	0.5451073288812031	146.0	-22.33	4.27490512275	3.785779833	0.1710475693761784	0.0	0.0	0.0	False
Rabl6	mmu-miR-122-5p	0.1047727763652801	0.0061430653659429	0.0767782405018806	0.1141234189271926	0.0279945358633995	1	1.4436	0.4616148827756748	153.0	-21.85	14.1795411775	4.220177509599999	1.7247871273244777	1.0	3.756391289	3.756391289	True
Rad51ap1	mmu-miR-122-5p	0.0854160010814666	0.0038318856470337	0.0777144730091095	0.1092599332332611	0.0077015280723571	1	0.2412	0.3312562452241467	144.0	-20.09	0.42438272875	0.023317788	2.088239252644328	0.0	0.0	0.0	False
Rad54l2	mmu-miR-122-5p	0.0834997668862342	0.0009813158208831	0.05973981320858	0.0823266208171844	0.0237599536776542	1	2.4434	0.383937885601304	155.0	-21.25	3.41928921	3.3162103244	0.042887278013112	0.0	0.0	0.0	False
Ralb	mmu-miR-122-5p	0.0551847591996192	0.0008261430570628	0.0484311953186988	0.0677613094449043	0.0067535638809204	1	2.9058	0.5796759439548962	141.0	-22.77	16.40690755	7.150919255000001	1.186834053640465	1.0	2.056744479	2.056744479	True
Ralgapb	mmu-miR-122-5p	0.0724750593304634	0.0015358033510283	0.0595790520310401	0.0799916237592697	0.0128960072994232	1	2.408	0.4293035056926509	159.0	-23.25	2.106141485	0.9911628292	1.0156589128368023	2.0	5.95576223	4.8564732135	True
Ranbp3l	mmu-miR-122-5p	0.1074414387345314	0.0102723670994743	0.0805847719311714	0.1258350759744644	0.0268566668033599	1	0.0	0.0	156.0	-21.58	0.14291329275	0.5691853005999999	-1.461964315740108	0.0	0.0	0.0	False
Rapgef6	mmu-miR-122-5p	0.0935597345232963	0.0034211343296307	0.073727823793888	0.0995280370116233	0.0198319107294082	1	2.0566000000000004	0.621886484818572	142.0	-20.13	3.91223998175	3.3899231336	0.2012126385226107	1.0	2.658780493	2.658780493	True
Rapgefl1	mmu-miR-122-5p	0.0658847942948341	0.0034024829271908	0.059404294937849	0.0742695406079292	0.006480499356985	1	0.0	0.0	146.0	-20.06	0.1646402795	0.1948858586	-0.1561239755646412	0.0	0.0	0.0	False
Rasgef1c	mmu-miR-122-5p	0.0569231174886226	0.0	0.0569231174886226	0.1136205494403839	0.0	1	0.0	0.0	151.0	-21.24	0.029895013	0.0	0.37734604311621	0.0	0.0	0.0	False
Rasgrp4	mmu-miR-122-5p	0.0768758296966552	0.0059088592180679	0.0680085271596908	0.0765600576996803	0.0088673025369644	1	0.0358	0.0574995652157475	161.0	-24.1	0.10462979225	0.164028054	-0.3676750259000133	0.0	0.0	0.0	False
Rb1	mmu-miR-122-5p	0.1187113046646118	0.0078766223395222	0.0791876837611198	0.1272106766700744	0.0395236209034919	1	2.4166	0.5276199389712258	155.0	-22.12	5.02677960675	2.636691898	0.9056198570974536	0.0	0.0	0.0	False
Rbfox1	mmu-miR-122-5p	0.0638265892863273	0.0034329988837238	0.0622913055121898	0.1031054705381393	0.0015352837741375	1	0.0	0.0	141.0	-21.08	0.0032356445	0.0029386294	0.004156701999356	0.0	0.0	0.0	False
Rbm12b2	mmu-miR-122-5p	0.1559524998068809	0.0288735833253268	0.1080665960907936	0.16733418405056	0.0478859037160873	1	1.5263999999999998	0.7904462663584413	156.0	-20.23	2.95326587275	2.7100055776000005	0.119780228168213	1.0	1.336852398	1.336852398	True
Rbms3	mmu-miR-122-5p	0.0793045580387115	0.0033581657922018	0.0561663284897804	0.0839320421218872	0.0231382295489311	1	1.3544	0.1246607396095498	148.0	-20.37	1.04765457075	0.6189989108	0.6746269844536517	0.0	0.0	0.0	False
Rce1	mmu-miR-122-5p	0.1359112739562988	0.0031998885615893	0.0919434279203414	0.1438505798578262	0.0439678460359573	1	2.5366000000000004	0.4759866594769227	145.0	-20.15	11.04558375175	4.9391105708	1.1452311618255444	1.0	4.546305763	4.546305763	True
Rdh1	mmu-miR-122-5p	0.0803482472896575	0.001926180854302	0.0700459033250808	0.0999184697866439	0.0103023439645767	2	0.0692	0.0798166649265678	164.0	-21.88	0.65008043925	0.9146243456	-0.4358284581885916	0.0	0.0	0.0	False
Rdh14	mmu-miR-122-5p	0.0902197003364563	0.006365365742348	0.0702920481562614	0.0857726633548736	0.0199276521801948	1	0.0	0.0	143.0	-20.84	24.2609238	30.214877208	-0.3154571354612842	0.0	0.0	0.0	False
Rel	mmu-miR-122-5p	0.0719899505376815	0.0010127079106601	0.0502387173473835	0.0801661387085914	0.021751233190298	1	1.5718	0.8883665909972076	152.0	-20.53	0.976129692	0.9748559194	0.0017086731015868	0.0	0.0	0.0	False
Rfc2	mmu-miR-122-5p	0.0699859201908111	0.0042564791073341	0.0598980486392974	0.0826760604977607	0.0100878715515136	1	0.2113999999999999	0.3386292958383843	143.0	-21.88	15.425840475	12.180237357999998	0.3383329232922723	0.0	0.0	0.0	False
Rfx5	mmu-miR-122-5p	0.0967231661081314	0.0030816778823479	0.071512721478939	0.0890458971261978	0.0252104446291923	1	2.4732	0.5842355689274661	140.0	-20.66	2.2743518275	0.9437340686	1.1857795502942323	1.0	2.828705494	2.828705494	True
Rgr	mmu-miR-122-5p	0.0876957982778549	0.0077186034906896	0.0737693160772323	0.0797678008675575	0.0139264822006225	1	0.0	0.0	162.0	-23.54	0.163636847	0.1535661868	0.0561896475225305	0.0	0.0	0.0	False
Rgs1	mmu-miR-122-5p	0.0688467279076576	0.0010159745853821	0.0631084218621254	0.1076786071062088	0.0057383060455322	1	0.0806	0.180227078986483	143.0	-26.99	3.407258688	2.6428384336	0.3546742016576023	0.0	0.0	0.0	False
Rgs2	mmu-miR-122-5p	0.0944099694490432	0.0080055465882544	0.0827812477946281	0.1104617193341255	0.0116287216544151	1	1.0242	0.7835334708868537	142.0	-22.15	5.70498854075	2.487279596	1.165857250967243	0.0	0.0	0.0	False
Rgs4	mmu-miR-122-5p	0.1030085906386375	0.0038200888628284	0.081312246620655	0.0997705832123756	0.0216963440179824	1	1.5324	0.7085056809934553	145.0	-21.94	1.3468261855	1.7423624376	-0.3486652885556172	0.0	0.0	0.0	False
Rgs7bp	mmu-miR-122-5p	0.0947278663516044	0.0044126313208211	0.0768240615725517	0.0886745452880859	0.0179038047790527	1	0.4164	0.4466937429604314	147.0	-20.01	0.1559859195	0.1920252826	-0.1900288213629856	0.0	0.0	0.0	False
Rhou	mmu-miR-122-5p	0.1034013450145721	0.0020500499974542	0.0637731328606605	0.0883400365710258	0.0396282121539115	1	0.2412	0.3312562452241467	147.0	-21.04	36.5224613625	32.14467775	0.1836677051512388	0.0	0.0	0.0	False
Rims3	mmu-miR-122-5p	0.0595005348324775	0.0021008740242633	0.0499703139066696	0.0713879913091659	0.0095302209258079	2	0.2216	0.2438530295075293	146.0	-22.13	0.192420346	0.2574780336	-0.2898108990218747	0.0	0.0	0.0	False
Ripk2	mmu-miR-122-5p	0.1295814394950866	0.0128508669088879	0.1131385192275047	0.1302149891853332	0.0164429202675819	1	1.497	0.3323228851583953	142.0	-20.77	3.8128338495	3.9207456302	-0.0392492174421581	1.0	3.658780493	3.658780493	True
Rlbp1	mmu-miR-122-5p	0.0833311036229133	0.0173397562017809	0.0755765289068222	0.1124571040272712	0.0077545747160911	1	0.0	0.0	145.0	-20.09	0.0	0.0263666135999999	-0.3376153499390792	0.0	0.0	0.0	False
Rlim	mmu-miR-122-5p	0.0935984000563621	0.0035369013618505	0.0544918291270732	0.1084648817777633	0.0391065709292888	2	3.5194	0.4806545537077538	154.0	-24.92	5.04939576875	5.0080041096	0.0116434703199153	1.0	5.667769276	5.667769276	True
Rnase13	mmu-miR-122-5p	0.0991671130061149	0.0124597718121953	0.0806305781006813	0.0619826205074787	0.0185365349054336	1	0.2083999999999999	0.2872112462979121	141.0	-20.04	0.04912026	0.078049445	-0.2558016581352363	0.0	0.0	0.0	False
Rnase6	mmu-miR-122-5p	0.1030217140913009	0.0070764394954628	0.0675411000847816	0.1062753275036811	0.0354806140065193	1	0.3518	0.332560821504879	164.0	-20.57	2.516921645	0.5138212272	2.0919802851958784	0.0	0.0	0.0	False
Rnf169	mmu-miR-122-5p	0.0732282772660255	0.0014995829725364	0.058267917484045	0.0728890225291252	0.0149603597819805	1	2.2164	0.5874268465094185	150.0	-21.12	3.97861156325	4.8664757366	-0.284144348268358	0.0	0.0	0.0	False
Rnf170	mmu-miR-122-5p	0.1214303642511367	0.0052871960623136	0.0648505464196205	0.1118763759732246	0.0565798178315162	1	3.3028	0.4078721613447038	149.0	-20.85	6.42404964725	8.562164259	-0.4089597693899381	0.0	0.0	0.0	False
Rnf38	mmu-miR-122-5p	0.0806935474276542	0.0021681931936071	0.0734249576926231	0.0945717170834541	0.0072685897350311	1	1.7533999999999998	0.5614577455160807	160.0	-20.56	2.4182836535	2.1114564020000004	0.1874439936111968	3.0	3.618887766	2.799907479	True
Ror1	mmu-miR-122-5p	0.1001769602298736	0.0026898214433591	0.0850403532385826	0.1050289422273635	0.015136606991291	1	0.6428	0.4813083211414488	150.0	-22.09	0.70563725675	0.5541527372	0.3005028745327265	2.0	3.658780493	2.609012656	True
Rps27a	mmu-miR-122-5p	0.2286835968494415	0.0052947481419974	0.103863313794136	0.1307233273983001	0.1248202830553054	1	2.2158	0.621794338989991	145.0	-22.1	490.72171025	499.33599542	-0.0251007387714173	0.0	0.0	0.0	False
Rps6ka3	mmu-miR-122-5p	0.091133813560009	0.0041912980963244	0.0617191940546035	0.0925896763801574	0.0294146195054054	1	1.528	0.4495314227059105	147.0	-24.12	4.08236175775	3.1339998124	0.3709982596167439	0.0	0.0	0.0	False
Rragc	mmu-miR-122-5p	0.1123330950736999	0.0009894870772753	0.0584214068949222	0.1057826727628707	0.0539116881787777	1	4.1614	0.6147453131175545	147.0	-24.07	17.3103351	19.046215484	-0.1371152804940734	0.0	0.0	0.0	False
Rrbp1	mmu-miR-122-5p	0.1287648141384124	0.0002845397330872	0.0849801748991012	0.1220387890934944	0.0437846392393112	1	6.1348	0.6460903187635612	144.0	-21.98	45.1529845025	36.473771616	0.3072035331057298	0.0	0.0	0.0	False
Rrm1	mmu-miR-122-5p	0.082693038880825	0.0035056836153895	0.071062833070755	0.1223544999957084	0.01163020581007	1	0.2163999999999999	0.2968876892024996	146.0	-22.34	5.15184992925	4.0716263788	0.3322157397464533	0.0	0.0	0.0	False
Rrp7a	mmu-miR-122-5p	0.0826235443353653	0.0011120743319089	0.0655328705906868	0.0702902302145958	0.0170906737446785	1	0.4941999999999999	0.3965383966276153	153.0	-20.43	6.50553586075	4.7817613846	0.4362738225247108	1.0	1.336852398	1.336852398	True
Rsbn1l	mmu-miR-122-5p	0.1337057918310165	0.001129426946947	0.1121076494455337	0.1204638257622718	0.0215981423854828	1	2.2018	0.7382622840156471	159.0	-25.73	3.85128271375	4.0733140734	-0.0788724237378155	0.0	0.0	0.0	False
Rsf1	mmu-miR-122-5p	0.080423204600811	0.0041449042424582	0.0661726593971252	0.0878444239497184	0.0142505452036857	2	1.1598000000000002	0.3207065636995913	143.0	-22.01	2.224520752	1.8568701516	0.2483852765716533	0.0	0.0	0.0	False
Rsph3a	mmu-miR-122-5p	0.1425065174698829	0.0256259810920932	0.0968244522809982	0.1982199400663375	0.0456820651888847	1	0.174	0.2448826249450948	162.0	-24.45	5.93029591	4.788297223	0.302896789746591	1.0	1.102387144	1.102387144	True
Rsph3b	mmu-miR-122-5p	0.1334332957863807	0.023874201066391	0.0871835574507713	0.1820432841777801	0.0462497383356094	1	0.0924	0.1267213478463672	146.0	-23.14	15.017632805	14.222136132	0.0779855676515067	0.0	0.0	0.0	False
Ryr2	mmu-miR-122-5p	0.0968699306249618	0.0	0.0968699306249618	0.0981608554720878	0.0	1	0.0	0.0	148.0	-25.79	0.00038305675	0.0003863818	-4.778648763277156e-05	0.0	0.0	0.0	False
S100a10	mmu-miR-122-5p	0.0775613099336624	0.0041921281184199	0.0677082166075706	0.1051672399044036	0.0098530933260917	1	0.0	0.0	162.0	-20.24	243.43969975	223.13402426	0.1256000346424106	0.0	0.0	0.0	False
Saa4	mmu-miR-122-5p	0.0986304506659507	0.0001864924887202	0.0655907914042472	0.0908327102661132	0.0330396592617034	1	5.8622	0.4678816089567956	148.0	-20.77	149.365678	269.4103683	-0.8505265412906292	1.0	1.980708588	1.980708588	True
Sacs	mmu-miR-122-5p	0.1755966514348984	0.0250712565392593	0.0676260963082313	0.176508143544197	0.107970555126667	1	0.8922000000000001	0.260270436277346	163.0	-23.9	0.4214348759999999	0.3820309658	0.1133612517304032	1.0	1.336852398	1.336852398	True
Samd11	mmu-miR-122-5p	0.127838996052742	0.0049854440968359	0.0830387026071548	0.1034547984600067	0.0448002934455871	1	0.0514	0.1149338940434892	143.0	-27.26	0.0050624605	0.0100388898	-0.0667662122025687	0.0	0.0	0.0	False
Samd8	mmu-miR-122-5p	0.0866602018475532	0.0012211891733051	0.0673357397317886	0.0834934115409851	0.0193244621157646	1	2.9546	0.2555353204549226	148.0	-20.11	3.2802480915000003	6.2280135936	-0.9046235627331296	2.0	2.546305763	2.215322978	True
Sap30bp	mmu-miR-122-5p	0.0862647637724876	0.0014386982943771	0.0661271661520004	0.0836343467235565	0.0201375976204872	1	2.8376	0.1413658374572866	141.0	-22.24	8.24044328875	9.722736634	-0.2360009543099395	1.0	3.037292116	3.037292116	True
Sars2	mmu-miR-122-5p	0.0946837112307548	0.0048901298935696	0.0670275390148162	0.0976495668292045	0.0276561722159385	1	0.1316	0.1994813274469568	147.0	-22.24	2.840681421	3.2847374436	-0.202893429112163	0.0	0.0	0.0	False
Scaf11	mmu-miR-122-5p	0.0984744414687156	0.0027570052336133	0.083326481282711	0.1075462847948074	0.0151479601860046	1	2.7186	0.2752477066207819	143.0	-23.18	10.01152220575	10.3120218014	-0.042250038315466	0.0	0.0	0.0	False
Scn3a	mmu-miR-122-5p	0.1044710516929626	0.0054719226726043	0.0981228351593017	0.1059431731700897	0.0063482165336608	1	0.0	0.0	141.0	-26.89	0.0462400922499999	0.0244384409999999	0.2329066599717466	0.0	0.0	0.0	False
Scrt1	mmu-miR-122-5p	0.053435880690813	0.0	0.053435880690813	0.069761261343956	0.0	1	0.0	0.0	151.0	-23.43	0.0	0.0030461862	-0.0432911108726606	0.0	0.0	0.0	False
Sdhb	mmu-miR-122-5p	0.0760182008147239	0.0033210952630426	0.0666842386126518	0.0900986790657043	0.0093339622020721	1	0.0	0.0	155.0	-22.76	134.604855725	213.51777392	-0.6652298336986249	0.0	0.0	0.0	False
Sec23ip	mmu-miR-122-5p	0.1216685205698013	0.008691821033398	0.0843188613653183	0.1342723667621612	0.037349659204483	1	0.826	0.1592639318866641	145.0	-22.1	8.45835600375	7.274085131000001	0.2148696204094261	0.0	0.0	0.0	False
Sema3c	mmu-miR-122-5p	0.1154712304472923	0.020206645278717	0.0819690153002739	0.1270630955696106	0.0335022151470184	1	0.4038	0.4304470931485076	147.0	-26.54	0.45974688675	0.1693216666	1.055444301423642	0.0	0.0	0.0	False
Sema3e	mmu-miR-122-5p	0.0846821695566177	0.0041411128617924	0.0758386924862861	0.1042562648653984	0.0088434770703315	1	0.0	0.0	140.0	-20.37	0.17234482425	0.0703208164	0.6771796796851464	0.0	0.0	0.0	False
Sema4f	mmu-miR-122-5p	0.0651909038424491	0.0044604027160344	0.0619682595133781	0.090195320546627	0.003222644329071	1	0.0	0.0	158.0	-23.56	0.01373998125	0.018620427	-0.06061299862954	0.0	0.0	0.0	False
Sema5a	mmu-miR-122-5p	0.0643752545118332	0.0063308595199416	0.0509674064815044	0.0754249691963195	0.0134078480303287	1	0.0	0.0	147.0	-21.91	0.3233295272499999	0.1078221633999999	1.0264316001124745	0.0	0.0	0.0	False
Sepsecs	mmu-miR-122-5p	0.0912182867527008	0.0022362877397305	0.0602807514369487	0.109334610402584	0.030937535315752	1	4.2676	0.7307580310882665	142.0	-21.51	12.11723508	16.979990257999997	-0.4833893307310353	0.0	0.0	0.0	False
Serpina3f	mmu-miR-122-5p	0.1158018350601196	0.0028104956166506	0.0853421315550804	0.1539230942726135	0.0304597035050392	1	1.9036	0.8366554248912751	141.0	-20.68	1.75441674125	2.139670515	-0.2723210126344509	0.0	0.0	0.0	False
Serpini1	mmu-miR-122-5p	0.1242837890982627	0.0044204090452487	0.1123925447463989	0.1181343272328376	0.0118912443518638	1	0.2942	0.2804580182487211	153.0	-20.57	0.399402487	0.1276795192	1.1331984854517791	0.0	0.0	0.0	False
Setbp1	mmu-miR-122-5p	0.0789927780628204	0.005135034322922	0.0657500177621841	0.0852317437529563	0.0132427603006362	1	0.071	0.158760826402485	155.0	-25.88	0.12847128125	0.0719373859999999	0.4101295524932372	0.0	0.0	0.0	False
Setdb2	mmu-miR-122-5p	0.105602316558361	0.0110403523691339	0.0783324539661407	0.1109698563814163	0.0272698625922203	1	1.0106	0.4375960466000578	142.0	-20.33	4.09627252625	6.076100348199999	-0.5575878168963428	0.0	0.0	0.0	False
Sez6l	mmu-miR-122-5p	0.0641853585839271	0.0	0.0641853585839271	0.085768274962902	0.0	1	0.0	0.0	145.0	-21.16	0.00161513775	0.0	0.0231153384296602	0.0	0.0	0.0	False
Sfrp1	mmu-miR-122-5p	0.0841538697481155	0.0061507160950025	0.0725917965173721	0.1051037013530731	0.0115620732307434	1	0.4244	0.4481587888237829	147.0	-23.49	1.093955874	0.283743767	1.6375342960777517	0.0	0.0	0.0	False
Sft2d2	mmu-miR-122-5p	0.0730025991797447	0.0013046484453478	0.0523135811090469	0.0687149763107299	0.0206890180706977	2	3.975	0.5885945123767297	162.0	-23.63	15.36735003	14.078101826	0.125561649277411	0.0	0.0	0.0	False
Sftpa1	mmu-miR-122-5p	0.0985720098018646	0.0069936667902288	0.0809264406561851	0.1126343458890914	0.0176455691456794	1	0.3954	0.5744526090113962	152.0	-23.54	0.21664435475	0.2092787759999999	0.033955525675841	0.0	0.0	0.0	False
Sfxn1	mmu-miR-122-5p	0.1237379267811775	0.0056717788786238	0.0680259764194488	0.1098627224564552	0.0557119503617286	1	5.343999999999999	0.5680488535328628	142.0	-20.52	27.01054025	36.938978022	-0.4501904293453419	1.0	4.49731707	4.49731707	True
Sfxn2	mmu-miR-122-5p	0.1006515517830848	0.0016888602476136	0.0745495781302452	0.1117834001779556	0.0261019736528396	1	4.1836	0.521712372864589	150.0	-21.2	10.4613447585	17.493837656	-0.7362766626471291	0.0	0.0	0.0	False
Sfxn5	mmu-miR-122-5p	0.085465233027935	0.0034551054934614	0.0594994239509105	0.0800996869802475	0.0259658090770244	1	2.9346	0.6876912824807364	142.0	-21.83	6.5327501385	6.513238445400001	0.0042502593228209	0.0	0.0	0.0	False
Sgk1	mmu-miR-122-5p	0.16402607858181	0.0034684501671132	0.0921262204647064	0.1552707850933075	0.0718998581171035	1	3.8116	0.7298207314128587	140.0	-21.3	24.7929822475	8.1319023944	1.596441298070579	0.0	0.0	0.0	False
Sgms2	mmu-miR-122-5p	0.0995548993349075	0.0022075767825776	0.0630251616239547	0.0869992896914482	0.0365297377109527	1	3.043	0.4859907406525354	146.0	-21.3	9.46486637725	12.339782464	-0.379144537965396	0.0	0.0	0.0	False
Sh3bgrl2	mmu-miR-122-5p	0.0923016473650932	0.0009563882687239	0.0680590793490409	0.0767621621489524	0.0242425680160522	1	3.6298	0.6837391315406776	140.0	-23.17	19.09844651	14.292968661999998	0.4156253865453114	0.0	0.0	0.0	False
Sh3bp4	mmu-miR-122-5p	0.0927660509943962	0.0087759904234763	0.0792494192719459	0.0968478769063949	0.0135166317224502	1	0.0941999999999999	0.2106376034804801	142.0	-21.15	0.73744474425	0.1544757575999999	1.7184657767802831	0.0	0.0	0.0	False
Sh3bp5l	mmu-miR-122-5p	0.0710201069712638	0.0076510016621657	0.0613076947629451	0.0751490592956543	0.0097124122083187	1	0.0622	0.1390834282004869	144.0	-22.46	5.40437737425	5.5420908876	-0.0356505232036502	0.0	0.0	0.0	False
Sh3glb1	mmu-miR-122-5p	0.1078669026494026	0.0053547502063029	0.0636736005544662	0.123761847615242	0.0441933020949363	2	1.2018	0.393131911703947	150.0	-20.44	19.7254145075	17.920387294	0.1377210120742054	1.0	4.584779911	4.584779911	True
Sh3rf3	mmu-miR-122-5p	0.0573401570320129	0.0022649818886393	0.055800300091505	0.0736385956406593	0.0015398569405078	1	0.0	0.0	148.0	-22.99	0.13125178075	0.0792660296	0.3673623475966995	0.0	0.0	0.0	False
Shc3	mmu-miR-122-5p	0.0539411440491676	0.0009139228750921	0.053532425314188	0.0651642084121704	0.0004087187349796	1	0.0	0.0	146.0	-21.16	0.0	0.0	0.0	0.0	0.0	0.0	False
Shisa5	mmu-miR-122-5p	0.1061798378825187	0.0007296991132378	0.0647924840450286	0.1044599711894989	0.04138735383749	1	3.8726	0.5632089310371419	143.0	-20.65	10.244268522	13.445680642	-0.3890012567680282	1.0	-0.511144509	-0.511144509	True
Shisa6	mmu-miR-122-5p	0.0506509356200695	0.0	0.0506509356200695	0.0713226273655891	0.0	1	0.0	0.0	142.0	-20.73	0.007464957	0.0016313648	0.0805205855684393	2.0	-3.663147602	-4.4556288525	True
Shisa9	mmu-miR-122-5p	0.0836973056197166	0.0050417428719741	0.0758711844682693	0.0908417180180549	0.0078261211514472	1	0.0	0.0	150.0	-21.39	0.11080771275	0.0216643907999999	0.7930206750115245	0.0	0.0	0.0	False
Shroom1	mmu-miR-122-5p	0.1240479066967964	0.0021460847700049	0.0895049571990966	0.1213633716106414	0.0345429494976997	1	0.6399999999999999	0.4789796446614406	151.0	-20.7	1.1872399975	2.2460581836	-0.8659577337663116	0.0	0.0	0.0	False
Shroom2	mmu-miR-122-5p	0.1251698687672615	0.0021984147516974	0.0716201066970825	0.1142037883400917	0.0535497620701789	1	2.8267999999999995	0.7138828335238213	157.0	-20.38	2.27819456825	1.6537631953999998	0.4394127929449192	1.0	2.073817992	2.073817992	True
Sirt6	mmu-miR-122-5p	0.0914585649967193	0.0042979312730298	0.098661683499813	0.1065801084041595	-0.0072031185030937	1	0.7776	0.575450519158685	159.0	-22.77	1.57694842225	0.5808715622	1.3003837338834916	1.0	2.424315239	2.424315239	True
Sis	mmu-miR-122-5p	0.1090636700391769	0.0	0.1090636700391769	0.1970056444406509	0.0	1	0.0	0.0	176.0	-23.0	0.01259045875	0.0114255452	0.0150045543264158	0.0	0.0	0.0	False
Six3	mmu-miR-122-5p	0.0668055713176727	0.0	0.0668055713176727	0.0784545540809631	0.0	1	0.0	0.0	153.0	-22.38	0.0	0.018204801	-0.2412886331315932	0.0	0.0	0.0	False
Slc10a7	mmu-miR-122-5p	0.0854939818382263	0.0056470046615509	0.0770889371633529	0.0946087315678596	0.0084050446748733	1	0.9962	0.5738150398865474	148.0	-21.54	3.49228975825	2.6458099616	0.3876719446770733	0.0	0.0	0.0	False
Slc11a1	mmu-miR-122-5p	0.1101439759135246	0.0053406722963505	0.0853300020098686	0.1260530054569244	0.024813973903656	1	2.3682000000000003	0.830214851710086	160.0	-30.41	5.86561740825	2.0289724114	1.486514202030041	1.0	4.506777399	4.506777399	True
Slc11a2	mmu-miR-122-5p	0.1010843575000763	0.0117080737941496	0.0814335793256759	0.1201348379254341	0.0196507781744003	1	1.1946	0.8183060552140623	142.0	-24.05	5.5204874	7.1778607542	-0.3728192044984219	2.0	4.506777399	3.124010026	True
Slc13a5	mmu-miR-122-5p	0.0998850911855697	0.0126137132850788	0.0728537142276763	0.1049970388412475	0.0270313769578933	1	0.3436	0.4955444480568821	155.0	-25.53	0.8057667119999999	0.4861905547999999	0.6277697973228161	1.0	-1.663147602	-1.663147602	True
Slc17a3	mmu-miR-122-5p	0.1111690282821655	0.0036988305973566	0.0836343914270401	0.1052877679467201	0.0275346368551254	1	1.565	0.7610374498012564	165.0	-23.75	37.7026903275	26.214767684	0.5226162530034536	0.0	0.0	0.0	False
Slc18b1	mmu-miR-122-5p	0.1125875726342201	0.0070937288373118	0.071359671652317	0.116253562271595	0.041227900981903	1	1.161	0.2517866160064907	147.0	-20.37	6.1109242115	1.4141366758	2.036312525260011	2.0	4.230861702	2.1112893070000003	True
Slc20a1	mmu-miR-122-5p	0.1099810719490051	0.0022715915661327	0.0901983901858329	0.1303208470344543	0.0197826817631721	1	3.5687999999999995	0.8590993539748474	160.0	-26.3	10.849824518999998	10.681868745600005	0.0223004975342163	0.0	0.0	0.0	False
Slc24a2	mmu-miR-122-5p	0.0633253216743469	0.002045895223523	0.062410369515419	0.0733297318220138	0.0009149521589279	1	0.0	0.0	151.0	-22.43	0.001413089	0.0010835552	0.0046955563201894	0.0	0.0	0.0	False
Slc25a23	mmu-miR-122-5p	0.0951150581240654	0.0007342976928108	0.0644181072711944	0.0798323154449462	0.0306969508528709	1	6.475	0.4010411450213059	147.0	-27.5	45.59451328	56.149381448	-0.2998162860625769	0.0	0.0	0.0	False
Slc25a25	mmu-miR-122-5p	0.0913393139839172	0.0014307056488758	0.0630536079406738	0.0842196643352508	0.0282857060432434	1	6.6452	0.6141703346792322	145.0	-24.73	46.2826379325	42.110924446	0.1359684475309455	0.0	0.0	0.0	False
Slc25a28	mmu-miR-122-5p	0.1363240912556648	0.0096550927176799	0.102643072605133	0.141436755657196	0.0336810186505317	1	3.3836	0.2298136201359701	157.0	-21.3	11.896300865	9.1575341978	0.3738897313890783	1.0	4.037292116	4.037292116	True
Slc25a34	mmu-miR-122-5p	0.1158262878656387	0.0027574211375346	0.0700920075178146	0.0939115360379219	0.045734280347824	2	1.7018	0.5757053934088163	160.0	-23.72	7.6957027125	2.6725141272000004	1.4914842631873055	2.0	4.445376855	4.243368816	True
Slc25a40	mmu-miR-122-5p	0.1348760962486267	0.0096576476176481	0.0660947486758232	0.1507668197154998	0.0687813475728034	1	2.1342000000000003	0.5095956240000497	150.0	-20.47	1.33928765575	2.1667746886	-0.6552860404944052	0.0	0.0	0.0	False
Slc28a3	mmu-miR-122-5p	0.0640833392739295	0.0056823394204773	0.0615421198308467	0.0974602922797203	0.0025412194430828	1	0.0	0.0	150.0	-20.38	0.03521567625	0.0516518599999999	-0.1655007722440114	0.0	0.0	0.0	False
Slc29a3	mmu-miR-122-5p	0.0870717018842697	0.0025205416828977	0.0625900328159332	0.0915434807538986	0.0244816690683364	1	1.0888	0.3426641212616226	145.0	-22.81	3.04720171125	1.3065688064	1.161889519177408	1.0	2.929807689	2.929807689	True
Slc2a3	mmu-miR-122-5p	0.0858355313539505	0.0094834053506748	0.0695263221859932	0.0928726345300674	0.0163092091679573	1	0.0	0.0	146.0	-21.98	0.24978045075	0.0549157026	1.174966272886078	1.0	-0.525644078	-0.525644078	True
Slc2a7	mmu-miR-122-5p	0.0826104268431663	0.0055657210536718	0.0801213607192039	0.1045146510004997	0.0024890661239624	1	0.0	0.0	141.0	-21.82	0.0	0.008037904	-0.1115375560837479	0.0	0.0	0.0	False
Slc30a2	mmu-miR-122-5p	0.0721714958548545	0.0040516657273387	0.0680812671780586	0.0949705317616462	0.0040902286767959	1	0.1133999999999999	0.2535701086484761	168.0	-21.52	0.01884010975	0.0320457035999999	-0.1520155183543851	0.0	0.0	0.0	False
Slc35f1	mmu-miR-122-5p	0.0772802263498306	0.0081567646610513	0.0710088983178138	0.0912453010678291	0.0062713280320167	1	0.0	0.0	145.0	-21.34	0.0207234035	0.0403850252	-0.2176836674999544	1.0	-3.833072604	-3.833072604	True
Slc35g2	mmu-miR-122-5p	0.087429666519165	0.0093168917602667	0.0698610097169876	0.0953373238444328	0.0175686568021774	1	0.071	0.158760826402485	140.0	-20.31	0.742819499	0.426811852	0.6779358887968365	0.0	0.0	0.0	False
Slc38a9	mmu-miR-122-5p	0.068016941845417	0.0015907287118053	0.0564676336944103	0.0660967230796814	0.0115493081510067	1	0.611	0.5151494928659058	160.0	-23.88	1.92621513925	1.417990689	0.4166244229621503	3.0	1.921814899	1.670627530333333	True
Slc39a3	mmu-miR-122-5p	0.0828054323792457	0.0008299564491994	0.0614048168063163	0.0769241005182266	0.0214006155729293	1	0.9926	0.5898057307283475	150.0	-23.08	2.5013966145	1.6432107272	0.5775393929166046	2.0	2.126929328	1.404066477	True
Slc39a9	mmu-miR-122-5p	0.094369451701641	0.0031798780614222	0.0531298890709877	0.0849959254264831	0.0412395626306533	1	3.623	0.5321160587691373	140.0	-20.69	13.7243998775	13.429031822000002	0.031158254439939	0.0	0.0	0.0	False
Slc4a1	mmu-miR-122-5p	0.0765445455908775	0.0027913200588546	0.0674311965703964	0.0958557948470115	0.0091133490204811	1	0.0	0.0	157.0	-21.0	0.128864634	0.0630578416	0.4891107200285257	0.0	0.0	0.0	False
Slc4a10	mmu-miR-122-5p	0.1248893544077873	0.0068510804933405	0.1099520698189735	0.1457651555538177	0.0149372845888137	1	0.4008	0.4233222177018352	142.0	-20.37	0.05796225225	0.0585250359999999	-0.0051308612456156	0.0	0.0	0.0	False
Slc4a3	mmu-miR-122-5p	0.0607243821024894	0.0003464797834669	0.0605694316327571	0.0750102698802948	0.0001549504697322	1	0.0	0.0	151.0	-24.45	0.205430171	0.0289690392	1.243817813127338	0.0	0.0	0.0	False
Slc4a4	mmu-miR-122-5p	0.1070621103048324	0.0041610216736896	0.0928534790873527	0.0961857661604881	0.0142086312174797	1	4.3736	1.191185669826497	148.0	-23.74	21.76138264	19.67972659	0.1443621640178086	0.0	0.0	0.0	False
Slc6a19	mmu-miR-122-5p	0.0567185275256633	0.0003674597273687	0.0565541945397853	0.1107049062848091	0.0001643329858779	1	0.0	0.0	151.0	-21.18	0.36236731125	0.0174147706	1.9774254961239504	0.0	0.0	0.0	False
Slc6a2	mmu-miR-122-5p	0.0621277391910553	0.0	0.0621277391910553	0.0742469429969787	0.0	1	0.0	0.0	147.0	-24.45	0.01535384025	0.016204076	-0.0105946402745844	0.0	0.0	0.0	False
Slc7a1	mmu-miR-122-5p	0.0672009028494358	0.00388363599048	0.0552551224827766	0.0715344622731208	0.0119457803666591	2	0.093	0.2079543219074804	163.0	-27.55	0.749468354	0.1984158858	1.5092358646886097	0.0	0.0	0.0	False
Slc7a4	mmu-miR-122-5p	0.0579166486859321	0.0023284840976882	0.0529698766767978	0.0727924332022667	0.0049467720091342	1	0.0346	0.0773679520214927	142.0	-23.83	0.5564657934999999	0.0691194096	1.956677593126761	0.0	0.0	0.0	False
Slc9a6	mmu-miR-122-5p	0.0919039830565452	0.0018857397251465	0.0926103442907333	0.1296190768480301	-0.000706361234188	1	1.8536	0.6047183641994016	166.0	-21.86	2.4348225725	2.5611249402	-0.0701514788437747	1.0	3.742844757	3.742844757	True
Slco5a1	mmu-miR-122-5p	0.0629897564649581	0.0	0.0629897564649581	0.0906377658247947	0.0	1	0.0	0.0	158.0	-22.35	0.0301928425	0.012739495	0.2076571266125864	0.0	0.0	0.0	False
Slitrk2	mmu-miR-122-5p	0.0708485394716262	0.0	0.0708485394716262	0.1084907948970794	0.0	1	0.0	0.0	147.0	-20.67	0.0151114105	0.0374136342	-0.255494306936527	0.0	0.0	0.0	False
Slitrk5	mmu-miR-122-5p	0.0756731107831001	0.0	0.0756731107831001	0.1050858348608017	0.0	1	0.0	0.0	151.0	-20.46	0.0	0.0	0.0	0.0	0.0	0.0	False
Slx1b	mmu-miR-122-5p	0.0930166214704513	0.0070100122788104	0.0738742873072624	0.0917380079627037	0.0191423341631889	1	2.1054	0.6336405132249674	146.0	-20.15	1.74463864675	2.006623679	-0.1915943894440205	0.0	0.0	0.0	False
Smap1	mmu-miR-122-5p	0.1361168622970581	0.0028161141528125	0.1066186353564262	0.1335587054491043	0.0294982269406318	1	4.204	0.3834442593128758	151.0	-20.86	17.269896009999997	13.273841206	0.3771752242289174	1.0	1.10490567	1.10490567	True
Smcr8	mmu-miR-122-5p	0.080376574397087	0.0052955690017468	0.0655813738703727	0.0872515588998794	0.0147952005267143	1	2.2288	0.4427834685260958	149.0	-20.7	4.09763638125	4.6484435848	-0.1778775142486425	0.0	0.0	0.0	False
Smpd3	mmu-miR-122-5p	0.0807173937559127	0.0029053886430215	0.0687738135457038	0.0739335715770721	0.0119435802102088	1	0.7238	0.5757192892373852	146.0	-23.06	6.28884309	0.7143734656	2.9717922469289944	1.0	0.114459976	0.114459976	True
Smurf2	mmu-miR-122-5p	0.0814359724521636	0.0015666519725024	0.0854001492261886	0.104445606470108	-0.0039641767740249	1	4.1384	0.464561406059522	141.0	-20.73	14.424126515	12.60477354	0.1930807422832357	0.0	0.0	0.0	False
Smyd5	mmu-miR-122-5p	0.0847092047333717	0.0021168009442573	0.0648852512240409	0.0692993551492691	0.0198239535093307	1	1.2218	0.9025185316656936	161.0	-24.29	4.34752202525	3.4684262316	0.3177138014642985	1.0	1.921814899	1.921814899	True
Snd1	mmu-miR-122-5p	0.1538059175014496	0.0009098904116894	0.102639190852642	0.1537714302539825	0.0511667266488075	1	5.247400000000001	0.3076951413331057	142.0	-21.5	30.7108910875	31.908742446	-0.0550255902091162	0.0	0.0	0.0	False
Sned1	mmu-miR-122-5p	0.0707763656973838	0.0011593031731708	0.0578667037189006	0.0747248828411102	0.0129096619784832	2	1.5352	0.6719662937975386	159.0	-23.13	0.847555211	1.0605614339999998	-0.2925409813148696	2.0	4.961343263	4.247296437	True
Snn	mmu-miR-122-5p	0.0893248111009597	0.0071252624004538	0.0605981051921844	0.0896497666835784	0.0287267059087753	1	0.8484	0.2595318862876005	154.0	-23.4	1.48722248175	0.5949857106	1.1914491451967142	0.0	0.0	0.0	False
Snrnp40	mmu-miR-122-5p	0.1377854734659195	0.003867033852785	0.0947401076555252	0.1387152671813964	0.0430453658103942	1	2.6140000000000003	0.561236135686219	145.0	-21.89	6.3488614595	5.360508855000001	0.2400090769820233	0.0	0.0	0.0	False
Snrpn	mmu-miR-122-5p	0.0913216367363929	0.0107814279646012	0.0697206258773803	0.1170532554388046	0.0216010108590126	1	0.0	0.0	150.0	-21.51	5.2955063655	4.5062964694000005	0.2281510937280689	0.0	0.0	0.0	False
Socs1	mmu-miR-122-5p	0.0663829296827316	0.0043022279705751	0.0616834461688995	0.0917353257536888	0.004699483513832	1	0.0	0.0	160.0	-23.06	0.58075668	0.2921883239999999	0.7955926488411268	0.0	0.0	0.0	False
Sod1	mmu-miR-122-5p	0.08105428814888	0.0122776735898505	0.048239815980196	0.0998472869396209	0.032814472168684	1	2.3056	0.7336254493949892	144.0	-23.85	1088.690959225	1421.3568334	-0.3846432955348027	0.0	0.0	0.0	False
Sost	mmu-miR-122-5p	0.0717015609145164	0.0046262236865274	0.0683650746941566	0.0928442254662513	0.0033364862203597	1	0.0	0.0	151.0	-23.8	0.044911727	0.0164497098	0.315467305632912	0.0	0.0	0.0	False
Sowahb	mmu-miR-122-5p	0.1184930592775344	0.0025884564374292	0.0477631166577339	0.1216741204261779	0.0707299426198005	1	1.068	0.6704916106857713	154.0	-21.17	4.01756336775	2.2660462150000003	0.7993125991388355	2.0	3.14420732	3.070076513	True
Sp100	mmu-miR-122-5p	0.1024314731359481	0.0032481960692777	0.0954954326152801	0.113321878015995	0.006936040520668	1	2.185	0.7883841068920656	158.0	-21.43	3.462275442	2.4117779618	0.5040901353810271	1.0	-0.315224299	-0.315224299	True
Sp4	mmu-miR-122-5p	0.1117318302392959	0.0089855139062707	0.0909652188420295	0.0954043939709663	0.0207666113972663	1	1.6182	0.796099051626115	147.0	-22.12	1.93213537175	2.0401152224	-0.0746919612838248	0.0	0.0	0.0	False
Sp9	mmu-miR-122-5p	0.0758262053132057	0.0	0.0758262053132057	0.0847701355814933	0.0	1	0.0	0.0	147.0	-22.89	0.0401494605	0.0339127454	0.0656729123426449	0.0	0.0	0.0	False
Spag9	mmu-miR-122-5p	0.125720402598381	0.0013821806353463	0.079983003437519	0.1214838325977325	0.0457373991608619	1	4.050400000000001	0.7093181937607409	149.0	-26.01	9.14619227075	10.0518002318	-0.1348043168191641	0.0	0.0	0.0	False
Spata13	mmu-miR-122-5p	0.0825617879629135	0.0011802993051405	0.0613969266414642	0.0799820944666862	0.0211648613214492	1	2.2632000000000003	0.2626570006681716	161.0	-22.93	3.2090669045	2.7996078838	0.1905666444593383	0.0	0.0	0.0	False
Spata2	mmu-miR-122-5p	0.0794134601950645	0.001746388663192	0.0654590651392936	0.0903670787811279	0.0139543950557708	2	1.4127999999999998	0.6578006536938072	146.0	-22.66	3.650993258	2.6941829284	0.4248461963201104	1.0	4.881172914	4.881172914	True
Spata2l	mmu-miR-122-5p	0.1042930081486702	0.0022739780683267	0.0667349472641944	0.1029611378908157	0.0375580608844757	1	4.0374	1.0497684506594775	155.0	-22.11	3.329252253	7.623145067599999	-1.1712944388292756	2.0	2.921814899	2.598633376	True
Spats2l	mmu-miR-122-5p	0.1080517262220382	0.0138339214432639	0.0782888680696487	0.1231815069913864	0.0297628581523895	1	0.4303999999999999	0.3438463319565878	150.0	-25.99	3.3025462115	0.1133585077999999	3.995263210609019	0.0	0.0	0.0	False
Specc1l	mmu-miR-122-5p	0.0890111297369003	0.0011473631601172	0.0564529187977314	0.0938396453857421	0.0325582109391689	1	2.3474	0.5831434643378934	144.0	-21.35	3.89832121625	2.1981011940000004	0.7989520530081452	0.0	0.0	0.0	False
Spin4	mmu-miR-122-5p	0.1381653577089309	0.0065006104984939	0.0699298456311225	0.1371258497238159	0.0682355120778083	1	1.1298	0.5686824245569754	141.0	-24.32	0.3900843345	0.3533118868	0.1125260396258462	0.0	0.0	0.0	False
Spire2	mmu-miR-122-5p	0.0617169603705406	0.0006322671698606	0.0614342018961906	0.078268751502037	0.0002827584743499	1	0.0	0.0	155.0	-23.84	1.41516420575	0.054948745	3.289611179039444	0.0	0.0	0.0	False
Spred1	mmu-miR-122-5p	0.1128124415874481	0.0041650501659925	0.0767369046807289	0.0982066988945007	0.0360755369067192	1	2.5226	0.7171950920077464	151.0	-23.7	4.5799529987500005	4.4953730844	0.026312046443595	0.0	0.0	0.0	False
Sprr2a1	mmu-miR-122-5p	0.0904519706964492	0.0	0.0904519706964492	0.1241322457790374	0.0	1	0.0	0.0	140.0	-20.58	0.0133106725	0.0	0.1802837520471092	0.0	0.0	0.0	False
Sprr2a2	mmu-miR-122-5p	0.0902399569749832	0.0	0.0902399569749832	0.1232588216662406	0.0	1	0.0	0.0	140.0	-20.58	0.0560156447499999	0.0	0.6416907051871977	0.0	0.0	0.0	False
Sprr2a3	mmu-miR-122-5p	0.077067069709301	0.0	0.077067069709301	0.1312289237976074	0.0	1	0.0	0.0	140.0	-20.58	0.0	8.172339999999999e-05	-0.0011785379339767	0.0	0.0	0.0	False
Srek1	mmu-miR-122-5p	0.07779081761837	0.0065026349479649	0.0641352236270904	0.0847998410463333	0.0136555939912796	1	2.5996	0.8728770245572969	162.0	-25.87	5.76777928825	5.665664006599999	0.0253278398336437	0.0	0.0	0.0	False
Ssb	mmu-miR-122-5p	0.1205031871795654	0.0033651497782362	0.0982528626918792	0.1410203129053115	0.0222503244876861	1	1.2584	0.5876247101679779	151.0	-22.51	35.00447625	38.603737212	-0.1408178754318359	0.0	0.0	0.0	False
Ssh1	mmu-miR-122-5p	0.0662610456347465	0.0015078578005601	0.0591457411646842	0.0735352858901023	0.0071153044700622	1	0.8061999999999999	0.4573627663026364	169.0	-23.29	1.128490775	0.7998380051999999	0.4491498178249057	2.0	2.538486259	2.038486259	True
Sspn	mmu-miR-122-5p	0.0772633306682109	0.0099485631540611	0.0681133642792701	0.0835995376110076	0.0091499663889408	1	0.5558	0.5049432641396456	150.0	-22.67	0.4464346272499999	0.2795034215999999	0.5259360162579247	0.0	0.0	0.0	False
Sspo	mmu-miR-122-5p	0.0999112993478775	0.0141769673118701	0.0849725678563118	0.112898513674736	0.0149387314915657	1	0.0464	0.1037535541559902	143.0	-20.22	0.05591466675	0.0245281272	0.3242850064226457	0.0	0.0	0.0	False
Ssr1	mmu-miR-122-5p	0.0651723884046077	0.0027859256409986	0.0696142613887786	0.0704010277986526	-0.0044418729841709	2	3.346	0.1866145760652153	145.0	-23.53	13.37280476	12.775508568	0.0654208031699496	1.0	1.658780493	1.658780493	True
Sst	mmu-miR-122-5p	0.1093359559774398	0.0106435538700977	0.1045760139822959	0.1281244158744812	0.0047599419951438	1	0.0	0.0	157.0	-23.13	0.0	0.025145868	-0.3236106576717101	0.0	0.0	0.0	False
St6galnac2	mmu-miR-122-5p	0.0981436371803283	0.0020855258202862	0.0756212249398231	0.0970764756202697	0.0225224122405052	1	0.0	0.0	151.0	-20.01	5.2989069355	0.6347222962	2.877396387274267	0.0	0.0	0.0	False
Star	mmu-miR-122-5p	0.1087926238775253	0.0051494544629307	0.0678955093026161	0.105326235294342	0.0408971145749092	1	0.9469999999999998	1.1200841486245576	143.0	-22.17	1.04936210125	1.264595794	-0.2476402906578627	0.0	0.0	0.0	False
Stard6	mmu-miR-122-5p	0.0786765858530998	0.0016098962825872	0.0706214532256126	0.0883191525936126	0.0080551326274871	1	0.0	0.0	149.0	-22.44	0.1727921822499999	0.1918789943999999	-0.0975680885956321	0.0	0.0	0.0	False
Stard7	mmu-miR-122-5p	0.1203967779874801	0.0021162953111371	0.0926409736275672	0.1057717874646186	0.0277558043599128	1	5.5238	0.5638880207984561	140.0	-20.24	26.14087384	45.731614456	-0.804527343176861	0.0	0.0	0.0	False
Steap3	mmu-miR-122-5p	0.0754726603627204	0.0015939365177167	0.0633478686213493	0.0752767175436019	0.0121247917413711	1	0.0	0.0	154.0	-22.66	10.0916432595	6.206385623	0.692501388817125	0.0	0.0	0.0	False
Stk32a	mmu-miR-122-5p	0.0681423172354698	0.0021678549246407	0.0668857395648956	0.0942532420158386	0.0012565776705741	1	0.0	0.0	140.0	-22.55	0.02446762125	0.0261794839999999	-0.0197068647493719	0.0	0.0	0.0	False
Strip2	mmu-miR-122-5p	0.0747731804847717	0.0089678064383311	0.0643774941563606	0.106945514678955	0.0103956863284111	1	0.0	0.0	146.0	-20.71	0.0937896515	0.0405404956	0.463505640724937	0.0	0.0	0.0	False
Strn	mmu-miR-122-5p	0.0990224629640579	0.0013643759788319	0.0648552179336547	0.0970213413238525	0.0341672450304031	1	2.2366	0.6225068674319988	153.0	-20.76	2.77238739975	2.588120178	0.0956527007572325	1.0	3.447276387	3.447276387	True
Stt3a	mmu-miR-122-5p	0.0987875148653984	0.0012388621205369	0.0858141034841537	0.1260383278131485	0.0129734113812446	1	5.541	0.3881475235010523	152.0	-21.11	26.3303971525	22.608443954	0.2189692516502666	0.0	0.0	0.0	False
Stx19	mmu-miR-122-5p	0.0903871953487396	0.0047684931814067	0.0882546603679657	0.1463833004236221	0.0021325349807739	1	0.0	0.0	140.0	-22.12	0.06858318225	0.0664462104	0.0184045971459705	0.0	0.0	0.0	False
Stx3	mmu-miR-122-5p	0.1253968492150306	0.0024561498316162	0.1054307371377945	0.1259663254022598	0.0199661120772361	1	3.1728	0.5898522696404583	142.0	-24.69	3.5504960930000005	4.7437088294	-0.4080196068446396	0.0	0.0	0.0	False
Stx7	mmu-miR-122-5p	0.0977121517062187	0.0093903804614622	0.0820984691381454	0.1058818325400352	0.0156136825680732	2	1.6382	0.2464197638177588	146.0	-23.33	16.579347615000003	12.915962048	0.3577809117513577	0.0	0.0	0.0	False
Stxbp4	mmu-miR-122-5p	0.0721132233738899	0.0058352798882343	0.0579896457493305	0.0872184559702873	0.0141235776245594	1	0.35	0.4842411589280696	159.0	-25.63	1.04991092525	0.627403714	0.6606939139343716	0.0	0.0	0.0	False
Sufu	mmu-miR-122-5p	0.0755435079336166	0.0028727076881129	0.0507369861006736	0.0690703392028808	0.0248065218329429	1	1.0074	0.3567321123756592	154.0	-20.26	1.56483635625	0.7202025398	1.02132825955218	0.0	0.0	0.0	False
Sult4a1	mmu-miR-122-5p	0.0802181854844093	0.0050311814713025	0.0779681727290153	0.1023906543850898	0.0022500127553939	1	0.0	0.0	159.0	-21.71	0.1429062115	0.0052448454	1.206649806634325	0.0	0.0	0.0	False
Sumf2	mmu-miR-122-5p	0.0817896336317062	0.0045865043297607	0.0705153793096542	0.0870215892791748	0.011274254322052	1	0.1562	0.2768089593925746	143.0	-22.21	6.393339328	3.4299092518000003	0.8793295088459968	0.0	0.0	0.0	False
Susd5	mmu-miR-122-5p	0.0754832357168197	0.0001495302060637	0.0754163637757301	0.1107187196612358	6.68719410896329e-05	1	0.0	0.0	152.0	-20.63	0.0	0.0034463734	-0.0488830684019173	0.0	0.0	0.0	False
Syce1l	mmu-miR-122-5p	0.0910815149545669	0.0	0.0910815149545669	0.171303778886795	0.0	1	0.0	0.0	153.0	-22.02	0.0	0.0	0.0	0.0	0.0	0.0	False
Syf2	mmu-miR-122-5p	0.1506756424903869	0.0015032679620182	0.0923344418406486	0.1407831907272339	0.0583412006497383	1	2.6792	0.5053762954472638	152.0	-22.9	37.9222258325	38.34387374999999	-0.0159107245817281	1.0	1.751889897	1.751889897	True
Synb	mmu-miR-122-5p	0.0674719661474227	0.0	0.0674719661474227	0.0777552351355552	0.0	2	0.0	0.0	145.0	-23.0	0.059610631	0.0141701548	0.4833711813445339	0.0	0.0	0.0	False
Synj2bp	mmu-miR-122-5p	0.0772077679634094	0.0060778875860978	0.0630547702312469	0.0737742483615875	0.0141529977321624	1	0.6968000000000001	0.4563230215538111	144.0	-21.88	24.7783127625	33.927596336	-0.4518165990801537	0.0	0.0	0.0	False
Synpr	mmu-miR-122-5p	0.0724254101514816	0.0	0.0724254101514816	0.1280952841043472	0.0	1	0.0	0.0	150.0	-21.44	0.00307596	0.0095057228	-0.0872983695894407	0.0	0.0	0.0	False
Syt11	mmu-miR-122-5p	0.0907310783863067	0.0047062530817119	0.0651098042726516	0.0962067395448684	0.025621274113655	1	1.1949999999999998	0.480166637741524	150.0	-23.72	0.54184929775	0.4018567112	0.3549590927254551	0.0	0.0	0.0	False
Syt2	mmu-miR-122-5p	0.051989472657442	0.0014057909199666	0.0509699657559394	0.0704438090324401	0.0010195069015026	2	0.0506	0.1131450396614893	158.0	-23.26	0.06484418825	0.0587585408	0.0542688169751213	0.0	0.0	0.0	False
Syt7	mmu-miR-122-5p	0.0660748094320297	0.0035922144428075	0.0553299747407436	0.0695091411471366	0.010744834691286	2	0.1068	0.1462573075097446	145.0	-21.53	0.19767970475	0.1258461226	0.3984207193291163	1.0	-3.36358732	-3.36358732	True
Tac4	mmu-miR-122-5p	0.0797967389225959	0.0	0.0797967389225959	0.1261297613382339	0.0	1	0.0	0.0	151.0	-23.85	0.0229008905	0.0	0.2974953690488948	0.0	0.0	0.0	False
Tada2a	mmu-miR-122-5p	0.1165358290076255	0.0081292632523057	0.0719184651970863	0.0953126922249794	0.0446173638105392	1	2.0218	0.6709938151726885	143.0	-22.97	2.582404121	2.9026182674	-0.1626944673823051	0.0	0.0	0.0	False
Taf1a	mmu-miR-122-5p	0.0966337516903877	0.0042377580557597	0.0680065974593162	0.1034162640571594	0.0286271542310714	1	0.9186000000000002	0.6480735297788361	142.0	-25.14	2.307375347	2.7548387348000003	-0.2459481546017247	0.0	0.0	0.0	False
Taf4b	mmu-miR-122-5p	0.0774115622043609	0.0030364351978745	0.0642334520816803	0.0895701944828033	0.0131781101226806	1	0.0	0.0	156.0	-20.8	0.72747447575	0.8042012306	-0.1279290698544486	1.0	2.178154652	2.178154652	True
Tax1bp1	mmu-miR-122-5p	0.1070166528224945	0.003191924116768	0.0968675538897514	0.1063164845108985	0.010149098932743	1	0.3856	0.454151186280516	154.0	-21.17	78.755514435	77.998208866	0.0139221860375268	0.0	0.0	0.0	False
Tbc1d16	mmu-miR-122-5p	0.0603219181299209	0.0047051383250405	0.0586791448295116	0.0719507038593292	0.0016427733004093	2	2.3408	0.5874020769455961	162.0	-24.06	3.04728095275	3.5823856422000007	-0.226534751077702	2.0	4.105036723	3.8574538075	True
Tbc1d22b	mmu-miR-122-5p	0.0741142824292182	0.0043251237280034	0.0646572932600975	0.0822716280817985	0.0094569891691207	1	0.4614	0.4133422310870255	150.0	-20.95	2.902417287	0.9246728418	1.5509611433036563	2.0	4.729169821	3.693975157	True
Tbcb	mmu-miR-122-5p	0.1356457680463791	0.0033412077888776	0.0976115614175796	0.1321346759796142	0.0380342066287994	1	0.0	0.0	146.0	-21.78	13.891301585	8.463478221	0.7082613809579791	0.0	0.0	0.0	False
Tbp	mmu-miR-122-5p	0.0848745748400688	0.0058786733003576	0.0642247572541236	0.071624219417572	0.0206498175859451	1	0.3163999999999999	0.2285766829753201	141.0	-21.1	3.38512229	2.6026353030000005	0.3668424340064168	1.0	4.424315239	4.424315239	True
Tcam1	mmu-miR-122-5p	0.0744076073169708	0.0	0.0744076073169708	0.1022868826985359	0.0	1	0.0	0.0	147.0	-20.64	0.00955854175	0.0	0.1317019686728654	0.0	0.0	0.0	False
Tdg	mmu-miR-122-5p	0.0855031698942184	0.006251152184221	0.0719571188092231	0.0905647128820419	0.0135460510849952	1	0.0524	0.1171699620209889	141.0	-20.22	4.9534598235	4.748842548	0.0596310521872256	1.0	3.229937194	3.229937194	True
Tdrd1	mmu-miR-122-5p	0.0734613016247749	0.0	0.0734613016247749	0.1099550575017929	0.0	1	0.0	0.0	144.0	-24.23	0.00259888925	0.0	0.0370151122101625	0.0	0.0	0.0	False
Tead1	mmu-miR-122-5p	0.0698005154728889	0.0021383129005498	0.0565604530274868	0.0668534860014915	0.0132400624454021	1	1.3944	0.6251978086973754	142.0	-20.68	1.816507732	1.0846745928	0.6939889854783935	1.0	1.735401774	1.735401774	True
Tecpr1	mmu-miR-122-5p	0.0985472857952118	0.0049908721482439	0.0602068491280078	0.0927508175373077	0.0383404366672039	1	0.5034000000000001	0.6036806274844341	162.0	-25.26	4.3700591565	1.2311969638	1.747569875986176	1.0	5.881172914	5.881172914	True
Tenm4	mmu-miR-122-5p	0.0701927050948143	0.0034017621413431	0.0645477399230003	0.070431038737297	0.0056449651718139	1	0.0	0.0	151.0	-27.44	0.04462845	0.0134458392	0.3503476771903481	0.0	0.0	0.0	False
Tet1	mmu-miR-122-5p	0.068300612270832	0.0048711616392722	0.0565223805606365	0.072303257882595	0.0117782317101955	2	0.0	0.0	150.0	-22.51	0.04940456375	0.0387118594	0.1071330791968371	0.0	0.0	0.0	False
Tex261	mmu-miR-122-5p	0.0895674154162406	0.0012465399401012	0.0713497027754783	0.0885962918400764	0.0182177126407623	1	3.7768	0.5336081895923263	142.0	-20.86	27.856938845	21.09620977	0.3994000906401502	1.0	3.460234813	3.460234813	True
Tfdp2	mmu-miR-122-5p	0.0716524317860603	0.0020690670630973	0.0633784458041191	0.0873727798461914	0.0082739859819412	2	1.722	0.2833866616480035	148.0	-24.76	4.04179579675	2.8363974802	0.4962091567795361	4.0	5.222209832	3.755957035	True
Tgfb1i1	mmu-miR-122-5p	0.0779725760221481	0.0008521139208407	0.0774493515491485	0.09109728038311	0.0005232244729995	1	0.157	0.351062672467467	150.0	-23.24	0.98266338525	0.5913743588	0.6470457551226338	1.0	2.211321516	2.211321516	True
Tgm6	mmu-miR-122-5p	0.08136647939682	0.0	0.08136647939682	0.099781297147274	0.0	1	0.0	0.0	148.0	-21.12	0.00536082975	0.0	0.0753386124334933	0.0	0.0	0.0	False
Tgoln1	mmu-miR-122-5p	0.0585745081305503	0.0015852155332579	0.0584525130689144	0.0690057650208473	0.0001219950616359	1	7.0542	1.0750993907541753	144.0	-20.27	82.170703235	83.38937666000001	-0.0212138626704442	2.0	4.465385768	2.7801326875	True
Thap7	mmu-miR-122-5p	0.0918016418814659	0.004599500726814	0.0696204528212547	0.0839031636714935	0.0221811890602111	1	0.4814	0.5168740659000024	158.0	-20.64	6.82659452925	5.9785232682	0.1884253491976751	0.0	0.0	0.0	False
Thbs2	mmu-miR-122-5p	0.0934739366173744	0.0053582987897919	0.0889888852834701	0.1098490729928016	0.0044850513339042	1	0.9258	0.683355471186117	145.0	-21.85	1.6039213415	0.5744293434000001	1.3371195254128403	1.0	1.921814899	1.921814899	True
Thg1l	mmu-miR-122-5p	0.090476569533348	0.0198213485032158	0.0702842995524406	0.1138193979859352	0.0201922699809074	1	0.5835999999999999	0.5344055576058317	156.0	-20.06	3.46063685875	2.8125881826	0.2898335760213275	0.0	0.0	0.0	False
Thsd7a	mmu-miR-122-5p	0.0887650787830352	0.0093267195885624	0.0683597847819328	0.0859336405992508	0.0204052940011024	1	0.0514	0.1149338940434892	149.0	-22.86	0.04504775025	0.024887814	0.2158952069003865	0.0	0.0	0.0	False
Tial1	mmu-miR-122-5p	0.1194003745913505	0.0033664615414158	0.1040678992867469	0.1441258192062378	0.0153324753046035	1	5.012600000000001	0.5280537851393549	144.0	-22.39	8.865028353	12.777445316999998	-0.5224663628765285	0.0	0.0	0.0	False
Timm17a	mmu-miR-122-5p	0.0773372009396553	0.0041635581525654	0.0625899732112884	0.0769559368491172	0.0147472277283668	1	4.083600000000001	0.6625438098722227	157.0	-20.82	27.8975146375	23.607443238	0.2399586818564099	1.0	6.00927774	6.00927774	True
Tktl1	mmu-miR-122-5p	0.1365652829408645	0.0	0.1365652829408645	0.1552613079547882	0.0	1	0.0	0.0	143.0	-21.34	0.0	0.0049618678	-0.0698652981042803	0.0	0.0	0.0	False
Tktl2	mmu-miR-122-5p	0.0583312287926673	0.0	0.0583312287926673	0.1147629097104072	0.0	1	0.0	0.0	147.0	-24.76	0.0	0.0	0.0	0.0	0.0	0.0	False
Tma16	mmu-miR-122-5p	0.0863396272063255	0.006187236491957	0.0712909325957298	0.1005812734365463	0.0150486946105957	1	0.1153999999999999	0.158816875677618	148.0	-22.0	4.1288264125000005	5.4059400658	-0.3807315648105751	1.0	4.796284016	4.796284016	True
Tmc3	mmu-miR-122-5p	0.0791597560048103	0.006709152279573	0.0670368745923042	0.097757302224636	0.0121228814125061	1	0.2264	0.3142790161623903	151.0	-21.66	0.2579289965	0.135995818	0.6009121296071216	0.0	0.0	0.0	False
Tmcc3	mmu-miR-122-5p	0.0796087116003036	0.0008257265347526	0.0590229630470275	0.0862960591912269	0.020585748553276	1	2.2108000000000003	0.4528219296809729	145.0	-20.86	4.22038428325	3.294059609	0.3481477380469601	1.0	4.0917399	4.0917399	True
Tmco5	mmu-miR-122-5p	0.0865609869360923	0.0	0.0865609869360923	0.0902279838919639	0.0	1	0.0	0.0	150.0	-23.78	0.0	0.0	0.0	0.0	0.0	0.0	False
Tmed8	mmu-miR-122-5p	0.0758211910724639	0.0025721079137661	0.0598750822246074	0.0715956538915634	0.0159461088478565	2	0.6033999999999999	0.4260203046804225	149.0	-22.25	1.228176281	1.0794213022	0.1713674829474442	1.0	1.658780493	1.658780493	True
Tmem150c	mmu-miR-122-5p	0.077657164633274	0.0043731882395904	0.068212904036045	0.0821867808699607	0.0094442605972289	1	0.1156	0.2584894581989757	141.0	-20.19	0.4001664125	0.0832457834	1.4486281785501294	0.0	0.0	0.0	False
Tmem163	mmu-miR-122-5p	0.0716453179717064	0.0016604342964611	0.0628364458680152	0.0792004242539405	0.0088088721036911	1	0.1278	0.2857694875244731	148.0	-21.63	0.0527593285	0.0660972954	-0.1207680984773946	0.0	0.0	0.0	False
Tmem167b	mmu-miR-122-5p	0.0966254740953445	0.0074974155770203	0.0745568051934242	0.1025861278176307	0.0220686689019203	1	2.2008	0.5129144178125624	141.0	-22.03	11.6990908955	9.6868820022	0.2697544954487929	0.0	0.0	0.0	False
Tmem175	mmu-miR-122-5p	0.0941036447882652	0.0027308470958556	0.0605972371995449	0.1082873493432998	0.0335064075887203	2	3.0246000000000004	0.3198910752115476	164.0	-23.56	3.726510355	2.7806653174	0.4096272493073541	1.0	2.796284016	2.796284016	True
Tmem182	mmu-miR-122-5p	0.074730384349823	0.005752452837508	0.0706859156489372	0.0997422188520431	0.0040444687008857	1	0.0	0.0	159.0	-23.61	0.0	0.0090646062	-0.1251829921814756	0.0	0.0	0.0	False
Tmem184b	mmu-miR-122-5p	0.0782019481062889	0.0024310045740358	0.0649657770991325	0.0691053494811058	0.0132361710071563	1	2.524	0.5762460412011522	145.0	-21.02	7.95468667375	4.7125002886	0.7430418421647814	1.0	0.751889897	0.751889897	True
Tmem220	mmu-miR-122-5p	0.101965457201004	0.0088447447705879	0.0673967748880386	0.1022077202796936	0.0345686823129653	1	1.0842	0.5705284392560989	145.0	-22.44	9.05293685075	12.702594854	-0.4841296158691459	0.0	0.0	0.0	False
Tmem222	mmu-miR-122-5p	0.1093147039413452	0.0015516462704932	0.070348173379898	0.0985783040523529	0.0389665305614471	1	3.4774000000000003	0.7958277451810787	142.0	-21.78	11.6190561225	10.6008060396	0.1311369048273795	1.0	0.336852398	0.336852398	True
Tmem229b	mmu-miR-122-5p	0.078157202899456	0.0050850768001231	0.0684476643800735	0.0865498185157775	0.0097095385193824	1	0.3292	0.3159441406324859	143.0	-21.01	0.734146954	0.2190945996	1.386317377219479	0.0	0.0	0.0	False
Tmem231	mmu-miR-122-5p	0.0865294188261032	0.0150342384798651	0.0639825314283371	0.0953086540102958	0.0225468873977661	1	0.1278	0.2857694875244731	140.0	-22.95	1.10960241825	0.1569466262	2.23499231464138	0.0	0.0	0.0	False
Tmem26	mmu-miR-122-5p	0.070319052785635	0.012637493222611	0.0508605577051639	0.1094673126935958	0.019458495080471	1	0.0	0.0	147.0	-22.47	0.399801431	0.2120799134	0.6794395289268147	0.0	0.0	0.0	False
Tmem50b	mmu-miR-122-5p	0.1120964765548706	0.003186539535543	0.0862307548522949	0.0936360284686088	0.0258657217025756	1	2.2174000000000005	0.4808687970746282	156.0	-20.18	13.09507889	3.687224296	1.8007872046140156	2.0	2.488855491	2.120372694	True
Tmem52b	mmu-miR-122-5p	0.0676076933741569	0.0	0.0676076933741569	0.1067146733403205	0.0	1	0.0	0.0	147.0	-27.6	0.0143621272499999	0.0283883547999999	-0.1669049908240368	0.0	0.0	0.0	False
Tmem72	mmu-miR-122-5p	0.0590735770761966	0.0021319566858322	0.0568064637482166	0.0692119002342224	0.00226711332798	1	0.0	0.0	158.0	-22.64	0.058470291	0.0378460018	0.2011549756153792	0.0	0.0	0.0	False
Tmem87a	mmu-miR-122-5p	0.1136182188987731	0.0129554224722283	0.084266796708107	0.1630296409130096	0.0293514221906661	1	2.7112	0.8683597756690485	159.0	-20.95	5.23604653	3.0621818492	0.7548509109105583	1.0	2.336852398	2.336852398	True
Tmsb15l	mmu-miR-122-5p	0.2363198578357696	0.009470454005426	0.1423540413379669	0.1939022243022918	0.0939658164978027	1	0.3026	0.0923081794858938	155.0	-20.3	5.38321783975	3.5515557864	0.5865115193939388	0.0	0.0	0.0	False
Tmtc1	mmu-miR-122-5p	0.0735947072505951	0.0030894943414348	0.063495747745037	0.0695569813251495	0.010098959505558	1	0.5708	0.5720936986193782	144.0	-20.25	0.192549333475	0.112306042542	0.4625344981713762	0.0	0.0	0.0	False
Tmtc2	mmu-miR-122-5p	0.1161964312195777	0.0025080060978123	0.0723707750439643	0.1367202699184417	0.0438256561756134	1	2.5938	1.0341405610457413	143.0	-20.64	1.9852256925	3.0601958126	-0.5998104127897284	0.0	0.0	0.0	False
Tmtc4	mmu-miR-122-5p	0.1798654645681381	0.0144519425024984	0.1226329356431961	0.1784977614879608	0.057232528924942	1	1.9474	0.2078528325522652	144.0	-21.76	2.24830555975	1.7649926572	0.3324501927030765	1.0	3.243742993	3.243742993	True
Tnfrsf8	mmu-miR-122-5p	0.0697892129421234	0.0024034730555057	0.0680531784892082	0.0857522785663604	0.0017360344529151	1	0.0	0.0	159.0	-23.27	0.00383746375	0.01270165	-0.1181815865560953	0.0	0.0	0.0	False
Tnfsf15	mmu-miR-122-5p	0.0773148417472839	0.005888369652368	0.0710161924362182	0.0968196988105773	0.0062986493110656	1	0.0	0.0	140.0	-20.89	0.01446354625	0.046346315	-0.3544982096263628	0.0	0.0	0.0	False
Tnpo1	mmu-miR-122-5p	0.1140589073300361	0.0025167150501436	0.0627570673823356	0.0999940782785415	0.0513018399477005	2	2.0516	0.3783877640727828	158.0	-25.54	16.783191600000002	18.502212954	-0.1398866002176235	1.0	5.445376855	5.445376855	True
Tnpo2	mmu-miR-122-5p	0.0954905241727828	0.0021764524126647	0.0768941044807434	0.0968436151742935	0.0185964196920394	1	3.3206	0.4365390016940068	145.0	-23.3	7.0774601965	7.3169616172	-0.047354878273145	0.0	0.0	0.0	False
Tnr	mmu-miR-122-5p	0.0671635463833808	0.0014367688001719	0.0665210038423538	0.073024183511734	0.000642542541027	2	0.0	0.0	141.0	-21.13	0.0212304005	0.0213438333999999	-0.001349270213913	0.0	0.0	0.0	False
Tomm40l	mmu-miR-122-5p	0.0726753279566764	0.0008854800009785	0.0597068257629871	0.079574167728424	0.0129685021936893	1	6.652200000000001	1.1544482231785018	150.0	-22.91	3.61266591375	4.535601056599999	-0.3203009128995754	0.0	0.0	0.0	False
Tor1a	mmu-miR-122-5p	0.0649334982037544	0.0007980432347416	0.0582548007369041	0.053104069083929	0.0066786974668502	1	0.5353999999999999	0.2357589871033551	170.0	-26.96	31.4490277975	29.753652908	0.0796880771841538	0.0	0.0	0.0	False
Tox	mmu-miR-122-5p	0.126001825928688	0.0098171996514575	0.0854466259479522	0.0939642339944839	0.0405551999807357	1	2.0104	1.0766558410188467	156.0	-22.74	1.7033478842499998	1.9759625032000003	-0.2031026511952256	0.0	0.0	0.0	False
Tpcn1	mmu-miR-122-5p	0.0883166000247001	0.0012880803740811	0.0671032518148422	0.080867238342762	0.0212133482098579	1	1.0951999999999995	0.3123446814018129	144.0	-22.31	10.43176154	7.2228681454	0.5242660371754255	0.0	0.0	0.0	False
Tpd52	mmu-miR-122-5p	0.075698584318161	0.0043884726452115	0.0607278570532798	0.086228147149086	0.0149707272648811	1	0.3734	0.375113716091534	158.0	-26.01	17.1769145475	6.854642228	1.3127973879144248	2.0	3.830841238	2.751161423333333	True
Tpm3	mmu-miR-122-5p	0.0896943017840385	0.0009840325871887	0.0657559111714363	0.0909569039940834	0.0239383906126022	1	5.232799999999999	0.5405295551586426	150.0	-20.67	56.26989446	32.641650228	0.7837978287322006	1.0	1.891441249	1.891441249	True
Tpm3-rs7	mmu-miR-122-5p	0.1264285951852798	0.0032358794033067	0.0702903792262077	0.10574771463871	0.0561382159590721	1	3.216	0.555899721172803	150.0	-20.67	0.124673087	0.0534390788	0.5501613542042861	1.0	1.336852398	1.336852398	True
Tpra1	mmu-miR-122-5p	0.0755374819040298	0.0019005164613393	0.0697048753499984	0.0923140794038772	0.0058326065540313	1	0.0	0.0	145.0	-22.1	8.81093219225	4.9525553638	0.8185631380050986	1.0	1.658780493	1.658780493	True
Traf7	mmu-miR-122-5p	0.0812111020088195	0.0121846951653097	0.0683782696723938	0.0831649079918861	0.0128328323364257	1	0.1278	0.2857694875244731	148.0	-20.02	4.56446962475	1.026073485	2.050412070733105	2.0	4.15703136	3.65061934	True
Tram2	mmu-miR-122-5p	0.0549190692603588	0.0007296604365057	0.0543596148490905	0.0775395631790161	0.0005594544112682	1	1.9654	0.6416442160574659	141.0	-21.4	2.252173152	2.7757558736	-0.2899469427456676	0.0	0.0	0.0	False
Trank1	mmu-miR-122-5p	0.0864433571696281	0.0	0.0864433571696281	0.1148115396499633	0.0	1	0.0	0.0	146.0	-20.29	0.00621953075	0.0097273356	-0.0468739178843451	0.0	0.0	0.0	False
Trappc10	mmu-miR-122-5p	0.0910193845629692	0.0007151716324373	0.062349148094654	0.1048245877027511	0.0286702364683151	1	0.0622	0.1390834282004869	149.0	-20.18	6.373431760000001	4.9784400162	0.3501453296273191	0.0	0.0	0.0	False
Tril	mmu-miR-122-5p	0.065067595988512	0.0055574062800285	0.0548765659332275	0.0897315293550491	0.0101910300552845	1	0.103	0.2303150016824783	146.0	-21.01	0.25806033175	0.0885063464	0.9255896011858398	1.0	-3.248110103	-3.248110103	True
Trim14	mmu-miR-122-5p	0.1063595667481422	0.0010712054477611	0.0633509159088134	0.097337007522583	0.0430086508393287	1	4.0418	0.3090229764920402	147.0	-23.21	6.2282042762500005	8.093396713599999	-0.3726654987585201	0.0	0.0	0.0	False
Trim16	mmu-miR-122-5p	0.0917383879423141	0.0071895503539513	0.0740968137979507	0.1123738288879394	0.0176415741443634	1	0.2784	0.4021259752863523	147.0	-20.01	0.09390623275	0.0523584912	0.3478892707663275	0.0	0.0	0.0	False
Trim24	mmu-miR-122-5p	0.1040694415569305	0.008385479598583	0.0809136182069778	0.10299052298069	0.0231558233499526	1	0.3844	0.4535595881469159	143.0	-21.63	6.682687873000001	6.188094300200001	0.1092342508106588	0.0	0.0	0.0	False
Trim56	mmu-miR-122-5p	0.0537127412855625	0.0044477412466723	0.0595519207417964	0.0715901181101799	-0.0058391794562339	1	2.0438	0.7150913927603939	154.0	-22.77	3.21414796825	3.4711382400000006	-0.1077459655808458	1.0	5.336852398	5.336852398	True
Trim67	mmu-miR-122-5p	0.0551250308752059	0.0013849861736052	0.0545056462287902	0.0705724656581878	0.0006193846464157	1	0.0	0.0	143.0	-23.43	0.02496990125	0.0269371929999999	-0.0225341788222791	0.0	0.0	0.0	False
Triobp	mmu-miR-122-5p	0.070281682908535	0.0018137813022353	0.0636131912469863	0.0895292609930038	0.0066684916615486	1	0.056	0.1252198067399882	150.0	-21.78	8.1521447935	4.3252095094	0.8990233747024888	0.0	0.0	0.0	False
Trmt112	mmu-miR-122-5p	0.0709185570478439	0.0068055091444467	0.0596281960606575	0.07953492552042	0.0112903609871864	1	3.6052	0.6004233506451928	141.0	-21.58	11.8568261015	13.841587761	-0.2215603923950422	0.0	0.0	0.0	False
Trp53inp2	mmu-miR-122-5p	0.0804302543401718	0.0020604903288616	0.0559677630662918	0.074350968003273	0.02446249127388	1	5.9352	0.4246265417987904	158.0	-20.33	62.2207197425	63.979224512	-0.0401447931367301	3.0	5.698796172	3.7256797553333336	True
Trpc5	mmu-miR-122-5p	0.0681183189153671	0.0	0.0681183189153671	0.0961993336677551	0.0	1	0.0	0.0	155.0	-22.52	0.002997278	0.0	0.0426062105367247	0.0	0.0	0.0	False
Trpm1	mmu-miR-122-5p	0.0896047875285148	0.0	0.0896047875285148	0.1103206127882003	0.0	1	0.0	0.0	147.0	-22.3	0.0	0.0	0.0	0.0	0.0	0.0	False
Trpm8	mmu-miR-122-5p	0.0932884663343429	0.0	0.0932884663343429	0.104217991232872	0.0	1	0.0	0.0	148.0	-21.24	0.01813121875	0.0032335718	0.1944780638596156	0.0	0.0	0.0	False
Trub2	mmu-miR-122-5p	0.1022056564688682	0.0056140734831162	0.0765754655003547	0.1173027828335762	0.0256301909685134	1	3.0574	0.4590515221628177	142.0	-20.39	2.399606595	3.4002149892	-0.4857424859337503	1.0	2.921814899	2.921814899	True
Tsc22d2	mmu-miR-122-5p	0.0774138092994689	0.0030102693158075	0.0622628331184387	0.1122347265481948	0.0151509761810302	1	1.863	0.8045256366331653	140.0	-20.14	3.663149694	4.2785846824	-0.2185239343556599	0.0	0.0	0.0	False
Tshr	mmu-miR-122-5p	0.0704290345311164	0.0	0.0704290345311164	0.1157691702246666	0.0	1	0.0	0.0	141.0	-20.32	0.0106451894999999	0.01477885	-0.052916096120043	0.0	0.0	0.0	False
Tshz3	mmu-miR-122-5p	0.1020925641059875	0.0050754635629679	0.0818818286061286	0.1551193445920944	0.0202107354998588	1	0.438	0.2523251870107302	154.0	-27.57	0.186116592	0.1406277215999999	0.2498003042002914	0.0	0.0	0.0	False
Tspan15	mmu-miR-122-5p	0.0717485427856445	0.0031010961545729	0.0684074908494949	0.0939650982618331	0.0033410519361496	1	1.1008	0.560728276440559	146.0	-20.99	1.8846334905	1.4984068028000002	0.3122379758663045	0.0	0.0	0.0	False
Tspan3	mmu-miR-122-5p	0.0810847148299217	0.0001035968027209	0.0713149160146713	0.1076287031173706	0.0097697988152503	1	0.0	0.0	148.0	-20.18	10.215123181249998	3.6713751586	1.4515984744947192	0.0	0.0	0.0	False
Tspan9	mmu-miR-122-5p	0.067038744688034	0.0026165175179399	0.0642628446221351	0.0745354369282722	0.0027759000658988	1	2.5796	0.457902609732681	149.0	-21.94	9.66644046075	6.521864404	0.5605953751917425	0.0	0.0	0.0	False
Tspear	mmu-miR-122-5p	0.0824363753199577	0.0	0.0824363753199577	0.1318651884794235	0.0	1	0.0	0.0	142.0	-21.71	0.04428524675	0.0276976498	0.1761918176345414	0.0	0.0	0.0	False
Ttc12	mmu-miR-122-5p	0.0702338814735412	0.0079190312536814	0.0641310662031173	0.1162945553660392	0.0061028152704238	1	0.0	0.0	146.0	-20.99	0.2294733024999999	0.0676292934	0.9748872835873862	0.0	0.0	0.0	False
Ttc28	mmu-miR-122-5p	0.0855988383293151	0.0068566483465954	0.0636941641569137	0.0766419693827629	0.0219046741724014	1	0.1278	0.2857694875244731	160.0	-21.08	0.2108707745	0.1264152772	0.4573436865807163	0.0	0.0	0.0	False
Ttc39c	mmu-miR-122-5p	0.1020354747772216	0.0031788930416415	0.0757298097014427	0.0968941003084182	0.0263056650757789	1	3.43	0.6128421493337415	147.0	-24.49	51.6010662975	62.24787084999999	-0.2701462581498111	0.0	0.0	0.0	False
Tubb4a	mmu-miR-122-5p	0.0990119352936744	0.0165298146590478	0.0728685930371284	0.1212812587618827	0.026143342256546	1	0.2065999999999999	0.2096396908984555	154.0	-23.06	0.589760614	0.1392010136	1.5278722489816745	1.0	-5.617343913	-5.617343913	True
Tulp1	mmu-miR-122-5p	0.1610625386238098	0.0	0.1610625386238098	0.1525907665491104	0.0	1	0.0	0.0	146.0	-22.68	0.0391921075	0.0641325582	-0.2377840383279176	0.0	0.0	0.0	False
Tulp3	mmu-miR-122-5p	0.0833442762494087	0.0030034722300544	0.0696116983890533	0.1031956896185875	0.0137325778603553	1	0.6382	0.6038349940174054	151.0	-20.18	0.64503189525	0.3517866095999999	0.7216606778568043	0.0	0.0	0.0	False
Twf1	mmu-miR-122-5p	0.1039024010300636	0.0041520450818311	0.0809175446629524	0.1189050823450088	0.0229848563671112	1	4.820200000000001	0.783024392978916	142.0	-20.91	32.3033706675	26.285465922000004	0.2964004338489502	0.0	0.0	0.0	False
Txlna	mmu-miR-122-5p	0.0837140172719955	0.0013534997757688	0.0539436414837837	0.0797054916620254	0.0297703757882118	1	2.6798	0.3922845905716919	145.0	-22.05	4.61061295525	4.0727397904	0.1749198408919319	2.0	4.109441902	2.345703399	True
Txnrd3	mmu-miR-122-5p	0.1175988256931304	0.0022116445649129	0.0738421753048896	0.1251619607210159	0.0437566503882408	1	1.4312	0.3968194803685927	144.0	-20.49	1.7396818355	3.0466652732	-0.7743674395911964	0.0	0.0	0.0	False
Uba2	mmu-miR-122-5p	0.2804553508758545	0.002153301183569	0.0925311222672462	0.1853951215744018	0.1879242286086082	1	4.6792	0.4876153196937108	145.0	-20.69	16.1524758025	15.446613994	0.0640591062914981	0.0	0.0	0.0	False
Ubash3b	mmu-miR-122-5p	0.083727017045021	0.0135199621891123	0.0698767155408859	0.0894824191927909	0.0138503015041351	1	0.3656	0.3646481866127953	158.0	-20.7	0.32279441875	0.1879949121999999	0.5539130071988605	0.0	0.0	0.0	False
Ube2i	mmu-miR-122-5p	0.1146949484944343	0.002817382699486	0.0703724026679992	0.0923922881484031	0.044322545826435	1	3.1612	0.6688521510767532	143.0	-24.73	36.639819985	30.028785468	0.2862020405376181	0.0	0.0	0.0	False
Ube2q2	mmu-miR-122-5p	0.1747866183519363	0.0012936831544911	0.1103740856051445	0.1617362350225448	0.0644125327467918	1	4.373600000000001	0.471178628547603	154.0	-20.76	11.1001988325	12.44924746	-0.1640765086805643	2.0	4.999817411	4.012362901	True
Ube2ql1	mmu-miR-122-5p	0.0977619856595993	0.0103145506862839	0.0865916311740875	0.0992412343621254	0.0111703544855117	1	0.1744	0.254639549167053	148.0	-22.61	0.06928936175	0.0785231612	-0.076619942242141	0.0	0.0	0.0	False
Ubox5	mmu-miR-122-5p	0.0594496585428714	0.0008607766691039	0.0515363551676273	0.071896918118	0.0079133033752441	1	0.0	0.0	150.0	-21.35	1.59303262825	1.4001908918	0.1744636890852178	0.0	0.0	0.0	False
Ubqln4	mmu-miR-122-5p	0.0713907077908515	0.0007221392978773	0.0642034113407135	0.0827616974711418	0.007187296450138	1	0.0	0.0	165.0	-20.94	11.0908891925	9.4411440854	0.230090496524276	0.0	0.0	0.0	False
Ubtfl1	mmu-miR-122-5p	0.0706100612878799	0.0	0.0706100612878799	0.1033855304121971	0.0	1	0.0	0.0	153.0	-23.42	0.035000676	0.0228069312	0.1365746429782586	0.0	0.0	0.0	False
Ubxn6	mmu-miR-122-5p	0.1051118910312652	0.0067746188890408	0.0678685903549194	0.0896690115332603	0.0372433006763458	1	0.3838	0.3807002758076227	149.0	-23.0	11.67180793	11.854001996	-0.0221577803419767	1.0	2.658780493	2.658780493	True
Ufsp2	mmu-miR-122-5p	0.1487278610467911	0.0160607539778952	0.0918019115924835	0.1031717285513877	0.0569259494543075	2	0.6012	0.4368795028380251	152.0	-28.39	25.0473248875	30.219445899999997	-0.2698384501886842	0.0	0.0	0.0	False
Ugt8a	mmu-miR-122-5p	0.1340903386473655	0.011022051272467	0.1194922104477882	0.1477320194244384	0.0145981281995773	1	0.0	0.0	171.0	-20.49	0.33531874975	0.0587365672	1.455437648688012	0.0	0.0	0.0	False
Unc13a	mmu-miR-122-5p	0.058750269562006	0.0030856484473875	0.0525282770395278	0.06723602861166	0.0062219925224781	2	1.208	0.3839453086052751	160.0	-21.15	0.2182357375	0.1964360128	0.1023751323105208	0.0	0.0	0.0	False
Unc5c	mmu-miR-122-5p	0.0631651997566223	0.00247267956158	0.0620593838393688	0.0798020884394645	0.0011058159172534	1	0.0	0.0	154.0	-23.67	0.0209584225	0.0114736714	0.1178082246597666	0.0	0.0	0.0	False
Upk2	mmu-miR-122-5p	0.0863368064165115	0.0	0.0863368064165115	0.1365285962820053	0.0	1	0.0	0.0	144.0	-20.59	0.0	0.0	0.0	0.0	0.0	0.0	False
Urb2	mmu-miR-122-5p	0.0714008718729019	0.0017335820009334	0.068205751478672	0.1073488444089889	0.0031951203942298	1	2.1664	0.46177137200134	152.0	-21.23	1.5465045095	1.3518248704	0.1815390277036231	0.0	0.0	0.0	False
Urod	mmu-miR-122-5p	0.0957584589719772	0.0106862856468923	0.0598368309438228	0.0989551544189453	0.0359216280281543	1	0.067	0.1498165544924859	144.0	-25.46	37.929845305	40.52972359	-0.0954034792433612	0.0	0.0	0.0	False
Usp14	mmu-miR-122-5p	0.0724509313702583	0.0050985124688251	0.0709005817770958	0.1114397495985031	0.0015503495931625	1	4.526400000000001	0.5364525142079213	150.0	-20.63	16.88848251	21.440535094	-0.3424970986183271	0.0	0.0	0.0	False
Usp20	mmu-miR-122-5p	0.0901825845241546	0.0019255874809329	0.071074366569519	0.0882919058203697	0.0191082179546356	1	1.3401999999999998	0.5521853855364156	143.0	-21.12	1.237834332	0.4476770912	1.2885020336160016	0.0	0.0	0.0	False
Usp29	mmu-miR-122-5p	0.0697228237986564	0.0001177029331105	0.0697754621505737	0.0906583070755004	-5.2638351917266846e-05	1	0.0	0.0	143.0	-20.26	0.0432856645	0.0662704898	-0.2146378598696154	0.0	0.0	0.0	False
Usp43	mmu-miR-122-5p	0.0877271980047225	0.0080864578796055	0.0825546011328697	0.1428242325782776	0.0051725968718528	1	0.0	0.0	141.0	-22.05	0.18743670125	0.0045677924	1.4588057235465826	0.0	0.0	0.0	False
Usp46	mmu-miR-122-5p	0.0814079850912094	0.0042966254078226	0.0660931468009948	0.0870289504528045	0.0153148382902145	1	1.6491999999999998	0.5528794624509034	147.0	-22.34	3.974623517	4.1042805266	-0.045192170155451	1.0	2.13040152	2.13040152	True
Uvssa	mmu-miR-122-5p	0.0898055776953697	0.0055948818411735	0.0664842948317527	0.0954797491431236	0.0233212828636169	1	0.844	0.2692656680678025	144.0	-21.21	0.51619298775	0.4484742828	0.1679582884218199	0.0	0.0	0.0	False
Uxs1	mmu-miR-122-5p	0.1373662203550338	0.0124323016679379	0.1025143787264823	0.1151609048247337	0.0348518416285514	1	0.396	0.34744999640236	151.0	-20.29	7.4937959795	6.867182696	0.1242458443108837	0.0	0.0	0.0	False
Vangl2	mmu-miR-122-5p	0.0802069813013076	0.0037656330965282	0.0657888129353523	0.0891676992177963	0.0144181683659553	1	0.2152	0.2951231946154012	146.0	-24.23	0.24635339125	0.1246360931999999	0.6246550496857602	0.0	0.0	0.0	False
Vav3	mmu-miR-122-5p	0.1060496374964714	0.009149412036344	0.0653146654367446	0.1122967228293418	0.0407349720597267	1	0.5634	0.3424183114262437	165.0	-20.52	0.3963859072499999	0.2599487057999999	0.4636708257992407	0.0	0.0	0.0	False
Vdr	mmu-miR-122-5p	0.0723868355154991	0.0034651533250863	0.070251353085041	0.0787893682718277	0.002135482430458	1	0.0	0.0	144.0	-24.9	0.0336277835	0.0058304326	0.3364654514466219	0.0	0.0	0.0	False
Vegfb	mmu-miR-122-5p	0.1232591032981872	0.009727664547443	0.0962952151894569	0.1602297574281692	0.0269638881087303	1	1.8092	0.4270113581627543	146.0	-20.45	2.9329939585	2.6466638326000003	0.143062276138545	0.0	0.0	0.0	False
Vmn1r12	mmu-miR-122-5p	0.0587513670325279	0.0	0.0587513670325279	0.0955874621868133	0.0	1	0.0	0.0	147.0	-20.11	0.0	0.0	0.0	0.0	0.0	0.0	False
Vmn1r16	mmu-miR-122-5p	0.0708260610699653	0.0	0.0708260610699653	0.1066116020083427	0.0	1	0.0	0.0	153.0	-21.55	0.0	0.0	0.0	0.0	0.0	0.0	False
Vmn1r18	mmu-miR-122-5p	0.0640540271997451	0.0	0.0640540271997451	0.0737319067120552	0.0	1	0.0	0.0	158.0	-21.27	0.0	0.0	0.0	0.0	0.0	0.0	False
Vmn1r181	mmu-miR-122-5p	0.0801288560032844	0.0	0.0801288560032844	0.1206278130412101	0.0	1	0.0	0.0	158.0	-21.83	0.0	0.0	0.0	0.0	0.0	0.0	False
Vmn1r192	mmu-miR-122-5p	0.081814557313919	0.0	0.081814557313919	0.1215420812368393	0.0	1	0.0	0.0	168.0	-26.68	0.0	0.0	0.0	0.0	0.0	0.0	False
Vmn1r199	mmu-miR-122-5p	0.0575924590229988	0.0	0.0575924590229988	0.1099825203418731	0.0	1	0.0	0.0	156.0	-23.57	0.0	0.0	0.0	0.0	0.0	0.0	False
Vmn1r211	mmu-miR-122-5p	0.0793108269572258	0.0	0.0793108269572258	0.0994028002023696	0.0	1	0.0	0.0	153.0	-21.55	0.0	0.0	0.0	0.0	0.0	0.0	False
Vmn1r216	mmu-miR-122-5p	0.067504733800888	0.0	0.067504733800888	0.0798431560397148	0.0	1	0.0	0.0	155.0	-22.95	0.0	0.0	0.0	0.0	0.0	0.0	False
Vmn1r217	mmu-miR-122-5p	0.0653981044888496	0.0	0.0653981044888496	0.0762436464428901	0.0	1	0.0	0.0	140.0	-20.26	0.0	0.0	0.0	0.0	0.0	0.0	False
Vmn1r230	mmu-miR-122-5p	0.0729997307062149	0.0	0.0729997307062149	0.089475966989994	0.0	1	0.0	0.0	143.0	-21.35	0.0	0.0	0.0	0.0	0.0	0.0	False
Vmn1r33	mmu-miR-122-5p	0.1395449191331863	0.0	0.1395449191331863	0.1475225538015365	0.0	1	0.0	0.0	164.0	-26.7	0.0	0.0	0.0	0.0	0.0	0.0	False
Vmn1r38	mmu-miR-122-5p	0.0805650204420089	0.0	0.0805650204420089	0.114616721868515	0.0	1	0.0	0.0	164.0	-26.7	0.0	0.0	0.0	0.0	0.0	0.0	False
Vmn1r39	mmu-miR-122-5p	0.1032186150550842	0.0	0.1032186150550842	0.1561455726623535	0.0	1	0.0	0.0	144.0	-25.05	0.0	0.0	0.0	0.0	0.0	0.0	False
Vmn1r43	mmu-miR-122-5p	0.0572223775088787	0.0	0.0572223775088787	0.0715373679995536	0.0	1	0.0	0.0	146.0	-23.42	0.0	0.0	0.0	0.0	0.0	0.0	False
Vmn1r46	mmu-miR-122-5p	0.0675567761063575	0.0	0.0675567761063575	0.0789155885577201	0.0	2	0.0	0.0	160.0	-20.77	0.0	0.0	0.0	0.0	0.0	0.0	False
Vmn1r55	mmu-miR-122-5p	0.0653561875224113	0.0	0.0653561875224113	0.0802558287978172	0.0	1	0.0	0.0	155.0	-20.12	0.0	0.0	0.0	0.0	0.0	0.0	False
Vmn1r6	mmu-miR-122-5p	0.0624578408896923	0.0	0.0624578408896923	0.0759606659412384	0.0	1	0.0	0.0	146.0	-20.48	0.0	0.0	0.0	0.0	0.0	0.0	False
Vmn1r79	mmu-miR-122-5p	0.0627753064036369	0.0	0.0627753064036369	0.0839033126831054	0.0	1	0.0	0.0	140.0	-20.17	0.0	0.0	0.0	0.0	0.0	0.0	False
Vmn1r80	mmu-miR-122-5p	0.0734803378582	0.0	0.0734803378582	0.0824620872735977	0.0	1	0.0	0.0	144.0	-23.31	0.0	0.0	0.0	0.0	0.0	0.0	False
Vmn2r102	mmu-miR-122-5p	0.050648994743824	0.0	0.050648994743824	0.0771322026848793	0.0	1	0.0	0.0	150.0	-21.38	0.0	0.0	0.0	0.0	0.0	0.0	False
Vmn2r11	mmu-miR-122-5p	0.0849811509251594	0.0	0.0849811509251594	0.128371313214302	0.0	1	0.0	0.0	154.0	-21.32	0.0	0.0	0.0	0.0	0.0	0.0	False
Vmn2r110	mmu-miR-122-5p	0.0724585741758346	0.0062569993312265	0.0674012005329132	0.0789991617202758	0.0050573736429214	1	0.0616	0.137741787413987	151.0	-24.59	0.0	0.0	0.0	0.0	0.0	0.0	False
Vmn2r113	mmu-miR-122-5p	0.0734293907880783	0.0	0.0734293907880783	0.0772914364933967	0.0	1	0.0	0.0	140.0	-20.61	0.0	0.0	0.0	0.0	0.0	0.0	False
Vmn2r121	mmu-miR-122-5p	0.0815814137458801	0.0	0.0815814137458801	0.1273650228977203	0.0	1	0.0	0.0	140.0	-20.67	0.0	0.0	0.0	0.0	0.0	0.0	False
Vmn2r17	mmu-miR-122-5p	0.0671758353710174	0.0	0.0671758353710174	0.1126751750707626	0.0	1	0.0	0.0	140.0	-22.49	0.0	0.0	0.0	0.0	0.0	0.0	False
Vmn2r24	mmu-miR-122-5p	0.0640543475747108	0.0	0.0640543475747108	0.0799698755145073	0.0	4	0.0	0.0	158.0	-22.8	0.0	0.0	0.0	0.0	0.0	0.0	False
Vmn2r28	mmu-miR-122-5p	0.0851682126522064	0.0	0.0851682126522064	0.116598904132843	0.0	1	0.0	0.0	149.0	-21.1	0.0049212915	0.0084866823999999	-0.0482104800042149	0.0	0.0	0.0	False
Vmn2r4	mmu-miR-122-5p	0.0673537254333496	0.0	0.0673537254333496	0.0987835675477981	0.0	1	0.0	0.0	143.0	-26.17	0.00507856725	0.0	0.0714684345201195	0.0	0.0	0.0	False
Vmn2r51	mmu-miR-122-5p	0.0782257884740829	0.011804027041145	0.0691374391317367	0.1233401373028755	0.0090883493423461	1	0.038	0.084970583144992	159.0	-24.24	0.0049212915	0.0304618134	-0.3143201157362381	0.0	0.0	0.0	False
Vmn2r52	mmu-miR-122-5p	0.0773363307118415	0.0044591224101926	0.0741469040513038	0.1005461439490318	0.0031894266605377	1	0.1112	0.2486507590979766	160.0	-22.41	0.0	0.0	0.0	0.0	0.0	0.0	False
Vmn2r53	mmu-miR-122-5p	0.0662134826183319	0.0029051249692296	0.064914271235466	0.0849753245711326	0.0012992113828659	1	0.0	0.0	155.0	-23.09	0.0	0.0	0.0	0.0	0.0	0.0	False
Vmn2r65	mmu-miR-122-5p	0.0726526156067848	0.0	0.0726526156067848	0.1022704616189003	0.0	2	0.0	0.0	147.0	-21.37	0.0	0.0	0.0	0.0	0.0	0.0	False
Vmn2r69	mmu-miR-122-5p	0.0550550557672977	0.0	0.0550550557672977	0.0841462388634681	0.0	1	0.0	0.0	148.0	-25.68	0.0	0.0	0.0	0.0	0.0	0.0	False
Vmn2r72	mmu-miR-122-5p	0.102042868733406	0.0	0.102042868733406	0.1342323720455169	0.0	1	0.0	0.0	141.0	-20.36	0.0	0.0	0.0	0.0	0.0	0.0	False
Vmn2r77	mmu-miR-122-5p	0.0521170906722545	0.0	0.0521170906722545	0.0906937718391418	0.0	1	0.0	0.0	144.0	-20.09	0.0	0.0	0.0	0.0	0.0	0.0	False
Vmn2r82	mmu-miR-122-5p	0.0811530128121376	0.0	0.0811530128121376	0.1247700676321983	0.0	1	0.0	0.0	148.0	-21.89	0.0	0.0	0.0	0.0	0.0	0.0	False
Vmn2r85	mmu-miR-122-5p	0.0911539554595947	0.0007610835956031	0.0815780609846115	0.1271937191486358	0.0095758944749832	1	0.0	0.0	148.0	-21.39	0.0	0.0	0.0	0.0	0.0	0.0	False
Vmn2r9	mmu-miR-122-5p	0.0724518224596977	0.0	0.0724518224596977	0.083893321454525	0.0	1	0.0	0.0	146.0	-25.17	0.0	0.0	0.0	0.0	0.0	0.0	False
Vrk1	mmu-miR-122-5p	0.0924165904521942	0.0064857451057225	0.0577982738614082	0.102232277393341	0.0346183165907859	1	0.4394	0.5040751928036133	140.0	-20.17	1.4933719105	1.2304148122	0.2602069109315519	0.0	0.0	0.0	False
Vrk2	mmu-miR-122-5p	0.1144079580903053	0.0121577058592563	0.0837117731571197	0.1088705062866211	0.0306961849331855	1	0.237	0.381820638520235	152.0	-20.27	3.795742663750001	4.276524934399999	-0.1678874077194469	0.0	0.0	0.0	False
Vsx1	mmu-miR-122-5p	0.0752656757831573	0.0	0.0752656757831573	0.1001865044236183	0.0	1	0.0	0.0	151.0	-22.24	0.0	0.0	0.0	0.0	0.0	0.0	False
Vti1a	mmu-miR-122-5p	0.0708891794085502	0.0013045307140529	0.0618399269878864	0.0838840529322624	0.0090492524206638	2	2.0416	0.4832652480781128	155.0	-23.07	4.632155876250001	3.5145973828000003	0.3886626371062878	1.0	2.243742993	2.243742993	True
Wbp2	mmu-miR-122-5p	0.1015282437205314	0.00174964958964	0.0523763224482536	0.0853925570845604	0.0491519212722778	1	4.985999999999999	0.4620243500076592	147.0	-21.86	38.42394007	32.569277182	0.2378207285881175	1.0	-1.103720194	-1.103720194	True
Wdr45b	mmu-miR-122-5p	0.1317022174596786	0.0039143190502175	0.0989443436264991	0.1209844797849655	0.0327578738331794	1	3.5246000000000004	0.7166528448279542	147.0	-21.11	25.436469445	16.813965044	0.5943441763010421	1.0	4.642660827	4.642660827	True
Wdr59	mmu-miR-122-5p	0.1188306704163551	0.0043276702870993	0.0903964564204216	0.1028280556201934	0.0284342139959335	1	1.3364	0.5486609153202003	150.0	-22.92	2.2801853692500003	2.0705443296	0.1330170478155752	0.0	0.0	0.0	False
Wfdc1	mmu-miR-122-5p	0.106940259039402	0.0013196183566414	0.086935706436634	0.1092626973986625	0.0200045526027679	1	2.1054000000000004	0.6427459062491181	167.0	-26.13	5.87633377075	2.9248526536	0.9823958554427508	1.0	3.584779911	3.584779911	True
Wiz	mmu-miR-122-5p	4.0810308785249636e-24	9.124339657912456e-24	0.0	0.0026004656683653	4.0810308785249636e-24	2	1.0994	0.5848536569091451	156.0	-23.52	1.39635762875	0.8397385037999999	0.6711237534346974	2.0	6.445376855	4.7947920875	True
Wnt7a	mmu-miR-122-5p	0.0788921102881431	0.005281438135879	0.0736311748623848	0.1038929298520088	0.0052609354257583	1	0.0	0.0	158.0	-23.19	0.3856728925	0.0119479062	2.117157420348909	0.0	0.0	0.0	False
Wnt7b	mmu-miR-122-5p	0.0680736511945724	0.0034003136644313	0.0655916556715965	0.0925819426774978	0.0024819955229759	1	0.0	0.0	147.0	-23.11	0.0641890965	0.021094825	0.4392211109103916	0.0	0.0	0.0	False
Wnt8b	mmu-miR-122-5p	0.0833764523267746	0.0	0.0833764523267746	0.0826943963766098	0.0	1	0.0	0.0	145.0	-22.6	0.0	0.0	0.0	0.0	0.0	0.0	False
Wwox	mmu-miR-122-5p	0.1204859644174575	0.0052110298003812	0.080538123846054	0.1293780207633972	0.0399478405714035	1	1.6306	0.8473935331355792	151.0	-21.78	2.19461101025	2.4517239366	-0.1532226525535871	0.0	0.0	0.0	False
Yipf4	mmu-miR-122-5p	0.093422120809555	0.0034328150543916	0.0717350766062736	0.1047728881239891	0.0216870442032814	1	0.2876	0.4093535147033673	148.0	-22.16	30.642032965	31.235358678	-0.0275789335872026	0.0	0.0	0.0	False
Ylpm1	mmu-miR-122-5p	0.0890160843729972	0.0070589614506131	0.0699601173400878	0.0884438678622245	0.0190559670329093	1	0.071	0.158760826402485	142.0	-21.14	1.3201350660000002	1.48092762	-0.1547431700584512	0.0	0.0	0.0	False
Yod1	mmu-miR-122-5p	0.0900723651051521	0.0029101432859434	0.0704882964491844	0.1114840134978294	0.0195840686559677	1	2.3446	0.6352328706860186	140.0	-20.86	2.8859279595	3.5166554250000006	-0.2764767940428441	0.0	0.0	0.0	False
Zbed6	mmu-miR-122-5p	0.0622412540018558	0.0041741732043928	0.062662772834301	0.0727766305208206	-0.0004215188324451	1	3.4674000000000005	0.9778636408007	141.0	-20.5	1.072037928125	1.3269330862	-0.2838984261370765	0.0	0.0	0.0	False
Zbtb1	mmu-miR-122-5p	0.0864973872900009	0.0064954594516729	0.0646737962961196	0.0781147852540016	0.0218235909938812	1	0.056	0.1252198067399882	145.0	-22.1	1.3531862135	1.5297209124000002	-0.1654053419854486	0.0	0.0	0.0	False
Zbtb14	mmu-miR-122-5p	0.1062077581882476	0.0070876943273384	0.085533820092678	0.1309311836957931	0.0206739380955696	2	1.1728	0.3113787083279779	155.0	-21.78	1.6671529672499998	2.4647830576	-0.5374098734966972	1.0	1.729169821	1.729169821	True
Zbtb20	mmu-miR-122-5p	0.0732038825750351	0.0008677110556352	0.0600995570421218	0.0695053115487098	0.0131043255329132	1	2.9676	0.3094823096721362	141.0	-23.28	3.371361998	3.5697199556	-0.0801681529709949	2.0	4.126929328	3.4311655510000003	True
Zbtb3	mmu-miR-122-5p	0.0877101674675941	0.0017496189853091	0.0724203139543533	0.1188889592885971	0.0152898535132408	1	0.0	0.0	145.0	-22.1	0.3120508497499999	0.1781415368	0.5670031779242908	0.0	0.0	0.0	False
Zbtb37	mmu-miR-122-5p	0.0835211724042892	0.0112455551710966	0.0481762625277042	0.0796161517500877	0.035344909876585	1	0.144	0.1998449398909064	156.0	-21.1	0.354734536	0.4295965804	-0.2198692292273216	0.0	0.0	0.0	False
Zbtb4	mmu-miR-122-5p	0.0801214098930358	0.0022039968403423	0.0502534620463848	0.0817067399621009	0.029867947846651	1	1.8352	0.8024800309041963	142.0	-25.52	4.36902021875	2.0010592472	1.0888417270405817	3.0	5.763117153	3.2975519406666662	True
Zbtb45	mmu-miR-122-5p	0.0861469328403472	0.0037895868400816	0.0620668120682239	0.0893454700708389	0.0240801207721233	1	0.1268	0.1899663128030862	145.0	-22.1	0.72337408125	0.6265535820000001	0.1804788372955214	0.0	0.0	0.0	False
Zbtb8b	mmu-miR-122-5p	0.0953022614121437	0.0044247806247182	0.0933234393596649	0.1201796680688858	0.0019788220524787	1	0.0	0.0	155.0	-20.17	0.0682834235	0.0292405126	0.3808346953944148	0.0	0.0	0.0	False
Zc3h12d	mmu-miR-122-5p	0.1045260727405548	0.003415247600227	0.0660522133111953	0.1205091923475265	0.0384738594293594	1	0.7436	0.5396427521981556	148.0	-21.15	0.70735142825	0.6708313674	0.0667815138953907	0.0	0.0	0.0	False
Zc3h13	mmu-miR-122-5p	0.0861606568098068	0.0004111001098798	0.0750570297241211	0.1125122457742691	0.0111036270856857	1	2.9392	0.7809031309964124	140.0	-21.35	3.6968146875	3.003938235	0.2906897367934562	1.0	4.306478749	4.306478749	True
Zcchc14	mmu-miR-122-5p	0.0824245139956474	0.0042910612017302	0.0551298558712005	0.0856727957725524	0.0272946581244468	1	2.893	0.884162598168459	156.0	-31.5	3.9593951755	4.3944363934	-0.1468754208700265	2.0	1.275451853	0.7029266865	True
Zcchc2	mmu-miR-122-5p	0.0835572764277458	0.0031023111994271	0.0759067237377166	0.1157188713550567	0.0076505526900291	1	2.8595999999999995	0.9312726775762296	160.0	-27.69	2.17035016575	2.5490364346	-0.2225528588750846	0.0	0.0	0.0	False
Zdbf2	mmu-miR-122-5p	0.0829363793134689	0.0052546387821624	0.0805864334106445	0.0963559225201606	0.0023499459028244	1	0.0	0.0	147.0	-25.05	0.00099529225	0.0031387228	-0.0302980400091799	0.0	0.0	0.0	False
Zdhhc15	mmu-miR-122-5p	0.1078117087483406	0.0049933419390085	0.0921562388539314	0.0863132402300834	0.0156554698944091	1	0.0616	0.137741787413987	146.0	-22.84	0.17062284825	0.0487877994	0.8630274185705361	0.0	0.0	0.0	False
Zdhhc24	mmu-miR-122-5p	0.1008233845233917	0.003243885249785	0.0802962929010391	0.1007945016026496	0.0205270916223525	1	1.5580000000000005	0.7817812993414464	160.0	-20.55	1.68651427175	0.48392563518	1.6132908850520833	2.0	2.694404402	2.6164453305	True
Zdhhc3	mmu-miR-122-5p	0.0750805646181106	0.0031092335595155	0.0614245682954788	0.0701504424214363	0.0136559963226318	1	0.2694	0.2618134832280415	142.0	-24.04	5.12882243725	4.403033152000001	0.2155889802624479	1.0	4.037292116	4.037292116	True
Zfp113	mmu-miR-122-5p	0.0817346259951591	0.0038523014527932	0.0658470839262008	0.0841412022709846	0.0158875420689582	2	0.6376000000000001	0.39311486870888	145.0	-22.1	1.1546869035	1.3641033062	-0.2226899561120572	0.0	0.0	0.0	False
Zfp13	mmu-miR-122-5p	0.0941525384783744	0.005518447716025	0.0783111602067947	0.0967316776514053	0.0158413782715797	1	0.3868	0.3635308790185505	152.0	-21.62	1.122359968	0.5877135724	0.8297894779833989	0.0	0.0	0.0	False
Zfp142	mmu-miR-122-5p	0.0684666693210601	0.002232371256287	0.0612717531621456	0.0715642943978309	0.0071949161589145	1	0.071	0.158760826402485	154.0	-20.44	0.1966614155	0.3713204462	-0.6678909691791072	0.0	0.0	0.0	False
Zfp160	mmu-miR-122-5p	0.1451504915952682	0.0106370040758166	0.0885276421904563	0.1108627021312713	0.0566228494048118	1	2.507	0.3539682189123762	152.0	-20.93	3.1440477925	3.6156329258	-0.1958129082445384	0.0	0.0	0.0	False
Zfp202	mmu-miR-122-5p	0.104066652059555	0.0078241675716948	0.1021883338689804	0.1172232776880264	0.0018783181905746	1	0.8245999999999999	0.3960142674197484	143.0	-20.96	0.3613714655	0.3293420965999999	0.1038011455848077	0.0	0.0	0.0	False
Zfp207	mmu-miR-122-5p	0.0979665875434875	0.0024589687626224	0.0629334673285484	0.087244726717472	0.0350331202149391	1	1.8696	0.8039233794336375	146.0	-25.73	26.7882924175	28.354750282	-0.0816913809342778	0.0	0.0	0.0	False
Zfp248	mmu-miR-122-5p	0.0964763045310974	0.0047904626549892	0.0814947262406349	0.1000914424657821	0.0149815782904624	1	0.0	0.0	147.0	-21.99	0.46651298675	0.1929030698	0.9516857151754248	0.0	0.0	0.0	False
Zfp251	mmu-miR-122-5p	0.1078908711671829	0.0068238591325238	0.0872752219438552	0.105049230158329	0.0206156492233276	1	0.751	0.2200374968045219	150.0	-22.15	1.4506446875	0.6446935737999999	1.0581493339316743	0.0	0.0	0.0	False
Zfp275	mmu-miR-122-5p	0.0850849911570549	0.0023216876309495	0.0635791718959808	0.0847161337733268	0.021505819261074	1	1.7909999999999997	0.6426507605223851	147.0	-22.07	1.0399740585	1.6143723554	-0.5886794970877446	1.0	1.751889897	1.751889897	True
Zfp280b	mmu-miR-122-5p	0.0621830992400646	0.001589783967456	0.0540471188724041	0.0640583336353302	0.0081359803676605	1	0.0	0.0	148.0	-21.15	2.36623956225	2.3857011028	-0.0113398824805653	0.0	0.0	0.0	False
Zfp287	mmu-miR-122-5p	0.1056338131427764	0.0102251782392532	0.0867943689227104	0.0962112843990325	0.018839444220066	2	0.1724	0.2698903481045589	153.0	-23.12	0.06498794625	0.1297974684	-0.4780022770177384	0.0	0.0	0.0	False
Zfp319	mmu-miR-122-5p	0.0690358757972717	0.0032213080843898	0.052539188414812	0.0666765123605728	0.0164966873824596	1	0.357	0.3336847314457166	147.0	-21.02	1.30909333475	0.9647780296	0.4042144668423489	0.0	0.0	0.0	False
Zfp334	mmu-miR-122-5p	0.066664084047079	0.0030576487785398	0.0488893873989582	0.069671593606472	0.0177746966481208	1	0.076	0.1563409735162219	146.0	-22.75	0.48329756025	0.3362489788	0.4190802856534788	0.0	0.0	0.0	False
Zfp354c	mmu-miR-122-5p	0.0993147790431976	0.0103723209137041	0.0772769898176193	0.1160553246736526	0.0220377892255783	1	0.4434	0.4160514391274232	150.0	-21.07	0.33051598725	0.2186715957999999	0.4339963803202029	0.0	0.0	0.0	False
Zfp397	mmu-miR-122-5p	0.0928145438432693	0.005131104231305	0.068156860768795	0.0842811986804008	0.0246576830744743	1	0.3978	0.2258377736340845	145.0	-21.32	5.11179142	6.0511899564	-0.2390861815786516	0.0	0.0	0.0	False
Zfp398	mmu-miR-122-5p	0.0787932649254798	0.0030141344479864	0.0622047930955886	0.0812916234135627	0.0165884718298912	1	0.4236	0.2397265108409998	143.0	-20.52	0.47332972625	0.6413101556	-0.3707121933076174	0.0	0.0	0.0	False
Zfp459	mmu-miR-122-5p	0.0763327777385711	0.0194737653611542	0.0554997324943542	0.1078502088785171	0.0208330452442169	1	0.0945999999999999	0.2115320306714801	143.0	-21.45	0.2252062775	0.2134052931999999	0.0533255600719173	0.0	0.0	0.0	False
Zfp488	mmu-miR-122-5p	0.067877559363842	0.0040862036188609	0.0649377554655075	0.0897670909762382	0.0029398038983345	1	0.2222	0.3042847350755538	141.0	-21.61	8.476641112	9.9218978462	-0.2246710797266985	0.0	0.0	0.0	False
Zfp507	mmu-miR-122-5p	0.0885836020112037	0.0014103947977126	0.0655290782451629	0.0833090096712112	0.0230545237660408	1	1.2428	0.5456085593170253	152.0	-21.05	2.45898113875	2.5145309884	-0.0309826557726101	2.0	3.178154652	2.8696275646666667	True
Zfp568	mmu-miR-122-5p	0.09229786247015	0.0020596342025927	0.0604573860764503	0.084090307354927	0.0318404763936996	1	2.2338	0.5794701890520341	168.0	-25.33	3.31230351625	2.4593813256	0.4149508642136396	1.0	3.116462329	3.116462329	True
Zfp592	mmu-miR-122-5p	0.0834368273615837	0.0014927392928213	0.055496510118246	0.0784962996840477	0.0279403172433376	1	2.2182000000000004	0.8463372259330203	141.0	-21.63	2.9752719645	3.1429754932	-0.0766041193967441	1.0	4.037292116	4.037292116	True
Zfp597	mmu-miR-122-5p	0.0971255153417587	0.0024399501528822	0.066798634827137	0.0928112119436264	0.0303268805146217	1	1.6944	0.7541808801607212	144.0	-23.74	1.50138182625	2.244597767	-0.5500231004583492	0.0	0.0	0.0	False
Zfp626	mmu-miR-122-5p	0.1061549797654151	0.0094377520748969	0.0757920369505882	0.092686228454113	0.0303629428148269	1	0.9416	0.2112150562815066	145.0	-21.1	1.2620225305	1.3512779636	-0.0915732970531802	0.0	0.0	0.0	False
Zfp691	mmu-miR-122-5p	0.1128732293844223	0.0070388543477618	0.0636330991983413	0.121375672519207	0.0492401301860809	1	0.5276	0.5301993021496727	142.0	-20.68	1.6794286307500002	1.8467000558	-0.1296165427531261	0.0	0.0	0.0	False
Zfp697	mmu-miR-122-5p	0.0961329564452171	0.0045927693684958	0.0691812112927436	0.0898811891674995	0.0269517451524734	1	0.095	0.21242645786248	172.0	-22.57	0.26445997	0.2206151263999999	0.1849178742150264	1.0	3.921814899	3.921814899	True
Zfp704	mmu-miR-122-5p	0.0732751458883285	0.0014766976854322	0.0603651329874992	0.0775617137551307	0.0129100129008293	2	0.9944	0.4294173960146467	159.0	-23.78	2.084036339	0.962474478	1.039568674399494	4.0	4.729169821	2.456038949	True
Zfp706	mmu-miR-122-5p	0.0914686784148216	0.0026879742032846	0.0666492581367492	0.0916963517665863	0.0248194202780723	1	0.0	0.0	147.0	-20.36	37.144915727500006	32.89770834	0.1746776637863145	0.0	0.0	0.0	False
Zfp747	mmu-miR-122-5p	0.1276973411440849	0.0088588954157479	0.0690050199627876	0.1179091855883598	0.0586923211812973	1	1.1488	0.3559504178955265	149.0	-21.16	1.89863652	1.8250649628	0.05410899018566	1.0	5.622254617	5.622254617	True
Zfp764	mmu-miR-122-5p	0.1235656201839447	0.0115628716060504	0.1111018061637878	0.1260330379009246	0.0124638140201568	2	0.8962	0.4524430350883964	149.0	-21.94	0.9113544215	0.5214605596	0.702553927369832	2.0	4.466135415	4.354939204	True
Zfp78	mmu-miR-122-5p	0.1015894576907157	0.0094489139461531	0.0690538138151168	0.0991376563906669	0.0325356438755989	1	0.0	0.0	162.0	-24.53	0.261317213	0.2738817684	-0.0493161369679004	0.0	0.0	0.0	False
Zfp791	mmu-miR-122-5p	0.098864933848381	0.0048343968755897	0.065458558499813	0.1040156707167625	0.0334063753485679	1	0.2493999999999999	0.3731002546233385	145.0	-22.04	1.9937248945	1.2849271733999998	0.5962617775127947	0.0	0.0	0.0	False
Zfp799	mmu-miR-122-5p	0.1089295089244842	0.0050564762581556	0.0732261911034584	0.0949637442827224	0.0357033178210258	1	1.0033999999999998	0.316016297048111	150.0	-21.49	1.08370569125	1.3648815134	-0.3074735539101516	0.0	0.0	0.0	False
Zfp82	mmu-miR-122-5p	0.0871707379817962	0.0030172436628246	0.0849365517497062	0.1075406223535537	0.0022341862320899	1	0.0	0.0	144.0	-20.6	0.05624945	0.1551655902	-0.7075826792422439	0.0	0.0	0.0	False
Zfp846	mmu-miR-122-5p	0.0831061199307441	0.0053487589782237	0.0664689689874649	0.0805908814072609	0.0166371509432792	1	0.1136	0.1567204517604515	154.0	-22.46	1.12717230375	0.9666335378	0.2022732318812125	0.0	0.0	0.0	False
Zfp865	mmu-miR-122-5p	0.0788843095302581	0.0082619893356533	0.057476669549942	0.0750453248620033	0.0214076399803161	1	1.8368	0.7009491422350128	160.0	-24.8	1.24864004075	0.981317794	0.3187147502390562	2.0	4.658780493	3.2595974235	True
Zfp871	mmu-miR-122-5p	0.0905885189771652	0.0015993864341468	0.0695519298315048	0.0897593274712562	0.0210365891456603	1	4.425600000000001	0.6374114056086541	145.0	-22.15	3.2349318049999995	5.371455790000001	-0.7142674814170575	0.0	0.0	0.0	False
Zfp9	mmu-miR-122-5p	0.0966508999466896	0.0095871496683194	0.0816273540258407	0.1068847104907035	0.0150235459208488	1	0.5862	0.5218018781108401	144.0	-22.64	0.6887281757500001	0.5981993912	0.1758890820942305	1.0	2.506777399	2.506777399	True
Zfp955b	mmu-miR-122-5p	0.0807806268334388	0.0018766515103251	0.0605680048465728	0.0957414731383323	0.0202126219868659	2	0.5138	0.3079767848393771	147.0	-22.54	3.3562352430000004	6.9156664026	-1.021378733235943	0.0	0.0	0.0	False
Zfyve16	mmu-miR-122-5p	0.1723228842020034	0.0166505450815121	0.1044716089963913	0.1711213737726211	0.0678512752056121	1	1.0446	0.6596546823907188	143.0	-21.11	1.7930145669999995	1.3861867886	0.3490700631221343	0.0	0.0	0.0	False
Zkscan17	mmu-miR-122-5p	0.0888666942715644	0.0033061440713407	0.0725582093000412	0.092600829899311	0.0163084849715232	1	3.0174	1.24239236958378	143.0	-21.4	3.864182571	4.5492148344	-0.2299636849471488	0.0	0.0	0.0	False
Zkscan8	mmu-miR-122-5p	0.0776936635375022	0.004220119394732	0.0686768814921379	0.0767839550971984	0.0090167820453643	1	1.5341999999999998	0.3022733861920365	161.0	-20.69	1.9868176475	2.2599002924	-0.1774213669949016	1.0	2.308838022	2.308838022	True
Zmynd8	mmu-miR-122-5p	0.0795947849750518	0.0114259441403965	0.0656371936202049	0.0895511358976364	0.0139575913548469	1	2.893	0.5296045694666918	140.0	-20.51	2.51411270625	1.6333988404	0.5927176989878893	0.0	0.0	0.0	False
Zpr1	mmu-miR-122-5p	0.1090292423963546	0.0025555412812173	0.0742145776748657	0.1230804100632667	0.0348146647214889	1	1.9894	0.8814067165616564	145.0	-20.96	7.8804492325	6.9682876578	0.175109206007184	0.0	0.0	0.0	False
Zscan21	mmu-miR-122-5p	0.0890188157558441	0.0026894400993087	0.0647670701146125	0.1020182222127914	0.0242517456412315	1	3.3942	0.6131253542302748	147.0	-21.78	3.785015011750001	3.721331226	0.0238448599544989	1.0	5.506777399	5.506777399	True
Zscan22	mmu-miR-122-5p	0.074311451613903	0.0019318195219895	0.0615433491766452	0.0779178738594055	0.0127681024372577	1	0.0	0.0	144.0	-21.02	0.83639448225	0.8333352846000001	0.0047209958309444	1.0	2.436388071	2.436388071	True
Zscan25	mmu-miR-122-5p	0.1036150261759758	0.0079537826666695	0.0853704586625099	0.1065248697996139	0.0182445675134658	1	1.4828	0.8721081928293072	157.0	-25.08	2.2841098	1.6746897099999998	0.4258838773209975	0.0	0.0	0.0	False
Zyg11a	mmu-miR-122-5p	0.0618484623730182	0.0009691415695088	0.0569656752049922	0.0628088116645813	0.0048827871680259	1	1.872	0.722387707536611	151.0	-22.26	1.01388757625	1.1772590772	-0.1974475586804635	0.0	0.0	0.0	False
Zyg11b	mmu-miR-122-5p	0.0710486516356468	0.0006198147093181	0.0598689429461956	0.086144357919693	0.0111797086894512	1	3.4885999999999995	0.2790435449889497	179.0	-26.8	7.86986392275	9.0923150694	-0.2058731557553073	1.0	0.719322035	0.719322035	True
Zyx	mmu-miR-122-5p	0.1009840831160545	0.0029114626971651	0.0766875222325325	0.0857354179024696	0.024296560883522	1	4.106800000000001	0.4400189768634986	150.0	-22.94	16.705315345	7.0467013608	1.2335682057437296	0.0	0.0	0.0	False
